amount,amount_to_avg_ratio,hour,late_night,is_online,distance_from_home_km,txns_last_hour,merchant_category,account_age_days,prior_disputes,is_fraud
6.49,0.384,10,0,1,33.8,2,dining,3489,0,0
40.76,0.812,3,1,1,23.3,0,cash_advance,2081,0,0
25.77,0.867,13,0,1,31.5,2,grocery,917,0,0
25.62,1.339,7,0,0,28.7,1,grocery,1225,0,0
82.98,1.905,1,1,0,43.6,1,gas,1903,0,0
66.48,2.755,5,1,1,8.4,2,gas,3586,0,0
6.86,0.267,3,1,1,9.2,0,electronics,3599,1,0
72.48,1.105,21,0,1,37.4,1,dining,2834,0,0
22.33,0.32,14,0,1,17.3,0,gas,2922,1,0
9.77,0.299,9,0,0,9.5,0,electronics,3583,1,0
11.73,0.503,18,0,0,1.2,0,gas,2478,0,0
20.4,0.411,17,0,1,3.3,1,dining,2343,0,0
76.7,2.283,12,0,1,57.7,0,grocery,902,1,0
22.09,1.056,22,0,0,0.2,0,dining,364,0,0
66.95,1.432,8,0,0,36.4,1,grocery,475,0,0
17.21,0.668,9,0,1,86.0,1,dining,2809,0,0
42.03,1.113,20,0,0,2.4,0,dining,1975,1,0
120.17,2.858,1,1,0,18.1,0,online_retail,1106,0,0
59.26,1.232,19,0,1,67.2,2,online_retail,1872,0,0
33.11,1.014,5,1,1,30.6,0,online_retail,2878,0,0
24.98,0.665,18,0,1,27.0,0,grocery,2466,0,0
19.16,0.835,6,0,0,7.8,0,gas,200,0,0
34.72,0.398,1,1,1,57.1,0,travel,3140,0,0
88.44,4.838,6,0,0,6.0,8,cash_advance,1951,0,1
39.11,1.22,11,0,1,42.9,0,grocery,586,0,0
70.7,3.517,15,0,0,3.9,0,grocery,1298,0,0
12.39,0.43,2,1,1,77.5,1,cash_advance,3416,1,0
33.97,1.242,18,0,0,14.2,2,gas,1617,0,0
222.05,5.232,18,0,1,14.6,4,gas,2721,0,0
7.83,0.204,12,0,0,2.0,0,grocery,2121,0,0
28.49,1.078,2,1,1,34.1,2,travel,3082,1,0
46.25,1.217,8,0,0,9.7,0,cash_advance,2929,0,0
15.44,0.526,8,0,1,51.8,0,dining,891,0,0
68.43,0.983,21,0,0,5.4,8,gas,2321,0,0
31.12,0.701,17,0,0,1.2,2,online_retail,253,0,0
6.82,0.177,8,0,1,38.1,0,gas,1644,0,0
9.37,0.202,23,1,0,15.8,1,cash_advance,3463,0,0
30.34,1.791,3,1,0,8.1,0,travel,1167,0,0
46.81,3.094,21,0,1,66.6,0,gambling,1794,0,0
36.95,1.503,18,0,0,7.1,1,travel,3323,0,0
5.99,0.222,13,0,1,40.4,0,online_retail,521,1,0
69.24,1.768,0,1,0,31.8,0,travel,153,1,0
12.04,0.353,3,1,0,23.7,0,travel,1933,0,0
7.31,0.175,1,1,0,5.2,1,gambling,1956,0,0
26.94,0.788,9,0,0,21.3,2,gas,705,0,0
11.29,0.307,20,0,1,92.9,1,online_retail,3053,1,0
35.88,0.744,2,1,1,84.5,0,online_retail,123,0,0
33.46,1.32,13,0,1,68.5,1,online_retail,2107,0,0
85.95,0.671,8,0,0,11.9,1,online_retail,1614,0,0
54.1,2.491,13,0,1,44.8,0,dining,3424,0,0
12.4,0.449,14,0,1,50.9,1,cash_advance,1867,1,0
46.07,1.103,0,1,0,11.2,0,gambling,2160,0,0
26.05,0.759,2,1,0,14.0,0,gas,1075,0,0
31.71,0.664,20,0,1,39.2,0,gas,213,0,0
8.7,0.378,3,1,0,4.0,1,gas,165,1,0
12.21,0.312,6,0,1,14.1,3,travel,3151,0,0
14.18,0.303,22,0,1,78.3,0,dining,2507,0,0
265.31,14.561,11,0,0,8.5,0,grocery,2747,0,1
25.18,0.567,2,1,1,102.5,2,dining,2838,0,0
56.8,3.285,3,1,0,21.6,0,online_retail,1802,0,0
507.35,9.33,15,0,1,76.5,3,gas,1285,0,1
195.17,7.0,13,0,1,55.9,0,dining,1168,0,0
14.98,0.806,1,1,1,70.4,0,dining,3067,0,0
46.09,1.709,5,1,0,20.1,2,electronics,2345,0,0
185.82,2.211,4,1,1,13.3,0,grocery,209,0,0
142.73,11.994,7,0,0,5.4,0,electronics,802,0,1
38.02,1.257,4,1,0,3.9,0,online_retail,3533,0,0
343.16,10.53,4,1,0,24.6,0,grocery,337,0,1
31.96,0.75,3,1,0,7.8,1,cash_advance,2035,0,0
172.46,8.021,2,1,0,10.3,0,online_retail,2698,0,1
29.96,0.448,20,0,1,14.9,1,electronics,3553,1,0
27.23,0.322,4,1,1,63.5,1,dining,475,0,0
21.17,0.785,11,0,1,28.9,1,dining,2759,1,0
67.16,2.953,23,1,0,5.7,0,online_retail,2580,0,0
8.55,0.129,17,0,1,71.6,0,dining,2362,0,0
37.57,1.495,17,0,0,27.4,1,online_retail,721,0,0
58.97,1.037,1,1,0,17.5,0,online_retail,1161,0,0
24.89,1.737,23,1,1,87.6,3,travel,3133,0,0
86.21,2.298,19,0,1,35.1,1,dining,537,0,0
21.03,0.482,4,1,0,7.3,0,cash_advance,3059,0,0
33.47,0.804,18,0,1,98.1,0,online_retail,2146,0,0
39.08,0.594,13,0,1,43.1,1,online_retail,1683,0,0
16.12,0.46,10,0,1,32.6,0,online_retail,3540,0,0
101.91,2.32,4,1,1,61.2,0,dining,711,1,0
22.51,0.666,20,0,0,6.1,0,gas,461,0,0
479.38,21.287,9,0,1,86.6,1,grocery,2585,0,1
36.95,1.313,20,0,1,70.8,0,online_retail,1130,0,0
10.82,0.312,14,0,1,41.1,1,online_retail,1731,0,0
24.67,0.874,20,0,0,7.1,1,gas,1767,0,0
34.01,0.809,22,0,0,0.6,1,grocery,2003,0,0
29.84,0.524,16,0,1,88.7,0,gambling,1828,1,0
9.8,0.221,21,0,0,11.0,1,travel,1353,0,0
49.64,0.866,20,0,0,18.7,1,grocery,1798,0,0
48.27,1.703,22,0,1,87.7,1,grocery,2704,0,0
15.03,0.585,9,0,0,3.4,0,electronics,1145,0,0
12.09,0.449,16,0,0,8.8,1,cash_advance,3277,0,0
75.66,1.328,13,0,1,58.0,1,grocery,2556,0,0
35.3,1.186,3,1,1,24.3,0,grocery,1147,0,0
41.92,0.956,9,0,0,8.2,0,grocery,678,0,0
75.34,3.391,19,0,1,26.2,1,dining,1038,0,0
11.99,0.26,21,0,0,32.7,2,online_retail,720,0,0
55.56,1.49,0,1,0,13.0,8,online_retail,1226,0,0
42.71,1.549,8,0,1,46.1,0,grocery,3248,0,0
26.56,1.686,16,0,0,15.7,0,online_retail,1910,1,0
26.38,0.906,4,1,1,51.2,1,online_retail,3191,0,0
53.05,2.235,7,0,1,52.7,0,grocery,3179,0,0
101.96,3.994,19,0,0,9.5,0,grocery,2791,1,0
144.44,4.483,15,0,1,13.6,0,cash_advance,1336,0,1
90.38,1.299,16,0,1,49.2,2,electronics,3535,1,0
21.3,0.64,8,0,0,16.4,0,grocery,1672,0,0
101.02,2.987,7,0,0,3.5,1,online_retail,2996,0,0
72.52,3.987,15,0,0,8.4,1,online_retail,499,0,0
26.33,0.513,7,0,1,17.5,2,cash_advance,583,0,0
62.17,2.9,8,0,0,5.6,1,cash_advance,2350,0,0
47.2,0.911,19,0,0,2.5,1,dining,1396,0,0
66.09,3.04,7,0,1,7.5,0,dining,859,0,0
141.78,5.449,3,1,1,37.9,4,dining,258,0,1
6.61,0.1,22,0,0,17.4,1,cash_advance,2843,1,0
251.74,6.179,20,0,1,62.9,0,gambling,3285,0,0
60.35,2.995,6,0,1,33.2,5,online_retail,1111,0,0
61.88,0.566,6,0,0,17.8,1,gas,832,1,0
14.91,0.541,19,0,1,54.5,3,gas,1629,0,0
14.62,0.549,3,1,0,14.9,1,gambling,1025,0,0
26.0,0.845,13,0,1,92.9,0,cash_advance,1156,1,0
94.54,2.934,6,0,1,30.1,1,online_retail,2853,0,0
7.04,0.232,20,0,0,1.2,0,grocery,1174,0,0
35.55,1.61,17,0,1,51.4,1,gas,561,0,0
78.88,2.851,3,1,0,8.4,1,grocery,3136,0,0
3.95,0.103,4,1,1,57.0,1,electronics,2200,0,0
64.99,2.212,17,0,1,100.2,0,online_retail,3037,1,0
20.02,1.143,20,0,1,74.2,2,grocery,286,0,0
41.14,1.175,23,1,1,25.2,0,gas,2004,0,0
7.48,0.206,4,1,0,14.2,1,grocery,2181,1,0
43.99,2.767,19,0,1,10.7,0,gas,78,0,0
31.17,2.002,6,0,0,8.2,0,travel,1432,0,0
46.99,1.434,8,0,1,49.5,0,electronics,1270,0,0
28.13,0.909,23,1,1,24.2,1,cash_advance,2664,0,0
19.71,0.509,1,1,1,49.9,0,gas,1809,1,0
23.49,0.679,20,0,1,65.7,0,grocery,46,0,0
10.29,0.313,3,1,1,25.2,0,cash_advance,2110,0,0
31.68,0.599,9,0,1,80.0,0,gambling,3250,0,0
75.14,1.396,16,0,1,53.5,0,grocery,2664,0,0
13.18,0.361,22,0,0,2.4,1,online_retail,1813,0,0
29.06,1.752,8,0,1,71.4,1,cash_advance,2628,0,0
44.47,1.962,5,1,1,21.6,0,dining,1647,0,0
13.65,0.406,6,0,1,44.2,0,online_retail,1618,0,0
107.07,2.023,8,0,0,3.5,1,gambling,860,1,0
27.37,2.229,10,0,0,9.6,0,gas,1092,0,0
18.08,0.466,16,0,0,25.3,0,gambling,1792,0,0
14.73,0.531,19,0,0,0.2,0,dining,2333,0,0
10.19,0.186,17,0,0,0.0,0,gas,1284,0,0
35.35,1.055,13,0,0,7.4,1,online_retail,1830,0,0
26.01,2.008,8,0,0,5.9,1,travel,2958,0,0
29.55,1.142,17,0,1,61.3,4,gas,966,0,0
9.12,0.225,12,0,1,60.8,0,gambling,29,0,0
11.38,0.257,11,0,1,67.0,1,travel,883,1,0
5.32,0.236,11,0,0,5.2,1,cash_advance,2416,0,0
163.9,4.777,6,0,1,35.1,1,electronics,1749,0,0
12.72,0.325,1,1,1,86.8,0,dining,161,0,0
7.29,0.17,4,1,1,31.3,0,dining,811,0,0
59.59,2.363,3,1,1,9.9,1,dining,1389,0,0
19.23,0.464,4,1,0,10.8,1,online_retail,987,0,0
115.46,2.052,14,0,0,18.1,2,dining,1920,0,0
20.35,0.442,8,0,1,10.6,0,online_retail,1403,0,0
24.38,0.704,14,0,1,41.3,0,gas,1774,1,0
54.01,1.594,3,1,1,9.3,0,gas,880,0,0
34.28,0.792,0,1,1,71.5,0,grocery,2841,0,0
72.29,3.202,11,0,0,26.8,0,online_retail,2265,0,0
13.11,0.751,16,0,0,5.6,2,dining,2464,0,0
47.85,1.764,6,0,1,48.6,1,travel,3450,0,0
13.15,0.334,20,0,1,24.8,3,dining,1902,0,0
42.21,1.431,4,1,1,44.0,2,grocery,2839,0,0
12.5,0.454,21,0,0,16.9,5,grocery,1976,1,0
36.28,1.343,4,1,1,35.9,2,dining,965,0,0
271.87,5.322,23,1,1,98.0,1,grocery,2578,0,1
90.16,3.212,0,1,1,18.4,1,travel,3553,0,0
17.22,0.578,4,1,0,0.1,1,dining,1874,0,0
42.44,2.44,11,0,0,1.8,0,online_retail,2789,0,0
18.83,0.489,9,0,0,27.1,0,travel,194,0,0
90.82,1.504,21,0,0,0.9,1,grocery,184,0,0
251.01,5.59,8,0,0,2.4,0,grocery,677,0,0
116.04,4.736,10,0,0,3.2,0,grocery,1177,0,0
78.76,3.217,17,0,0,23.5,1,cash_advance,2784,0,0
21.5,0.583,0,1,1,53.3,0,cash_advance,2197,0,0
66.24,3.818,19,0,0,30.0,0,dining,1101,0,0
24.61,0.614,5,1,1,42.6,1,grocery,1320,1,0
135.29,3.204,12,0,1,13.2,2,gambling,3209,0,0
14.5,0.424,9,0,0,33.3,0,gambling,1727,0,0
11.51,0.208,4,1,0,7.6,0,online_retail,1716,0,0
46.21,2.224,22,0,0,15.4,1,online_retail,2132,0,0
7.41,0.328,20,0,1,39.1,0,gas,433,0,0
12.68,0.336,13,0,0,25.3,1,grocery,3175,1,0
9.67,0.352,20,0,0,3.3,1,grocery,1256,0,0
47.86,1.456,11,0,0,13.4,0,gambling,559,1,0
19.36,0.601,9,0,0,10.7,1,grocery,582,1,0
12.27,0.336,20,0,1,105.8,1,gas,1269,0,0
20.78,0.343,10,0,1,144.7,1,cash_advance,1776,0,0
56.94,1.958,22,0,1,138.3,3,gambling,3529,0,0
6.29,0.232,15,0,1,53.7,1,gambling,2769,0,0
79.67,2.204,11,0,1,46.2,0,dining,426,0,0
125.53,4.782,4,1,1,16.2,1,gambling,981,0,0
37.76,0.915,16,0,0,12.8,1,grocery,2899,0,0
343.56,16.784,7,0,0,15.7,0,online_retail,2264,0,1
156.85,2.706,4,1,0,15.7,1,online_retail,2452,0,0
38.07,1.166,0,1,1,68.6,0,grocery,2202,0,0
322.51,12.926,8,0,1,70.8,1,dining,1792,0,1
44.11,2.951,16,0,1,22.1,1,electronics,1443,0,0
89.07,2.728,13,0,0,13.1,1,travel,3232,0,0
48.44,1.029,4,1,0,10.5,0,online_retail,305,0,0
27.15,0.714,10,0,1,26.7,0,online_retail,1920,2,0
32.43,1.979,11,0,0,20.2,1,gas,1632,0,0
15.92,0.623,18,0,0,20.0,1,grocery,3468,0,0
34.42,2.978,0,1,0,6.6,1,grocery,3515,0,0
25.34,0.405,11,0,1,100.9,8,gambling,852,0,0
98.03,5.477,19,0,0,3.1,1,dining,3348,0,0
14.02,0.998,15,0,0,1.8,0,gas,1355,0,0
70.35,1.692,3,1,1,41.0,0,grocery,48,1,0
29.22,0.994,12,0,0,25.3,0,gas,3568,0,0
67.62,1.686,7,0,1,59.9,2,electronics,934,1,0
44.08,0.996,0,1,0,7.7,1,gas,2753,0,0
70.23,1.871,23,1,1,22.0,0,gas,1922,0,0
125.31,7.966,10,0,1,9.8,0,travel,1553,0,1
241.27,10.091,21,0,0,15.7,0,online_retail,177,0,1
78.59,5.839,17,0,0,11.7,0,cash_advance,1897,0,0
6.01,0.281,7,0,1,9.2,5,grocery,1183,0,0
62.15,0.54,14,0,1,40.9,0,electronics,1332,0,0
30.66,0.568,20,0,0,4.1,0,grocery,2869,0,0
416.64,11.478,4,1,0,13.0,0,grocery,2053,0,1
76.0,5.198,15,0,1,31.5,0,dining,820,1,1
20.6,0.776,14,0,1,44.1,0,electronics,2735,0,0
37.71,2.213,13,0,1,78.5,0,dining,1103,0,0
32.38,0.911,17,0,1,80.9,0,electronics,3465,0,0
8.15,0.171,11,0,1,27.1,0,grocery,1887,0,0
15.15,0.737,22,0,0,32.9,1,cash_advance,171,0,0
18.74,0.53,15,0,0,7.1,0,gas,426,0,0
40.36,1.279,10,0,0,35.2,0,grocery,276,1,0
16.33,0.389,8,0,1,67.0,1,travel,3047,0,0
52.06,3.274,2,1,1,12.7,0,gambling,2263,0,0
119.61,3.948,2,1,0,1.2,1,online_retail,744,0,0
42.4,1.215,20,0,1,55.4,1,online_retail,2982,0,0
38.37,1.242,19,0,1,14.1,2,dining,3439,1,0
38.71,0.877,8,0,0,0.7,0,gambling,280,0,0
66.04,1.971,2,1,0,12.0,0,cash_advance,1335,1,0
49.7,2.408,22,0,1,7.0,0,online_retail,2300,0,0
169.54,10.08,8,0,1,12.9,0,gas,3235,0,1
12.24,1.06,10,0,1,70.5,1,travel,1402,0,0
28.8,0.638,14,0,0,12.6,0,online_retail,2046,0,0
46.08,1.985,3,1,1,64.3,1,travel,821,0,0
26.0,1.865,6,0,1,35.7,1,grocery,2114,0,0
28.38,1.254,15,0,0,9.6,2,dining,3306,0,0
252.13,4.308,3,1,0,8.7,0,gambling,1993,0,0
7.88,0.299,10,0,0,5.0,2,online_retail,416,1,0
22.31,0.547,7,0,1,90.2,1,dining,2775,0,0
149.41,8.825,0,1,0,15.4,0,online_retail,2884,0,1
107.47,3.465,15,0,0,17.3,0,dining,2750,0,0
15.92,0.474,18,0,1,105.3,1,grocery,796,0,0
20.26,0.751,8,0,0,9.4,1,grocery,3226,0,0
37.59,0.358,9,0,0,3.6,0,cash_advance,1503,0,0
11.49,0.254,17,0,0,9.4,0,online_retail,3568,0,0
79.37,0.959,15,0,1,47.9,0,online_retail,2211,0,0
41.2,0.866,0,1,1,2.5,1,cash_advance,1789,0,0
50.68,1.37,10,0,1,8.0,1,gambling,1003,1,0
89.61,0.959,16,0,1,107.7,0,travel,3101,0,0
32.44,1.204,14,0,1,36.7,0,online_retail,1825,0,0
25.97,0.521,9,0,1,71.9,2,grocery,1044,0,0
9.82,0.199,18,0,0,1.6,0,travel,2718,0,0
8.68,0.22,19,0,0,13.1,0,grocery,2614,0,0
66.37,0.784,20,0,1,28.7,0,gas,2917,0,0
22.47,0.903,20,0,0,13.3,0,dining,970,0,0
83.5,4.026,11,0,0,11.1,1,dining,2965,1,0
15.01,0.594,20,0,0,19.4,0,cash_advance,1345,0,0
16.49,0.402,19,0,1,46.1,1,gas,185,0,0
11.98,0.176,4,1,0,8.0,1,gas,1526,0,0
14.05,0.475,12,0,0,29.4,0,grocery,2526,0,0
61.09,1.051,7,0,1,85.9,1,dining,2600,0,0
60.44,3.223,19,0,0,39.6,1,grocery,3254,0,0
13.34,0.443,20,0,0,12.1,0,travel,2519,0,0
24.5,0.574,11,0,1,68.9,0,grocery,3332,0,0
8.55,0.238,13,0,0,9.4,2,grocery,1877,1,0
16.46,0.911,13,0,1,30.9,0,travel,1248,0,0
13.47,0.134,8,0,1,146.1,0,online_retail,433,0,0
17.49,0.852,15,0,1,36.1,0,cash_advance,1070,0,0
16.69,0.429,10,0,1,65.1,0,online_retail,562,0,0
31.35,0.758,3,1,1,36.1,1,grocery,2306,1,0
10.55,0.399,3,1,0,20.9,0,cash_advance,605,0,0
22.25,1.184,18,0,0,20.8,6,travel,3411,0,0
30.21,1.16,2,1,1,7.5,0,gambling,2247,0,0
11.73,0.378,13,0,1,6.9,0,grocery,3131,0,0
32.76,0.829,14,0,0,15.2,1,cash_advance,218,0,0
49.74,1.442,0,1,1,38.0,0,electronics,393,1,0
20.44,0.862,23,1,0,4.1,0,cash_advance,1564,0,0
62.41,2.034,18,0,0,14.3,1,grocery,1078,0,0
110.99,4.274,13,0,1,82.3,1,travel,611,0,0
36.9,1.414,15,0,0,9.5,0,cash_advance,2774,0,0
8.4,0.444,20,0,0,17.3,1,gas,863,0,0
28.32,1.668,5,1,1,47.5,1,gambling,3594,0,0
33.93,1.661,11,0,0,2.5,2,online_retail,2535,0,0
51.38,1.815,15,0,0,10.9,0,gas,3589,0,0
26.56,1.219,7,0,0,6.3,0,dining,2882,0,0
31.02,1.142,4,1,1,35.3,0,grocery,597,0,0
29.08,1.192,17,0,0,16.2,2,grocery,3392,0,0
31.91,1.303,23,1,1,58.5,0,dining,257,1,0
11.25,0.702,9,0,1,114.6,0,online_retail,3159,0,0
71.58,4.499,2,1,1,15.4,2,gas,1251,0,0
44.16,0.898,4,1,1,58.1,0,gas,559,0,0
29.66,0.919,17,0,1,50.1,1,cash_advance,2521,0,0
31.74,0.814,18,0,1,62.4,0,electronics,1932,0,0
27.83,0.673,18,0,0,21.4,7,grocery,1401,0,0
28.33,0.902,13,0,1,56.8,1,gas,2855,0,0
6.43,0.256,13,0,1,69.5,0,grocery,153,0,0
25.67,0.961,23,1,0,24.6,0,dining,1845,0,0
43.51,2.081,4,1,1,22.6,0,online_retail,2932,0,0
26.8,1.565,0,1,1,53.2,0,gas,1257,0,0
12.8,0.589,1,1,0,0.4,4,dining,941,0,0
144.95,4.65,13,0,1,68.1,0,dining,1469,0,0
80.66,2.644,12,0,1,56.5,1,travel,2999,1,0
146.62,4.305,16,0,1,35.4,0,gambling,1175,0,0
16.2,0.363,19,0,1,69.6,0,online_retail,3150,0,0
50.76,2.533,21,0,1,26.5,0,dining,1819,0,0
60.19,1.619,17,0,1,74.0,1,online_retail,1886,0,0
18.92,0.784,17,0,1,80.9,6,gas,3349,0,0
40.89,2.755,21,0,1,15.0,0,cash_advance,2959,0,0
34.29,1.349,22,0,0,2.0,0,grocery,1805,0,0
232.82,5.905,12,0,0,1.5,0,travel,3177,0,0
20.98,0.502,3,1,0,14.1,1,online_retail,2378,0,0
6.89,0.208,23,1,1,42.1,2,grocery,2813,0,0
110.62,2.193,5,1,1,7.3,0,dining,319,0,0
53.13,3.443,11,0,1,64.2,1,grocery,3312,0,0
126.98,5.502,10,0,1,7.7,1,online_retail,3282,0,0
59.61,1.337,12,0,1,31.1,2,grocery,2178,0,0
45.09,1.668,20,0,1,34.2,1,dining,1966,0,0
3.53,0.153,11,0,1,53.1,0,dining,1840,1,0
27.43,0.925,6,0,1,96.7,0,grocery,1344,0,0
38.1,1.424,13,0,0,11.7,1,electronics,1476,0,0
137.34,3.933,7,0,0,9.4,0,gambling,1072,0,0
59.0,1.426,9,0,0,22.0,1,travel,2516,0,0
70.54,2.347,11,0,1,35.6,1,grocery,331,0,0
50.61,2.229,17,0,1,26.3,0,cash_advance,264,1,0
13.89,0.332,0,1,1,21.4,0,gambling,3576,0,0
24.9,0.412,20,0,1,58.2,0,grocery,3103,0,0
80.43,3.458,13,0,0,20.4,0,dining,1807,1,0
11.47,0.459,22,0,0,17.8,0,online_retail,2847,0,0
13.22,0.24,9,0,1,102.7,1,dining,637,0,0
110.96,2.96,23,1,0,1.8,1,gas,456,0,0
226.64,6.124,18,0,0,13.7,1,cash_advance,1509,1,1
9.15,0.188,9,0,0,18.0,0,gas,2139,0,0
41.16,1.406,15,0,1,73.1,0,dining,486,1,0
97.46,2.045,3,1,0,8.0,0,dining,259,0,0
124.38,8.656,1,1,0,4.5,0,grocery,200,0,1
4.82,0.098,13,0,0,0.5,0,gambling,439,0,0
21.58,0.595,14,0,1,125.4,0,dining,633,0,0
72.28,2.201,15,0,0,7.8,2,online_retail,2468,0,0
70.54,1.589,23,1,0,6.5,2,grocery,489,0,0
26.34,1.251,12,0,1,38.8,3,grocery,2488,0,0
22.8,0.897,0,1,1,26.4,1,online_retail,251,0,0
22.97,0.495,1,1,0,8.6,1,online_retail,2040,1,0
79.02,3.49,12,0,1,33.0,0,gas,1876,0,0
116.98,3.031,20,0,1,36.6,0,electronics,3414,0,0
32.75,1.488,22,0,1,56.2,0,gas,433,0,0
16.18,0.487,5,1,1,14.5,1,gambling,1125,1,0
12.76,0.956,16,0,0,1.6,0,travel,3366,0,0
23.69,1.325,21,0,1,19.1,0,online_retail,3049,0,0
15.46,0.329,18,0,1,50.3,0,dining,2144,1,0
14.8,0.525,19,0,1,22.9,1,online_retail,3417,0,0
23.8,0.648,18,0,1,31.5,2,online_retail,617,0,0
6.52,0.23,3,1,0,6.0,1,gambling,1112,0,0
73.8,1.361,20,0,1,106.5,0,online_retail,3149,0,0
8.16,0.195,7,0,1,36.3,0,grocery,2548,0,0
9.62,0.293,2,1,0,4.6,0,grocery,2291,0,0
80.15,4.17,8,0,1,30.2,0,cash_advance,1959,0,0
20.78,0.931,17,0,1,18.6,0,electronics,1390,0,0
30.54,1.327,19,0,0,2.2,0,grocery,2304,0,0
88.79,2.471,14,0,0,6.4,0,travel,2026,0,0
37.33,1.319,1,1,1,16.6,0,gas,2952,0,0
11.12,0.235,20,0,1,120.1,0,online_retail,3530,1,0
82.08,4.211,8,0,0,4.9,1,grocery,1087,0,0
190.61,7.528,17,0,1,49.9,3,dining,1531,0,1
36.54,1.327,3,1,0,4.3,0,grocery,291,0,0
55.75,1.77,5,1,1,79.7,0,electronics,1767,1,0
45.21,1.217,23,1,0,12.1,3,grocery,517,0,0
33.27,1.234,16,0,0,10.2,0,dining,1102,0,0
60.12,1.644,1,1,0,8.9,0,dining,2924,0,0
2.99,0.047,4,1,0,29.3,0,gas,574,0,0
13.22,0.165,17,0,1,44.2,1,gambling,653,0,0
87.81,4.718,9,0,0,6.4,2,online_retail,166,0,0
48.53,1.517,3,1,0,25.2,0,gas,61,0,0
26.3,0.739,15,0,0,45.7,1,gas,3014,0,0
89.12,2.523,20,0,0,4.1,1,online_retail,636,0,0
18.64,0.269,8,0,1,67.5,1,gambling,2731,1,0
30.22,1.543,15,0,1,40.5,1,dining,1179,0,0
17.69,0.518,2,1,1,104.4,0,travel,496,0,0
67.98,1.517,14,0,1,97.3,2,online_retail,3172,0,0
33.71,1.934,13,0,0,9.4,0,online_retail,1256,0,0
25.83,0.63,18,0,1,105.1,0,gas,3558,0,0
126.07,4.799,15,0,0,11.9,0,online_retail,1676,0,0
21.44,0.575,8,0,1,62.9,0,travel,725,0,0
5.6,0.075,15,0,0,23.6,0,cash_advance,3202,0,0
42.84,2.023,1,1,1,54.1,0,dining,170,0,0
23.05,0.844,3,1,0,18.4,0,gas,2846,0,0
30.34,0.753,5,1,0,3.3,0,grocery,2192,0,0
24.58,0.474,12,0,0,41.4,2,grocery,1316,0,0
53.53,2.323,4,1,1,73.9,1,dining,2532,0,0
4.46,0.232,22,0,1,82.6,0,gas,3127,0,0
33.34,1.087,0,1,1,44.2,0,dining,1175,0,0
23.38,1.234,1,1,0,20.0,1,cash_advance,2568,0,0
27.41,0.473,18,0,1,29.9,0,gambling,1005,0,0
50.81,0.928,1,1,1,13.0,0,cash_advance,2115,0,0
23.75,0.631,6,0,0,23.9,0,grocery,1015,0,0
7.74,0.2,13,0,0,14.2,0,online_retail,3294,0,0
8.61,0.258,18,0,1,19.0,1,gas,2019,0,0
55.98,2.744,4,1,1,59.7,1,travel,3272,0,0
16.86,0.377,2,1,0,10.4,0,gambling,3417,0,0
105.93,3.366,8,0,0,5.3,0,travel,2109,0,0
9.4,0.258,11,0,1,32.3,4,grocery,1190,0,0
21.33,0.918,10,0,1,12.6,2,gas,3266,0,0
22.76,0.722,13,0,1,111.0,0,grocery,2311,0,0
49.62,3.22,19,0,0,11.2,1,dining,2931,0,0
10.69,0.653,0,1,0,11.5,1,dining,2339,0,0
105.39,5.151,23,1,0,12.7,1,online_retail,899,0,0
161.93,5.383,5,1,0,10.2,1,online_retail,1779,0,0
81.56,1.98,1,1,1,7.4,3,grocery,1515,0,0
42.66,1.123,8,0,0,19.7,0,cash_advance,1484,0,0
71.85,3.66,14,0,1,31.3,0,electronics,858,0,0
35.87,1.632,11,0,1,72.5,2,gas,1400,0,0
44.28,0.931,16,0,1,55.6,0,travel,587,0,0
160.46,4.263,22,0,0,6.8,1,gas,2156,0,0
60.34,3.038,21,0,0,10.5,0,electronics,1954,0,0
28.12,1.422,14,0,1,72.0,7,dining,2171,0,0
56.99,3.251,1,1,1,65.1,1,gas,603,0,0
42.36,2.24,23,1,0,8.1,0,grocery,2499,0,0
95.86,0.939,20,0,1,24.1,1,grocery,3390,1,0
53.72,2.256,2,1,0,11.1,1,grocery,3459,0,0
21.24,1.347,11,0,1,50.0,2,grocery,318,0,0
32.68,1.439,2,1,0,1.6,0,travel,2982,0,0
43.3,1.541,22,0,1,50.7,0,grocery,390,0,0
27.58,0.352,11,0,1,39.4,1,travel,1909,0,0
15.24,0.516,11,0,0,10.1,0,grocery,2094,0,0
25.53,0.411,20,0,0,8.5,0,grocery,2996,0,0
14.3,0.42,22,0,1,31.7,0,gas,3570,0,0
32.33,1.022,0,1,1,52.0,1,dining,1296,0,0
22.13,0.748,2,1,1,122.4,0,gas,136,0,0
24.68,0.489,7,0,1,14.5,0,electronics,2621,0,0
58.72,1.224,1,1,0,0.9,0,gas,787,0,0
14.49,0.329,17,0,1,24.2,0,gas,2062,0,0
14.87,0.652,18,0,0,1.2,0,online_retail,2490,0,0
30.28,1.027,16,0,0,9.0,1,dining,1539,0,0
74.29,3.741,15,0,1,48.6,2,dining,186,0,0
92.67,1.253,15,0,1,32.5,0,dining,1967,1,0
47.08,3.588,13,0,1,5.1,0,electronics,255,0,0
66.79,1.962,17,0,1,38.3,0,gas,1845,0,0
38.92,1.721,2,1,0,32.0,1,dining,2634,1,0
55.0,1.462,16,0,0,8.2,1,online_retail,2867,0,0
67.26,3.931,5,1,0,20.3,0,gas,1714,0,1
266.13,13.704,19,0,1,59.9,0,grocery,1773,0,1
20.63,0.86,1,1,0,3.2,1,online_retail,2856,0,0
9.0,0.257,17,0,0,7.1,0,dining,3098,1,0
35.4,0.824,13,0,0,7.4,1,gas,1340,0,0
70.47,1.527,2,1,0,8.4,8,electronics,1605,0,1
26.52,1.156,15,0,1,33.7,2,electronics,1588,1,0
10.45,0.405,8,0,0,2.3,0,gambling,3539,0,0
11.3,0.382,14,0,1,27.1,0,grocery,1559,1,0
78.63,2.234,17,0,1,53.1,1,grocery,1248,0,0
16.48,0.407,9,0,1,63.6,0,grocery,1337,0,0
24.86,0.851,19,0,0,0.1,0,grocery,3579,0,0
18.42,0.902,8,0,0,13.9,1,grocery,545,0,0
9.51,0.171,18,0,1,28.2,0,grocery,1213,0,0
32.02,0.506,18,0,0,24.5,1,grocery,176,0,0
8.11,0.508,9,0,1,53.2,1,online_retail,2297,0,0
29.68,0.422,6,0,1,12.6,0,cash_advance,1699,0,0
154.39,3.26,13,0,0,15.8,0,dining,1986,0,0
59.91,2.004,10,0,0,10.3,1,travel,3236,0,0
27.61,0.915,4,1,0,21.0,1,online_retail,534,0,0
58.25,2.268,8,0,0,5.4,1,electronics,323,0,0
15.44,0.277,7,0,1,7.6,0,grocery,64,1,0
19.93,0.392,23,1,0,6.6,0,travel,1281,0,0
92.33,1.636,8,0,0,6.8,1,travel,2155,0,0
59.09,2.148,13,0,0,25.5,2,grocery,3449,0,0
241.03,10.01,14,0,1,34.5,2,grocery,1142,0,1
3.9,0.143,15,0,1,46.6,0,grocery,3051,0,0
171.71,4.739,21,0,1,98.9,0,online_retail,3290,2,1
28.71,0.801,6,0,1,43.3,0,grocery,347,1,0
67.99,3.703,4,1,0,13.4,0,gas,840,0,0
17.76,0.704,19,0,1,47.1,3,cash_advance,2779,0,0
5.62,0.096,18,0,1,37.1,0,grocery,111,0,0
98.37,2.407,9,0,0,2.7,1,grocery,3423,1,0
23.81,0.703,13,0,0,34.3,4,online_retail,2297,0,0
24.2,1.169,0,1,1,150.4,1,gambling,1316,0,0
273.15,11.663,3,1,1,25.8,2,grocery,2792,0,1
20.23,0.74,20,0,0,11.5,5,travel,301,0,0
62.98,1.226,13,0,0,16.2,1,dining,265,0,0
91.85,2.234,3,1,0,17.3,2,cash_advance,306,0,0
11.55,0.507,20,0,0,21.8,0,gambling,2047,0,0
44.13,1.031,23,1,1,53.8,0,gambling,3271,0,0
43.68,1.205,10,0,0,9.0,0,travel,3152,0,0
8.35,0.515,5,1,1,42.2,0,gas,521,1,0
16.48,0.692,14,0,1,14.6,1,online_retail,3295,0,0
71.95,2.319,22,0,0,4.4,0,online_retail,1859,0,0
9.35,0.14,5,1,0,33.3,0,cash_advance,3482,0,0
67.14,0.759,0,1,1,41.1,2,dining,2289,0,0
132.06,4.745,14,0,1,20.4,1,electronics,1500,0,0
9.58,0.156,13,0,1,15.1,1,online_retail,292,1,0
232.71,16.296,0,1,1,46.1,0,online_retail,602,0,1
14.19,0.961,23,1,1,36.4,0,gas,2711,0,0
104.09,3.095,16,0,0,7.9,1,travel,3338,0,0
22.94,0.457,0,1,1,60.7,1,gambling,272,0,1
102.99,3.089,2,1,1,52.1,0,travel,1593,1,0
117.59,4.514,16,0,0,12.6,2,electronics,427,0,0
84.19,2.33,1,1,0,3.2,1,grocery,2469,0,0
158.29,3.962,9,0,1,45.9,0,grocery,986,0,0
23.91,0.696,22,0,0,9.9,3,online_retail,961,1,0
84.92,2.089,7,0,0,10.5,0,dining,1459,0,0
75.03,2.88,4,1,0,5.3,0,gambling,62,0,0
18.94,0.328,20,0,1,41.3,0,travel,2756,1,0
332.15,5.426,7,0,1,30.0,0,grocery,2146,0,0
54.13,1.389,7,0,1,10.2,0,cash_advance,790,0,0
33.46,0.966,13,0,1,76.7,1,grocery,2003,0,0
31.88,1.003,6,0,1,102.2,2,grocery,2201,0,0
129.45,8.619,20,0,1,44.2,0,grocery,338,0,1
185.95,5.935,7,0,0,1.0,1,electronics,1870,0,0
303.3,10.394,6,0,0,21.4,0,gas,1378,1,1
21.21,0.877,23,1,0,11.5,1,online_retail,580,0,0
57.34,1.49,0,1,1,67.1,0,dining,3568,0,0
88.8,2.76,8,0,1,13.5,1,gas,1338,1,0
37.07,0.679,17,0,1,141.2,0,grocery,194,0,0
39.18,0.906,10,0,0,7.8,2,online_retail,350,0,0
23.71,0.928,11,0,1,60.6,0,gas,3090,0,0
31.09,0.233,16,0,0,7.1,0,travel,3095,0,0
35.2,1.576,9,0,1,66.8,2,travel,220,0,0
50.15,1.686,17,0,1,139.8,2,grocery,298,0,0
84.32,2.772,1,1,0,4.7,2,online_retail,208,0,0
113.99,4.672,8,0,0,6.8,0,electronics,2602,1,0
13.24,0.29,14,0,0,25.3,1,grocery,227,0,0
49.25,0.503,18,0,1,18.4,3,online_retail,114,0,0
19.39,0.948,3,1,1,45.5,1,electronics,1024,0,1
43.08,2.847,0,1,0,14.4,2,electronics,3403,0,0
25.13,0.915,13,0,1,17.9,0,grocery,2210,0,0
77.48,1.721,5,1,1,62.0,0,electronics,490,0,0
7.85,0.227,6,0,0,4.7,0,online_retail,1806,0,0
29.49,1.208,3,1,0,18.3,1,online_retail,660,1,0
8.1,0.656,16,0,0,29.3,1,travel,3368,1,0
114.69,4.58,5,1,1,19.6,0,dining,1888,0,0
46.59,1.065,19,0,0,30.1,1,dining,2841,0,0
8.66,0.324,8,0,0,4.2,0,cash_advance,1397,0,0
150.72,4.393,6,0,0,11.7,1,dining,2961,0,0
14.09,0.478,2,1,0,37.1,0,cash_advance,1278,0,0
35.11,1.611,2,1,0,24.2,0,dining,1927,2,0
51.18,1.311,21,0,1,25.1,0,gas,3309,0,0
48.3,1.662,4,1,1,19.0,1,online_retail,2575,0,0
9.57,0.21,21,0,0,15.9,0,travel,53,0,0
7.78,0.388,7,0,1,42.5,0,travel,2058,0,0
5.8,0.156,4,1,1,125.0,0,dining,1735,2,0
13.04,0.306,19,0,0,14.5,1,gas,2656,0,0
6.97,0.156,5,1,1,76.7,0,dining,3093,0,0
120.14,4.76,21,0,0,1.0,0,dining,3150,0,0
705.01,22.142,10,0,1,2.9,1,electronics,3453,0,1
50.9,1.785,4,1,0,20.0,0,online_retail,1946,0,0
22.03,0.761,13,0,0,4.8,0,grocery,1543,0,0
24.1,1.479,22,0,0,22.8,1,dining,3357,0,0
30.76,0.9,16,0,1,20.5,0,grocery,2160,0,0
30.39,0.776,13,0,1,28.5,2,gambling,2700,0,0
6.63,0.263,16,0,1,70.4,0,gas,2903,0,0
98.32,3.363,12,0,1,51.3,0,dining,1575,0,0
40.55,0.946,8,0,0,5.9,1,dining,2037,0,0
22.5,0.258,15,0,1,27.5,0,grocery,1683,1,0
15.1,0.559,7,0,1,44.7,0,grocery,3427,0,0
28.58,0.612,14,0,0,2.0,2,travel,3534,0,0
30.64,0.436,7,0,0,5.2,0,online_retail,2242,0,0
21.89,0.668,5,1,1,24.5,2,online_retail,1921,0,0
14.63,0.23,13,0,0,7.4,0,cash_advance,1108,0,0
40.04,1.34,19,0,1,91.4,1,grocery,183,1,0
27.14,0.681,8,0,0,8.6,0,gambling,839,0,0
37.32,1.602,12,0,0,8.9,1,grocery,1815,0,0
14.08,0.515,6,0,1,56.8,0,dining,122,0,0
19.11,0.669,15,0,1,46.2,7,dining,1112,0,0
18.27,0.558,16,0,1,53.9,0,gas,1050,0,0
31.31,2.233,20,0,1,60.5,1,grocery,404,0,0
34.85,0.563,4,1,0,23.0,1,dining,1681,0,0
84.34,2.805,0,1,1,40.0,0,dining,395,0,0
46.48,1.655,15,0,1,121.1,1,dining,1644,0,0
24.23,1.216,17,0,1,62.8,0,electronics,1751,0,0
40.0,1.799,19,0,0,25.1,0,online_retail,145,0,0
69.96,2.467,22,0,0,22.9,0,grocery,3571,0,0
32.83,0.853,8,0,0,1.3,0,online_retail,2397,0,0
19.46,0.2,1,1,0,19.0,1,cash_advance,3514,0,0
24.68,1.265,9,0,0,14.9,1,cash_advance,370,0,0
15.56,0.404,7,0,1,57.1,1,dining,1410,0,0
92.88,3.47,11,0,1,17.9,6,grocery,3150,0,0
49.11,1.01,11,0,0,25.7,0,gambling,2412,0,0
25.2,1.021,0,1,0,1.1,0,dining,2614,0,0
50.9,1.656,4,1,0,8.8,0,travel,2423,0,0
17.37,0.968,11,0,0,5.6,0,grocery,3234,0,0
35.66,0.619,15,0,0,15.0,1,online_retail,2278,0,0
21.52,0.552,2,1,0,20.1,0,grocery,2567,0,0
9.99,0.479,11,0,0,4.7,0,grocery,2046,0,0
86.9,2.982,2,1,1,48.8,0,grocery,517,0,0
8.93,0.275,15,0,0,13.0,2,online_retail,3042,1,0
36.61,0.729,1,1,1,84.3,1,electronics,384,0,0
6.73,0.163,13,0,1,135.8,1,online_retail,74,0,1
21.36,0.745,17,0,1,48.5,0,travel,42,0,0
56.95,2.306,23,1,1,43.1,0,grocery,2020,0,0
5.72,0.257,6,0,1,29.0,1,electronics,2890,0,0
26.21,0.568,17,0,1,29.0,0,grocery,3011,0,0
53.56,1.911,19,0,0,32.7,0,gas,3349,0,0
9.6,0.53,0,1,1,31.5,0,travel,1396,0,0
244.9,3.866,16,0,1,114.9,0,grocery,1510,1,0
6.89,0.175,12,0,0,2.2,1,grocery,2849,0,0
51.07,2.272,0,1,1,83.8,0,grocery,1471,0,0
15.45,0.797,9,0,0,15.9,1,online_retail,1701,0,0
10.53,0.212,7,0,0,28.6,1,gas,2103,0,0
67.54,1.48,1,1,0,0.6,0,grocery,272,0,0
63.2,3.323,0,1,0,13.9,0,dining,1101,0,0
74.17,0.989,3,1,0,14.3,0,dining,1641,0,0
10.74,0.349,7,0,0,11.6,1,gambling,1419,0,0
8.86,0.219,2,1,1,63.7,2,electronics,2200,0,0
40.89,0.935,1,1,1,35.3,5,travel,2985,1,0
54.79,1.819,18,0,1,39.5,0,travel,965,0,0
16.62,0.911,17,0,0,25.2,2,gas,2307,0,0
17.17,0.737,4,1,0,11.6,1,electronics,2126,0,0
24.33,1.048,7,0,1,30.3,0,grocery,1572,1,0
31.59,1.209,11,0,0,13.8,1,online_retail,3355,0,0
30.97,1.152,19,0,0,28.9,0,online_retail,1700,1,0
31.96,0.918,14,0,0,20.6,0,gambling,161,0,0
63.51,1.539,8,0,1,93.9,1,cash_advance,2526,0,0
28.49,0.623,15,0,0,16.7,0,online_retail,262,0,0
86.45,2.665,18,0,0,30.7,0,gas,595,0,0
21.77,0.396,11,0,1,26.2,0,grocery,1543,0,0
50.65,1.438,11,0,1,103.2,0,cash_advance,152,0,0
54.26,2.019,18,0,0,2.4,1,electronics,312,0,0
20.43,0.415,23,1,0,5.3,1,gas,767,1,0
7.18,0.25,4,1,1,101.7,0,grocery,196,0,0
20.99,0.53,16,0,1,54.1,1,gas,223,0,0
16.07,0.272,7,0,1,87.5,4,grocery,2837,0,0
355.3,12.101,1,1,1,32.2,1,dining,2598,0,1
142.71,5.711,11,0,1,4.8,2,dining,2839,0,0
14.75,0.666,8,0,0,5.0,0,gambling,2625,0,0
117.9,2.209,5,1,0,11.4,0,travel,3188,0,0
122.84,2.459,3,1,1,31.7,5,gambling,706,1,0
100.07,4.758,13,0,1,47.4,1,gambling,3072,0,0
9.98,0.664,1,1,0,13.5,2,online_retail,1207,0,0
17.24,0.519,21,0,0,14.0,2,cash_advance,1518,1,0
23.85,1.249,19,0,1,108.3,2,gambling,3540,0,0
48.61,2.483,14,0,1,58.2,0,dining,3563,0,0
61.3,2.019,17,0,1,26.0,1,dining,1103,0,0
3.91,0.065,9,0,1,16.2,1,cash_advance,2182,1,0
30.97,0.714,5,1,1,108.0,0,dining,2931,0,0
17.92,0.576,0,1,0,3.2,0,grocery,503,0,0
75.22,4.626,7,0,0,39.8,0,gas,918,0,0
133.16,6.608,9,0,1,21.8,1,grocery,254,1,0
37.16,1.083,17,0,1,59.0,0,dining,837,0,0
82.88,1.319,12,0,1,14.8,1,grocery,2734,1,0
230.05,4.043,6,0,0,5.7,1,gas,3269,0,0
44.28,1.242,5,1,1,23.0,2,travel,2601,0,0
17.89,0.873,17,0,1,28.9,0,dining,3270,0,0
19.05,0.554,2,1,1,73.5,1,gas,3058,0,0
25.2,0.384,12,0,0,10.8,2,travel,1138,0,0
25.74,1.367,9,0,1,46.4,0,grocery,830,0,0
34.85,1.099,14,0,1,39.6,0,online_retail,709,0,0
3.66,0.164,2,1,1,70.1,1,electronics,1500,0,0
178.5,8.894,17,0,0,2.5,0,gambling,2894,0,0
114.39,2.865,1,1,1,44.8,0,gas,1493,0,0
44.67,1.691,8,0,1,135.4,0,grocery,1366,1,0
53.27,1.793,9,0,1,102.5,1,online_retail,983,0,0
77.66,1.385,20,0,1,28.2,1,grocery,1782,0,0
16.49,0.262,16,0,1,39.0,1,online_retail,2121,0,0
99.95,2.409,16,0,1,126.9,0,grocery,942,0,0
17.33,0.545,6,0,1,99.8,1,online_retail,471,1,0
4.52,0.054,14,0,1,27.1,2,gas,2916,0,0
19.27,0.793,1,1,0,14.0,0,dining,163,0,0
36.4,1.751,16,0,0,8.5,0,gas,1444,0,0
31.54,1.284,6,0,0,5.0,0,gambling,1297,1,0
148.04,5.681,18,0,0,17.3,0,travel,491,0,0
72.48,2.121,4,1,1,68.9,1,online_retail,2524,0,0
25.96,1.188,2,1,1,66.5,0,electronics,197,0,0
49.98,2.66,23,1,1,48.9,2,dining,2084,0,0
298.42,9.071,13,0,1,44.6,0,dining,3079,0,1
27.03,1.213,15,0,1,89.4,0,cash_advance,2676,0,0
125.16,2.871,15,0,0,4.4,1,grocery,1275,0,0
53.14,1.319,23,1,0,4.4,0,grocery,2015,0,0
13.15,0.439,20,0,0,21.7,0,gas,1337,0,0
66.5,1.23,10,0,0,7.2,0,dining,269,0,0
142.39,10.945,17,0,1,34.4,0,grocery,3224,1,1
113.48,3.579,13,0,1,29.8,0,dining,643,0,0
22.66,0.924,23,1,1,34.2,2,dining,2331,1,0
17.84,0.373,6,0,1,122.1,1,gambling,206,0,0
76.27,3.685,10,0,1,119.1,2,electronics,2540,0,0
39.87,0.67,17,0,0,0.1,3,gambling,2175,1,0
17.25,0.28,8,0,0,23.0,1,grocery,1570,0,0
40.75,1.627,10,0,1,50.1,0,dining,2416,0,0
14.68,0.43,14,0,1,48.2,1,grocery,1813,0,0
15.32,0.886,8,0,1,57.6,0,dining,859,0,0
7.49,0.079,6,0,1,91.5,0,gambling,542,1,0
19.91,0.748,4,1,1,30.3,8,dining,577,0,0
10.77,0.396,12,0,0,9.9,0,grocery,1833,0,0
2.05,0.051,8,0,1,124.2,1,grocery,2772,0,0
58.47,1.295,4,1,0,18.3,0,gambling,665,0,0
88.77,1.497,9,0,1,39.0,0,grocery,641,0,0
61.21,2.2,0,1,1,44.0,1,grocery,1022,0,0
8.11,0.342,2,1,0,15.3,0,travel,1226,0,0
36.93,0.603,0,1,1,58.2,1,dining,3415,0,0
114.68,6.505,14,0,0,19.0,0,cash_advance,2051,0,0
63.65,2.181,4,1,1,61.0,0,grocery,1581,0,0
23.23,1.037,18,0,1,56.5,1,gas,361,0,0
243.02,13.501,17,0,0,14.5,0,gas,2267,0,1
99.7,1.853,1,1,0,11.8,1,grocery,2554,0,0
24.7,1.128,4,1,1,9.3,0,grocery,790,0,0
45.05,0.901,2,1,1,53.3,0,grocery,3332,0,0
29.67,0.57,13,0,0,4.4,8,online_retail,865,0,0
85.9,1.842,11,0,1,87.5,2,cash_advance,3170,0,0
20.79,0.583,20,0,0,11.1,0,gas,2780,0,0
51.2,1.168,6,0,0,20.2,0,cash_advance,3469,0,0
6.36,0.197,19,0,1,63.1,0,gambling,2048,0,0
14.67,0.248,3,1,1,12.8,0,dining,1326,0,0
25.27,1.108,10,0,0,15.7,0,online_retail,2250,0,0
13.34,0.329,9,0,1,56.4,0,grocery,1558,1,0
57.29,2.797,15,0,1,22.2,0,gambling,2016,0,0
100.2,4.596,10,0,0,10.0,1,cash_advance,2230,0,0
75.61,1.526,4,1,1,70.2,0,electronics,2378,0,0
60.79,1.3,23,1,0,7.5,0,online_retail,1965,0,0
108.57,4.608,18,0,1,49.0,0,grocery,978,1,0
169.51,5.593,2,1,0,13.2,0,gambling,3354,0,0
46.93,0.829,23,1,0,13.0,0,gas,3055,0,0
84.03,2.154,4,1,1,71.1,0,online_retail,3585,0,0
69.28,2.82,12,0,0,0.3,0,grocery,1355,0,0
46.83,1.924,13,0,0,24.2,1,dining,1670,0,0
7.74,0.074,18,0,1,49.4,0,online_retail,520,0,0
43.0,1.999,6,0,1,38.6,0,electronics,2667,0,0
23.83,0.54,21,0,1,16.6,0,electronics,967,0,0
20.43,1.471,6,0,1,54.2,1,grocery,3009,0,0
33.93,1.137,18,0,0,13.4,1,gas,719,0,0
11.29,0.427,11,0,1,7.8,1,gas,635,0,0
6.34,0.356,10,0,1,19.1,0,gas,1646,0,0
28.03,0.455,7,0,1,41.6,0,grocery,1864,0,0
32.14,1.182,4,1,0,12.6,0,online_retail,3489,0,0
336.9,11.985,11,0,1,109.9,1,online_retail,61,0,1
320.76,14.365,3,1,1,126.8,2,grocery,1582,0,1
19.12,0.402,16,0,1,108.4,0,electronics,2167,0,0
249.89,6.254,3,1,0,8.6,0,online_retail,132,0,0
49.99,0.905,12,0,1,18.8,2,grocery,1423,1,0
46.15,1.159,4,1,0,9.8,1,gas,1551,0,0
60.09,1.266,11,0,1,30.4,0,electronics,498,0,0
51.05,1.151,20,0,1,98.5,0,electronics,2686,0,0
9.36,0.178,14,0,0,17.3,1,cash_advance,3308,0,0
24.44,0.431,17,0,1,99.8,0,travel,2615,1,0
2.48,0.049,4,1,1,36.2,0,gas,2712,0,0
28.73,0.426,12,0,1,67.2,0,gambling,1134,0,0
69.9,2.463,23,1,1,138.4,0,gas,1791,0,0
58.69,1.989,10,0,0,13.1,2,grocery,1726,0,0
9.71,0.497,6,0,1,34.8,0,online_retail,1075,0,0
21.29,1.157,6,0,1,23.3,0,dining,2802,0,0
60.71,2.024,23,1,1,66.8,0,gas,1927,0,0
18.2,0.369,1,1,0,6.7,1,electronics,592,0,0
172.37,3.484,1,1,1,28.2,1,dining,1538,0,0
18.56,0.647,16,0,0,18.7,0,grocery,2871,0,0
3.48,0.14,18,0,1,26.4,0,grocery,968,0,0
42.32,0.942,6,0,1,42.3,1,electronics,2396,1,0
18.86,0.804,21,0,1,48.2,1,online_retail,1339,0,0
6.12,0.102,6,0,0,17.1,1,dining,1471,0,0
37.58,0.723,20,0,1,68.3,0,cash_advance,1782,0,0
246.27,6.679,19,0,1,22.3,0,grocery,180,0,0
65.48,3.656,21,0,1,89.9,0,gambling,1443,0,0
143.01,3.943,7,0,1,40.2,4,gas,1468,0,0
131.65,3.492,22,0,1,50.9,0,cash_advance,173,0,0
21.57,0.9,11,0,1,52.6,0,dining,2985,0,0
134.57,5.997,18,0,1,53.8,1,online_retail,870,0,1
45.61,1.2,11,0,1,87.4,0,cash_advance,1344,0,0
51.43,0.899,15,0,1,36.7,2,grocery,2609,0,0
11.0,0.32,18,0,0,23.4,0,dining,344,0,0
61.07,3.47,13,0,0,10.3,1,dining,1202,0,0
19.64,0.408,14,0,0,2.8,1,online_retail,2234,0,0
28.16,0.965,14,0,0,7.4,0,online_retail,3334,0,0
32.11,0.761,18,0,1,129.4,1,dining,2992,0,0
10.13,0.81,12,0,0,18.3,0,dining,3474,0,0
84.49,2.229,9,0,0,5.7,1,electronics,1020,0,0
13.34,0.508,6,0,0,18.2,0,dining,2389,0,0
35.0,0.956,1,1,1,69.9,0,dining,1994,0,0
84.3,4.388,17,0,0,5.2,0,gas,3392,0,0
39.88,1.67,5,1,1,97.5,0,cash_advance,480,0,0
45.89,0.601,3,1,1,34.1,1,dining,2739,0,0
24.51,1.271,10,0,1,30.4,0,cash_advance,2192,0,0
7.79,0.105,11,0,1,121.5,1,grocery,1022,0,0
156.2,5.787,4,1,1,27.3,1,online_retail,149,0,1
28.67,0.96,3,1,1,74.6,1,online_retail,3330,0,0
11.54,0.313,15,0,1,50.2,1,grocery,3485,0,0
4.35,0.1,21,0,0,27.7,1,online_retail,1609,0,0
17.63,0.857,19,0,0,15.4,0,electronics,541,1,0
19.26,0.581,8,0,0,25.7,1,grocery,713,1,0
132.61,8.388,1,1,1,44.5,1,online_retail,1588,0,0
7.09,0.088,13,0,0,3.1,0,grocery,1586,0,0
105.63,1.977,16,0,1,39.0,0,travel,2830,0,0
64.37,1.989,15,0,1,59.0,0,grocery,2250,0,0
94.07,2.187,4,1,0,7.1,0,dining,2458,0,0
20.0,1.02,22,0,0,6.7,0,grocery,2974,0,0
62.31,1.884,0,1,1,30.2,4,electronics,49,0,0
79.13,2.245,20,0,0,11.5,0,dining,1375,0,0
6.0,0.15,4,1,0,13.1,7,grocery,707,0,0
28.82,0.816,16,0,1,37.9,1,grocery,210,0,0
79.04,3.748,4,1,1,10.3,2,cash_advance,1283,0,0
18.18,0.403,12,0,1,49.5,1,online_retail,2586,0,0
2.94,0.114,7,0,1,31.4,1,grocery,1378,1,0
12.67,0.443,22,0,1,17.9,1,dining,926,0,0
77.96,3.986,18,0,0,5.1,2,gas,1791,0,0
103.62,2.942,2,1,1,10.4,0,grocery,370,0,0
50.31,0.768,2,1,1,41.5,1,dining,3322,0,0
4.79,0.316,1,1,0,9.6,0,gas,566,0,0
45.95,1.337,0,1,1,34.8,0,travel,2372,0,0
91.77,3.445,2,1,0,15.7,0,dining,1658,0,0
85.18,2.229,3,1,1,67.0,0,electronics,3053,0,0
13.66,0.466,23,1,1,5.4,1,online_retail,853,1,0
88.89,2.357,17,0,1,90.3,1,electronics,827,1,0
40.39,1.616,0,1,0,4.2,0,grocery,453,0,0
36.56,0.939,21,0,1,8.6,3,online_retail,944,1,0
20.76,0.359,2,1,1,58.6,1,cash_advance,824,0,0
47.0,2.059,20,0,1,62.6,2,dining,1305,0,0
39.23,0.996,19,0,1,82.7,0,grocery,2988,0,0
7.59,0.248,14,0,0,17.8,0,dining,784,0,0
6.47,0.134,18,0,0,14.6,1,travel,1470,1,0
18.55,0.455,19,0,0,17.4,0,grocery,2642,0,0
100.11,2.12,22,0,0,16.0,0,dining,1371,0,0
46.73,3.284,14,0,1,72.8,0,dining,3229,0,0
80.9,1.871,20,0,1,35.1,0,travel,1466,0,0
81.98,2.81,13,0,1,24.6,0,travel,1055,0,0
71.08,1.404,3,1,1,72.3,0,dining,1985,0,0
22.98,1.334,2,1,0,7.7,0,gambling,804,0,0
15.77,0.407,1,1,1,75.1,0,dining,441,1,0
27.69,0.716,16,0,0,0.7,1,gas,3505,0,0
41.04,1.88,17,0,1,29.9,1,grocery,866,0,0
37.11,1.793,9,0,1,20.2,5,grocery,2434,0,0
14.72,0.442,18,0,0,3.5,0,dining,37,0,0
29.14,0.529,3,1,0,4.0,2,grocery,222,0,0
15.33,0.616,3,1,1,24.3,2,grocery,1121,0,0
43.03,1.398,6,0,1,58.3,1,dining,88,0,0
47.14,0.803,7,0,0,33.6,1,electronics,1004,1,0
73.29,2.073,23,1,0,11.0,4,grocery,1843,0,0
28.48,0.583,14,0,1,11.8,1,online_retail,1858,0,0
31.58,0.968,12,0,0,3.7,0,online_retail,1722,1,0
21.69,0.424,22,0,0,18.4,3,online_retail,1359,0,0
36.31,0.685,20,0,0,5.4,1,dining,2621,0,0
28.74,0.758,23,1,1,48.2,1,grocery,2172,1,0
42.55,0.825,7,0,0,25.1,0,grocery,1135,0,0
30.12,1.894,22,0,0,14.8,0,gas,2857,1,0
13.47,0.437,10,0,1,82.4,1,grocery,257,1,0
166.2,8.607,15,0,1,42.0,0,gambling,2654,0,1
24.25,1.295,18,0,0,26.7,0,electronics,716,0,0
50.43,1.272,20,0,0,15.6,0,online_retail,2601,0,0
27.53,1.822,14,0,1,55.5,0,travel,1939,1,1
1.8,0.056,7,0,0,30.6,0,cash_advance,3324,0,0
38.17,0.557,19,0,1,94.1,0,gas,2125,0,0
88.27,2.786,3,1,0,0.1,0,gambling,1242,0,0
16.12,0.302,22,0,1,56.3,0,online_retail,2106,1,0
9.74,0.142,16,0,0,1.1,1,gas,2455,0,0
30.0,1.198,13,0,0,10.1,0,online_retail,2159,1,0
29.42,0.663,14,0,0,11.2,0,gas,1142,0,0
11.37,0.817,22,0,0,13.4,1,grocery,504,0,0
166.33,3.821,16,0,1,35.0,0,online_retail,905,0,1
6.36,0.148,18,0,1,14.1,0,online_retail,2213,0,0
69.48,1.564,8,0,1,23.8,0,grocery,2002,0,0
41.05,2.065,12,0,0,11.4,1,cash_advance,3019,0,0
308.99,9.812,8,0,1,83.6,0,dining,1619,1,1
10.01,0.181,0,1,1,79.5,1,gas,3244,0,0
189.29,6.799,4,1,1,68.5,2,gambling,246,1,1
91.63,3.538,18,0,1,60.9,1,gas,1013,0,0
9.43,0.337,15,0,1,35.9,1,travel,2978,0,0
14.11,0.428,0,1,1,105.8,0,online_retail,2912,0,0
23.11,0.412,18,0,1,75.9,1,dining,2699,0,0
158.74,3.61,2,1,0,32.5,0,grocery,492,1,0
37.01,0.966,20,0,1,35.0,2,cash_advance,2690,0,0
47.65,1.273,7,0,1,75.3,0,travel,3024,0,0
18.18,0.411,6,0,1,32.0,1,grocery,729,0,0
83.74,1.979,23,1,0,6.2,1,grocery,3474,0,0
53.34,1.626,1,1,0,4.7,0,electronics,29,1,0
5.02,0.157,2,1,1,19.7,0,dining,2276,0,0
41.47,0.782,8,0,0,20.8,0,dining,2417,0,0
109.01,4.054,6,0,1,87.4,1,gas,3310,0,0
69.85,2.502,22,0,1,39.3,1,travel,53,0,0
68.63,2.412,19,0,0,15.5,1,online_retail,257,0,0
38.92,1.94,21,0,0,7.0,1,electronics,467,0,0
21.47,0.609,15,0,1,44.3,0,online_retail,703,0,0
23.76,0.414,2,1,0,17.2,1,travel,1952,0,0
71.18,0.962,3,1,1,45.8,2,dining,527,1,0
12.14,0.785,20,0,0,5.6,1,online_retail,3070,0,0
2.46,0.083,6,0,0,8.4,0,online_retail,2634,0,0
35.75,0.516,0,1,1,88.6,1,cash_advance,704,0,0
34.78,0.914,23,1,1,40.6,1,gas,3565,0,0
45.6,1.642,20,0,0,7.0,1,grocery,2887,0,0
55.97,1.629,1,1,0,16.9,0,dining,964,0,0
96.6,1.718,8,0,1,115.8,0,travel,1503,0,0
31.37,1.126,9,0,1,41.7,1,dining,687,0,0
93.18,4.018,21,0,0,17.7,0,gas,3575,0,0
47.88,2.055,22,0,1,71.5,0,electronics,1717,0,0
17.8,0.313,12,0,1,32.8,0,online_retail,2402,1,0
25.17,0.937,20,0,1,79.5,0,gas,2720,0,0
15.46,0.712,21,0,1,61.2,0,gas,2184,0,0
52.07,3.173,14,0,1,105.8,0,gas,1233,1,0
24.31,1.103,21,0,1,46.5,1,dining,2370,1,0
17.85,0.405,11,0,0,9.7,1,electronics,1002,1,0
7.79,0.432,1,1,1,37.2,0,gas,554,0,0
32.6,1.384,11,0,0,23.1,0,dining,1596,1,0
18.28,0.372,16,0,1,38.4,0,online_retail,967,0,0
67.09,2.587,12,0,0,11.2,7,gas,295,0,0
110.34,5.312,7,0,1,20.9,3,online_retail,3157,0,0
36.27,0.65,10,0,1,40.6,1,online_retail,2850,0,0
119.95,3.653,18,0,1,94.6,2,gas,1352,0,0
124.17,4.316,15,0,1,29.0,2,cash_advance,2582,1,0
12.61,0.27,17,0,0,22.6,0,gas,1004,0,0
26.86,0.717,7,0,0,16.0,4,grocery,2915,1,0
64.99,1.733,11,0,1,96.6,1,travel,1928,0,0
72.22,2.602,18,0,1,63.8,0,online_retail,2339,0,1
6.39,0.217,9,0,0,10.1,0,cash_advance,238,0,0
25.74,1.149,22,0,1,16.4,0,grocery,2348,0,0
26.88,0.553,23,1,0,2.4,0,travel,598,0,0
29.34,0.479,7,0,1,51.0,5,gambling,2123,0,0
10.69,0.638,9,0,1,87.5,0,gas,527,1,0
8.46,0.208,4,1,0,6.6,0,dining,2644,0,0
4.02,0.039,20,0,1,67.3,0,online_retail,1786,1,0
97.66,4.778,3,1,0,11.9,1,grocery,1060,1,0
46.9,2.467,7,0,0,1.0,1,electronics,3284,0,0
11.18,0.31,16,0,1,39.0,5,gas,1852,0,0
13.3,0.486,11,0,1,23.4,2,electronics,2521,0,0
212.6,7.395,0,1,1,45.1,0,dining,180,0,1
15.3,0.342,9,0,0,23.2,0,grocery,2956,0,0
13.01,0.499,16,0,1,28.1,0,online_retail,1319,0,0
15.83,0.228,0,1,1,64.9,0,electronics,2511,0,0
36.45,0.63,19,0,0,24.6,2,dining,1336,0,0
27.7,1.706,23,1,0,2.5,1,gambling,387,0,0
15.61,0.58,5,1,1,90.9,0,electronics,501,0,0
50.57,0.92,8,0,1,73.6,0,electronics,426,0,0
11.23,0.189,20,0,1,99.9,4,grocery,1688,0,0
107.75,3.454,7,0,1,47.8,1,electronics,3104,0,0
41.17,1.549,23,1,0,16.1,2,electronics,1117,0,0
12.82,0.194,0,1,1,54.3,1,online_retail,1081,0,0
81.62,2.906,20,0,1,36.1,1,cash_advance,2884,1,1
14.85,0.438,7,0,1,56.7,0,dining,947,0,0
11.18,0.312,2,1,1,96.9,2,grocery,61,1,0
60.24,3.152,12,0,0,20.0,0,electronics,440,0,0
105.48,4.0,6,0,0,4.0,2,travel,1038,0,0
8.73,0.428,15,0,0,20.9,1,cash_advance,2756,1,0
149.68,5.905,22,0,0,29.2,0,gas,903,0,0
6.41,0.169,14,0,1,42.3,1,gas,320,0,0
47.42,0.929,7,0,1,73.1,1,dining,1452,0,0
19.19,0.792,19,0,0,7.8,0,gambling,828,0,0
86.41,3.921,10,0,1,21.0,0,grocery,3358,0,0
18.29,0.486,8,0,1,59.5,0,dining,2112,0,0
19.45,0.918,19,0,0,4.3,1,gambling,1966,0,0
13.06,0.574,1,1,1,48.3,2,online_retail,2824,0,0
13.81,0.406,20,0,0,20.6,1,grocery,2511,0,0
125.89,3.858,6,0,0,14.9,1,gas,906,0,0
21.02,0.434,11,0,0,16.5,1,grocery,1076,1,0
146.34,3.419,6,0,0,3.5,0,online_retail,1340,0,0
132.05,2.351,22,0,1,29.9,0,online_retail,1613,1,0
158.18,11.339,18,0,0,12.8,0,cash_advance,2232,0,1
32.58,0.707,16,0,1,51.5,1,dining,1048,1,0
103.39,3.594,20,0,0,10.8,0,online_retail,134,1,0
10.69,0.307,1,1,0,1.8,0,grocery,1871,0,0
77.07,3.421,20,0,1,12.2,1,dining,2322,0,0
21.3,0.38,11,0,1,19.2,0,grocery,3367,0,0
87.73,1.5,0,1,1,84.1,1,cash_advance,1810,1,0
15.83,0.847,10,0,0,4.9,1,dining,2972,0,0
73.07,4.11,22,0,0,12.7,0,dining,1261,0,0
32.53,2.189,0,1,0,27.6,0,cash_advance,801,0,0
82.54,2.704,6,0,1,20.9,0,dining,1169,0,0
6.84,0.301,21,0,0,10.2,2,grocery,3355,0,0
163.85,8.809,10,0,1,60.0,0,gambling,1819,0,1
64.33,1.924,19,0,1,58.1,0,travel,503,0,0
66.43,1.234,17,0,0,24.4,0,online_retail,3346,0,0
41.62,1.846,14,0,1,110.0,0,grocery,2370,0,0
82.33,1.22,20,0,1,21.8,0,travel,3470,0,0
27.64,0.553,10,0,0,1.0,2,gas,2733,0,0
39.54,0.75,6,0,0,26.3,0,gas,2431,0,0
98.82,2.105,17,0,1,46.5,0,gambling,1959,1,0
18.79,0.632,23,1,0,9.3,0,gambling,2780,1,0
65.85,1.432,5,1,1,83.7,1,dining,1551,0,0
24.67,1.128,12,0,0,9.6,1,grocery,3001,0,0
3.78,0.078,9,0,1,70.7,1,grocery,2048,0,0
48.96,1.771,22,0,0,5.1,0,cash_advance,526,0,0
272.72,11.73,1,1,1,37.9,1,travel,2921,0,1
41.72,1.419,9,0,1,77.2,1,gas,1075,0,0
38.26,1.254,1,1,1,58.3,0,dining,3131,0,0
13.82,0.36,10,0,0,32.9,1,grocery,160,0,0
160.49,5.929,5,1,0,12.9,0,cash_advance,1962,0,1
28.38,0.724,23,1,1,23.9,1,online_retail,1461,0,0
14.17,0.837,1,1,0,0.0,0,grocery,2547,0,0
118.87,3.227,1,1,0,12.1,0,travel,3241,0,0
32.2,0.601,12,0,0,8.7,0,online_retail,1856,0,0
25.05,0.705,8,0,0,0.1,1,dining,3500,0,0
9.11,0.271,14,0,0,18.7,0,grocery,2088,0,0
27.56,0.619,2,1,1,50.3,1,dining,1237,0,0
9.97,0.463,1,1,0,4.8,0,dining,1502,0,0
44.51,1.014,23,1,0,25.2,0,online_retail,1321,0,0
17.3,0.467,22,0,1,43.0,1,gas,1792,0,0
8.99,0.383,15,0,0,0.3,0,gambling,817,0,0
80.62,2.873,10,0,0,4.0,1,dining,399,0,0
142.5,3.521,15,0,0,0.1,0,gambling,2858,0,0
268.94,8.587,7,0,1,43.8,5,grocery,3594,0,1
27.08,1.076,13,0,0,4.4,1,gas,2857,0,0
77.26,1.804,16,0,0,13.5,0,electronics,3066,0,0
41.3,1.721,2,1,0,16.9,3,gas,181,0,0
33.43,0.836,0,1,1,38.6,0,dining,649,0,0
21.32,0.309,20,0,1,14.6,1,travel,3271,0,0
7.71,0.236,19,0,0,8.7,0,travel,2944,0,0
7.55,0.461,9,0,0,4.6,0,online_retail,2938,0,0
60.9,1.845,21,0,0,14.3,3,electronics,2809,0,0
8.58,0.343,9,0,1,68.1,1,travel,1551,0,0
36.51,1.581,22,0,1,61.6,0,gambling,2992,0,0
6.74,0.124,17,0,1,46.2,1,gas,3053,0,0
47.63,0.781,14,0,0,31.6,1,dining,2959,0,0
43.24,1.067,16,0,0,24.4,0,grocery,311,0,0
43.34,2.136,18,0,1,27.9,1,grocery,3310,0,0
123.0,3.449,23,1,1,137.4,1,dining,1884,0,1
36.35,1.034,11,0,0,26.9,0,electronics,959,0,0
28.62,1.105,14,0,1,18.7,2,dining,646,0,0
119.33,1.889,6,0,1,90.8,0,gambling,484,1,0
35.77,1.079,21,0,0,0.6,0,gas,703,0,0
7.91,0.302,2,1,1,76.6,0,cash_advance,2701,1,0
18.12,0.709,22,0,0,0.9,1,gas,1388,0,0
33.29,0.882,1,1,1,76.3,0,dining,3507,0,0
17.09,0.647,11,0,1,59.9,1,online_retail,2463,0,0
29.47,0.261,8,0,0,9.4,1,grocery,2531,1,0
57.45,2.584,7,0,0,1.4,0,dining,504,1,0
43.61,1.653,22,0,1,46.8,1,online_retail,407,0,0
77.96,2.017,9,0,1,69.8,1,grocery,3147,0,0
20.7,0.437,19,0,1,122.5,0,electronics,3466,0,0
4.48,0.088,3,1,1,15.3,1,electronics,706,0,0
50.51,1.199,20,0,0,0.1,2,dining,1030,0,0
37.17,0.624,5,1,0,2.9,0,online_retail,2008,1,0
26.42,0.81,8,0,0,5.5,1,grocery,2626,0,0
46.04,1.277,4,1,1,71.2,0,online_retail,2655,0,0
7.59,0.176,22,0,1,10.1,0,electronics,715,0,0
182.44,2.606,18,0,1,12.6,1,grocery,3121,0,0
29.72,0.997,21,0,0,8.3,0,dining,388,0,0
27.99,0.67,11,0,0,7.7,0,grocery,313,0,0
23.52,0.779,2,1,1,19.7,0,grocery,2073,0,0
147.97,3.383,15,0,1,39.6,7,dining,2655,0,0
31.09,0.383,8,0,0,6.3,0,electronics,2821,0,0
58.72,1.394,3,1,1,63.1,0,grocery,2457,0,0
53.44,1.331,9,0,1,30.9,1,online_retail,2540,0,0
26.21,1.378,7,0,0,15.1,7,cash_advance,1076,0,0
28.04,0.586,7,0,0,1.0,1,online_retail,3596,0,0
14.24,0.714,9,0,0,10.9,0,online_retail,414,0,0
19.6,0.598,6,0,0,14.5,0,electronics,1306,0,0
279.02,12.259,16,0,1,48.9,0,grocery,2182,0,1
11.92,0.804,0,1,0,23.5,1,online_retail,1811,0,0
45.24,0.807,11,0,0,9.6,0,online_retail,2300,0,0
294.27,23.467,11,0,0,6.2,0,online_retail,526,0,1
23.6,0.713,2,1,0,0.5,0,gambling,3385,0,0
69.15,3.018,22,0,0,9.9,0,cash_advance,3560,1,0
12.21,0.411,19,0,1,89.9,1,grocery,2013,0,0
29.76,0.391,0,1,1,24.3,0,gas,3553,0,0
87.46,1.548,6,0,1,71.5,1,grocery,3452,0,0
124.11,2.116,13,0,0,21.3,0,gas,3548,0,0
44.76,1.514,18,0,0,15.4,0,dining,2343,0,0
29.59,1.183,9,0,1,28.0,0,cash_advance,1552,0,0
126.52,1.878,0,1,1,43.0,5,electronics,3176,0,0
25.97,1.2,10,0,1,87.0,0,gambling,303,0,0
165.62,5.341,16,0,1,5.0,1,gas,3373,0,0
11.52,0.184,21,0,0,14.4,1,gambling,742,0,0
185.51,15.815,19,0,1,43.3,0,gambling,2686,1,1
6.71,0.186,23,1,1,33.6,0,electronics,2969,0,0
356.72,8.961,2,1,0,24.1,2,gambling,348,0,1
45.39,2.326,13,0,0,26.6,1,online_retail,3121,0,0
42.74,1.309,1,1,0,3.6,2,grocery,807,0,0
77.52,1.58,19,0,1,43.0,0,electronics,961,0,0
51.97,1.058,21,0,1,73.9,2,electronics,2074,1,0
40.03,1.164,0,1,1,35.4,0,grocery,2984,0,0
103.96,2.762,13,0,1,33.5,1,gambling,3413,1,0
20.41,0.582,2,1,1,80.0,0,gambling,440,0,0
25.97,1.297,20,0,1,35.7,0,electronics,967,0,0
10.68,0.42,6,0,1,50.3,1,gas,3533,0,0
63.11,1.365,6,0,1,12.1,1,electronics,113,0,0
52.17,1.308,16,0,0,8.6,4,online_retail,492,1,0
4.25,0.088,1,1,0,4.6,0,electronics,2869,0,0
13.91,0.468,9,0,1,100.1,2,dining,341,0,0
30.48,0.776,1,1,1,30.9,0,grocery,759,0,0
17.16,0.337,8,0,0,20.8,1,online_retail,852,0,0
17.35,0.822,5,1,0,17.2,0,gas,1472,1,0
10.85,0.211,18,0,0,15.2,0,cash_advance,2334,0,0
40.36,2.612,8,0,0,14.5,3,grocery,55,0,0
112.62,5.884,5,1,1,38.5,0,electronics,2785,1,1
35.36,0.847,11,0,1,40.0,2,online_retail,1995,0,0
25.27,0.374,20,0,0,5.0,1,dining,226,0,0
112.41,5.935,13,0,1,31.9,1,online_retail,1851,1,1
13.16,0.837,7,0,0,18.4,0,grocery,28,0,0
46.41,1.849,13,0,1,14.4,0,grocery,1235,0,0
22.83,0.689,7,0,0,43.0,2,dining,251,0,0
34.83,0.902,16,0,0,15.8,0,dining,2043,0,0
21.26,0.524,10,0,1,37.3,1,grocery,513,0,0
155.28,6.077,13,0,0,3.1,1,grocery,864,2,0
48.93,2.022,10,0,1,13.0,0,gas,900,0,0
90.36,3.797,9,0,1,71.9,1,travel,1349,0,0
105.69,4.127,1,1,1,54.7,3,grocery,1446,0,0
106.21,5.332,4,1,0,3.3,1,online_retail,1399,0,0
33.75,0.506,9,0,1,58.0,2,grocery,2334,0,0
74.61,1.298,11,0,0,2.6,0,online_retail,2365,0,0
19.66,0.533,11,0,1,18.6,1,electronics,2494,0,0
19.71,0.529,8,0,0,6.9,0,dining,1478,0,0
276.6,13.421,2,1,0,6.2,0,gas,46,0,1
35.22,0.684,10,0,1,101.3,0,electronics,1081,0,0
64.75,1.857,18,0,1,63.7,1,grocery,141,0,0
30.66,1.498,18,0,0,16.4,6,travel,1851,0,0
20.54,0.561,10,0,1,20.0,0,grocery,1091,0,0
25.61,0.451,11,0,0,5.9,0,gambling,2530,0,0
253.97,4.322,7,0,0,5.4,1,grocery,2470,0,0
69.21,1.301,13,0,1,67.1,0,grocery,2622,0,0
34.04,1.193,1,1,0,5.1,2,grocery,1023,0,0
29.18,1.917,5,1,0,12.9,0,grocery,2374,0,0
214.11,9.265,7,0,0,0.3,2,online_retail,2923,0,0
48.78,1.727,19,0,1,32.7,1,grocery,3225,0,0
179.06,4.293,11,0,0,0.0,2,cash_advance,1356,0,0
21.26,0.75,7,0,1,44.0,0,online_retail,297,0,0
45.74,0.513,12,0,1,43.5,0,travel,814,2,0
26.47,1.205,2,1,1,50.3,0,dining,2561,0,0
57.48,0.886,6,0,0,4.0,5,gas,2418,0,0
16.67,0.304,11,0,1,90.6,0,online_retail,2551,0,0
19.92,0.289,0,1,0,6.3,1,online_retail,227,0,0
21.67,0.871,1,1,1,37.7,1,gambling,3002,0,0
178.75,6.74,3,1,0,18.2,0,travel,315,0,1
16.57,1.064,12,0,0,1.3,1,online_retail,2465,0,0
19.05,0.873,23,1,1,75.9,0,dining,54,1,0
29.23,0.806,1,1,1,124.0,0,gambling,3464,0,0
17.02,0.528,21,0,0,21.8,0,gas,1574,1,0
16.0,0.668,11,0,1,21.6,0,dining,1927,0,0
77.65,2.927,15,0,0,12.0,0,cash_advance,2561,0,0
46.57,2.339,18,0,0,27.7,0,electronics,294,0,0
23.95,1.007,2,1,0,7.6,0,online_retail,1977,0,0
77.43,1.957,8,0,0,25.8,1,online_retail,3498,0,0
90.64,3.694,1,1,0,9.0,0,cash_advance,945,1,0
120.8,4.313,11,0,1,125.7,0,grocery,2189,1,0
37.71,2.038,5,1,1,6.0,0,online_retail,1297,0,0
21.97,0.988,21,0,0,4.1,0,online_retail,2197,0,0
15.41,0.828,22,0,0,33.1,2,cash_advance,2814,0,0
10.15,0.507,4,1,1,134.6,6,gambling,761,0,0
10.63,0.28,15,0,0,3.9,3,cash_advance,630,1,0
10.68,0.474,2,1,1,64.8,1,dining,303,0,0
63.65,1.4,10,0,1,47.9,0,online_retail,666,0,0
142.98,2.116,19,0,1,137.2,1,gas,1990,0,0
8.37,0.085,2,1,1,81.9,1,electronics,2109,0,0
32.43,1.64,5,1,1,35.7,0,grocery,3495,0,0
50.57,1.149,13,0,1,40.7,0,electronics,455,0,0
7.97,0.358,21,0,1,46.0,0,grocery,948,0,0
59.38,2.693,0,1,1,21.1,1,electronics,1372,0,0
14.95,0.548,22,0,0,1.4,1,gas,1939,0,0
90.42,3.573,13,0,1,47.1,0,dining,1167,0,0
163.8,4.032,16,0,1,108.4,0,gas,1517,0,0
36.66,1.842,3,1,0,5.6,0,gas,569,0,0
4.9,0.169,22,0,0,18.3,0,dining,3069,1,0
40.96,1.052,21,0,1,49.3,2,dining,280,0,0
5.62,0.183,18,0,0,22.7,1,dining,1134,0,0
60.02,2.226,21,0,0,17.3,0,gas,699,0,0
27.84,0.405,4,1,1,45.2,0,grocery,2758,0,0
32.36,0.808,10,0,1,61.5,0,dining,2022,0,0
11.13,0.383,6,0,1,9.2,1,grocery,1967,0,0
142.53,9.988,21,0,0,5.7,1,dining,160,0,1
4.76,0.167,0,1,0,21.5,1,online_retail,1702,0,0
22.47,0.583,21,0,0,23.9,0,grocery,2208,0,0
5.52,0.145,3,1,1,5.7,3,grocery,3243,0,0
14.69,0.422,11,0,0,2.7,0,gas,827,0,0
128.18,4.146,15,0,1,84.6,1,gambling,1147,0,1
7.99,0.127,4,1,1,110.4,0,gas,3219,0,0
90.29,2.157,8,0,0,4.4,5,online_retail,1915,0,0
28.47,0.581,20,0,0,10.7,2,dining,2780,0,0
25.34,0.641,14,0,0,4.0,0,electronics,244,0,0
16.42,0.358,7,0,0,15.4,0,cash_advance,1247,0,0
25.63,1.078,7,0,1,52.3,0,cash_advance,1201,1,0
140.64,5.014,21,0,1,91.3,0,online_retail,1753,0,0
35.71,1.68,15,0,1,55.7,0,dining,2638,0,0
18.56,0.407,10,0,0,0.7,0,dining,3428,0,0
35.42,0.813,0,1,0,3.2,1,online_retail,2930,0,0
10.51,0.235,3,1,1,122.1,1,online_retail,2048,0,0
8.65,0.238,2,1,1,94.0,0,online_retail,177,0,0
85.3,2.927,11,0,0,18.3,1,gas,1893,0,0
38.88,0.63,12,0,1,12.6,1,online_retail,1774,1,0
12.79,0.502,20,0,1,80.6,2,gambling,573,0,0
68.29,3.425,3,1,0,0.1,0,online_retail,1577,0,0
70.03,1.982,3,1,0,0.5,0,electronics,3452,0,0
28.65,1.068,12,0,0,2.0,2,online_retail,658,0,0
48.33,1.187,2,1,1,23.6,0,dining,2666,0,0
384.25,11.048,5,1,0,2.8,1,grocery,721,0,1
14.62,0.432,19,0,1,26.3,1,dining,1231,0,0
42.85,1.804,19,0,1,60.4,0,gas,1455,0,0
16.92,0.355,19,0,1,103.7,0,travel,1004,0,0
250.01,7.574,9,0,1,2.2,0,gambling,1971,1,1
11.76,0.62,23,1,1,74.0,0,dining,2442,0,0
24.01,0.639,8,0,1,31.9,1,grocery,2843,0,0
21.02,1.281,17,0,1,93.4,0,dining,1386,0,0
19.92,1.032,22,0,1,80.0,0,gas,945,0,0
147.74,6.062,5,1,0,8.5,1,gas,1487,0,0
178.94,2.047,6,0,1,83.6,1,gas,2050,1,0
59.97,1.032,23,1,1,51.6,0,travel,2751,0,0
20.05,0.621,3,1,1,31.2,1,online_retail,2499,0,0
147.83,4.388,16,0,0,8.2,0,gambling,1611,0,0
111.44,5.542,7,0,0,10.7,1,dining,2173,0,0
142.02,6.952,7,0,1,41.6,0,grocery,2972,0,0
91.76,2.606,16,0,1,14.1,1,cash_advance,3143,0,0
30.39,0.982,21,0,1,62.0,0,electronics,977,0,0
64.36,2.769,22,0,0,12.5,2,dining,606,0,0
31.48,0.858,1,1,0,7.4,1,electronics,3458,0,0
13.85,0.358,20,0,1,65.1,0,electronics,1967,0,0
17.85,0.218,5,1,1,21.4,1,dining,1260,0,0
61.82,1.12,19,0,1,82.1,0,electronics,2636,0,0
70.61,0.963,0,1,0,18.4,1,travel,94,0,0
28.67,0.582,11,0,1,25.7,1,dining,3405,0,0
33.54,0.863,6,0,0,31.0,1,travel,1684,0,0
21.51,1.292,20,0,0,20.8,0,electronics,3462,0,0
4.01,0.174,10,0,0,11.9,0,travel,329,0,0
28.45,0.825,12,0,0,18.3,0,dining,2756,0,0
62.98,4.279,21,0,0,17.5,0,electronics,1266,0,0
13.02,0.345,3,1,1,79.7,1,dining,1426,0,0
157.34,6.583,8,0,1,14.7,0,cash_advance,2135,0,0
19.27,0.653,4,1,0,1.4,0,online_retail,309,1,0
22.64,0.633,12,0,0,2.4,0,cash_advance,2293,0,0
50.64,1.647,18,0,1,72.5,1,online_retail,2016,0,0
91.54,3.332,6,0,0,18.2,0,dining,278,0,0
46.54,2.106,12,0,1,65.4,1,grocery,2909,0,0
39.76,1.395,0,1,0,27.3,1,dining,3315,1,0
10.7,0.444,10,0,1,96.0,2,grocery,1185,0,0
21.42,0.711,22,0,1,23.2,0,cash_advance,967,0,0
89.64,2.58,16,0,0,14.9,1,online_retail,2301,0,0
37.55,1.465,13,0,1,114.8,0,grocery,2542,0,0
2.75,0.073,11,0,0,7.5,0,online_retail,874,0,0
169.15,2.906,10,0,0,7.9,0,cash_advance,1752,1,0
53.2,2.023,0,1,1,52.9,0,dining,1175,0,0
43.74,0.934,12,0,0,10.9,0,dining,1290,0,0
89.14,1.995,13,0,0,37.2,1,dining,25,0,0
34.73,0.579,4,1,1,91.7,0,cash_advance,230,0,0
169.21,4.226,5,1,1,74.7,0,grocery,91,1,0
4.75,0.128,0,1,0,15.5,0,dining,2510,0,0
31.24,1.663,10,0,0,16.3,0,gas,3452,0,0
54.33,2.335,17,0,1,18.5,0,gas,933,0,0
37.97,0.89,5,1,0,36.6,1,cash_advance,2466,1,0
29.89,0.485,6,0,0,0.4,0,cash_advance,2087,0,0
35.98,1.252,10,0,0,2.3,0,grocery,1218,0,0
54.45,1.237,16,0,0,7.0,0,grocery,1636,0,0
20.35,0.873,1,1,1,95.0,1,grocery,65,0,0
115.05,1.515,17,0,1,43.5,0,dining,1375,0,0
56.88,0.619,13,0,1,60.7,1,grocery,1101,0,0
71.37,1.461,13,0,0,4.5,5,dining,179,0,0
49.7,1.897,20,0,0,17.8,0,dining,1086,0,0
18.26,1.07,5,1,1,60.4,1,grocery,2337,1,0
45.22,1.906,10,0,0,22.5,0,online_retail,1186,0,0
119.56,8.577,14,0,1,45.7,0,gambling,2974,0,1
21.5,0.695,14,0,1,11.9,0,grocery,144,0,0
13.21,0.608,2,1,1,15.4,1,gas,2557,0,0
22.52,0.277,10,0,1,99.0,1,online_retail,2184,0,0
33.96,1.02,13,0,0,18.3,0,grocery,2525,1,0
19.37,0.409,1,1,0,22.0,2,travel,2411,0,0
13.88,0.549,11,0,1,15.5,0,gas,151,0,0
53.77,0.97,12,0,0,25.7,0,travel,2531,0,0
8.82,0.421,5,1,0,12.9,1,dining,2506,0,0
28.8,0.956,15,0,0,23.5,0,online_retail,1905,1,0
35.97,1.256,0,1,0,19.1,0,gas,1582,0,0
32.55,0.821,20,0,0,19.4,1,online_retail,1510,0,0
25.47,0.701,4,1,1,52.7,0,dining,532,0,0
110.92,3.321,14,0,0,4.6,5,gas,2961,0,0
98.44,6.86,11,0,1,29.9,0,gambling,1488,0,0
22.92,0.89,22,0,0,2.0,1,dining,2988,0,0
37.19,0.884,10,0,1,72.3,0,grocery,1327,0,0
11.13,0.258,19,0,1,44.5,0,travel,1261,0,0
40.54,0.798,5,1,0,2.5,0,online_retail,2548,1,0
21.55,0.517,20,0,0,20.0,2,gambling,313,0,0
13.21,0.392,3,1,0,8.0,0,travel,171,2,0
153.93,4.975,13,0,0,8.8,1,electronics,2243,1,0
45.83,1.191,10,0,1,49.5,0,online_retail,3107,0,0
20.2,0.297,9,0,1,37.3,0,dining,213,0,0
43.1,0.838,8,0,1,93.5,0,travel,2585,0,0
78.71,2.611,15,0,1,72.9,0,cash_advance,2851,0,0
104.96,3.064,4,1,1,41.6,1,gambling,65,0,0
9.27,0.328,8,0,0,4.7,0,gambling,2468,0,0
44.6,1.914,14,0,1,14.0,0,dining,784,0,0
27.57,1.81,19,0,0,14.9,1,cash_advance,3513,1,0
32.65,1.026,4,1,1,56.5,1,dining,964,0,0
144.23,3.592,12,0,0,2.9,0,gas,1833,0,0
26.8,0.513,10,0,1,27.0,2,online_retail,2602,1,0
33.14,1.46,5,1,1,62.5,1,cash_advance,1569,0,0
74.88,1.673,12,0,0,27.4,0,online_retail,2728,1,0
11.44,0.311,6,0,1,37.8,0,dining,970,1,0
5.65,0.184,11,0,0,26.6,0,dining,3281,0,0
11.95,0.299,1,1,0,6.4,1,gambling,3583,0,0
8.87,0.343,13,0,0,14.4,7,grocery,2124,0,0
18.24,0.458,14,0,1,29.6,1,dining,1867,0,0
5.22,0.124,4,1,1,53.5,0,online_retail,3120,0,0
21.82,1.251,6,0,1,32.0,2,gambling,2842,1,0
68.59,2.534,7,0,1,110.3,0,cash_advance,755,0,0
40.72,1.527,22,0,0,11.4,0,gambling,3126,2,0
13.47,0.585,2,1,0,12.5,2,dining,1269,0,0
19.04,0.467,18,0,0,19.6,0,gas,2152,0,0
45.04,0.799,17,0,1,86.3,1,gambling,1835,0,0
235.53,6.809,5,1,0,16.2,0,online_retail,1448,0,0
137.21,6.83,5,1,0,12.3,0,cash_advance,2497,0,0
37.08,1.426,0,1,0,11.2,0,dining,948,0,0
19.62,0.2,10,0,1,39.9,2,online_retail,2234,0,0
38.15,1.183,5,1,1,64.8,0,gas,1002,0,0
14.18,0.37,20,0,0,9.1,1,cash_advance,1608,0,0
19.11,0.561,23,1,1,28.6,0,grocery,1788,1,0
75.42,1.768,6,0,1,74.3,1,gas,444,0,0
16.4,0.648,20,0,0,10.2,1,gambling,1698,0,0
73.98,2.497,1,1,0,23.3,0,cash_advance,1706,0,0
41.31,1.319,14,0,1,147.6,0,online_retail,1547,0,0
78.18,1.791,22,0,1,57.6,0,gas,3523,1,0
32.14,2.164,4,1,0,8.1,0,travel,1840,1,0
16.17,0.549,0,1,1,36.7,0,grocery,1982,0,0
137.05,3.294,4,1,1,52.1,2,grocery,2816,0,0
193.96,6.957,10,0,1,28.7,0,dining,2610,0,0
16.29,0.638,1,1,1,99.9,1,dining,1425,0,0
84.21,1.916,18,0,0,4.6,1,cash_advance,2245,0,0
8.74,0.432,14,0,0,12.2,0,cash_advance,1526,0,0
97.85,4.718,10,0,0,2.2,1,dining,3004,0,0
34.19,0.703,17,0,0,7.6,1,gas,1699,0,0
10.25,0.307,15,0,0,25.5,0,grocery,1133,0,0
161.78,6.973,0,1,0,7.5,1,gambling,2815,0,1
80.55,3.324,19,0,0,13.4,0,dining,298,0,0
70.05,3.304,14,0,0,13.6,1,gas,1892,0,0
16.98,0.353,2,1,0,10.9,0,dining,539,0,0
6.66,0.075,15,0,0,1.9,1,online_retail,1532,0,0
93.89,2.648,13,0,1,136.8,1,gambling,1650,0,0
29.72,1.579,20,0,1,103.0,0,dining,2716,1,0
33.57,0.655,19,0,0,2.0,6,gas,1709,0,0
44.13,1.425,10,0,1,43.6,2,online_retail,2883,0,0
197.12,5.884,12,0,0,5.8,0,dining,750,1,0
18.87,0.582,1,1,1,46.6,1,grocery,1597,0,0
43.82,1.049,1,1,1,86.7,1,grocery,3266,1,0
218.87,8.332,1,1,1,59.4,0,online_retail,1516,0,1
9.12,0.326,13,0,1,12.7,0,cash_advance,841,0,0
182.84,4.521,14,0,0,12.1,2,dining,1414,0,0
45.05,1.788,4,1,1,63.8,0,gambling,2310,1,0
29.8,0.628,17,0,1,35.8,0,electronics,2341,0,0
69.39,1.889,12,0,0,8.6,1,online_retail,523,0,0
28.95,1.185,20,0,0,7.9,0,online_retail,1754,1,0
59.81,1.193,22,0,1,85.0,3,gambling,263,0,0
59.8,1.868,21,0,1,15.0,0,cash_advance,1365,0,0
41.27,1.835,6,0,0,7.5,0,dining,2744,0,0
10.56,0.49,20,0,1,33.3,1,dining,661,0,0
14.72,0.331,11,0,0,0.1,0,dining,2906,0,0
14.22,0.521,2,1,1,46.9,1,grocery,3211,0,0
43.14,0.665,12,0,0,19.9,1,gas,1401,0,0
18.07,0.563,18,0,0,10.0,1,gambling,3238,0,0
23.92,0.903,9,0,0,19.8,0,travel,263,0,0
20.23,0.297,10,0,1,26.5,1,gas,1203,0,0
72.76,2.105,4,1,1,15.0,2,online_retail,2392,0,0
9.53,0.269,23,1,1,61.7,0,grocery,1741,0,0
15.79,0.841,0,1,1,86.3,0,grocery,422,1,0
16.47,0.353,14,0,0,9.0,1,gas,1523,0,0
11.08,0.217,8,0,0,1.9,2,online_retail,1691,0,0
89.68,1.986,23,1,0,30.9,2,dining,241,0,0
33.1,0.565,4,1,0,0.9,1,electronics,1314,0,0
61.31,1.815,12,0,0,11.1,1,gas,3362,0,0
9.99,0.335,21,0,0,8.2,1,electronics,1519,0,0
574.33,15.822,13,0,0,2.2,1,gas,1059,0,1
70.14,2.376,20,0,0,9.5,1,dining,653,0,0
57.64,1.081,14,0,1,85.0,0,cash_advance,1357,0,0
16.61,0.38,4,1,0,14.2,1,electronics,162,0,0
38.89,0.446,11,0,0,12.5,1,grocery,462,1,0
20.99,0.535,12,0,0,4.4,0,online_retail,998,0,0
82.88,3.446,5,1,1,11.1,2,grocery,3503,0,0
31.88,1.104,13,0,0,4.6,2,gambling,125,0,0
51.75,1.639,4,1,1,54.3,1,online_retail,1723,0,0
42.31,1.304,17,0,0,31.5,0,dining,538,0,0
35.46,1.343,14,0,0,6.8,0,grocery,1999,0,0
28.39,1.163,11,0,0,4.7,0,electronics,654,0,0
45.46,0.922,23,1,0,11.0,0,travel,2211,1,0
28.59,0.381,20,0,1,69.4,2,travel,647,0,0
43.2,2.809,18,0,1,52.6,1,dining,2689,0,0
35.18,1.535,5,1,1,39.7,0,gas,2260,0,0
18.26,0.416,11,0,1,90.2,1,cash_advance,3570,0,0
209.96,5.658,19,0,0,3.4,0,dining,3501,0,0
38.85,1.237,0,1,0,8.3,1,grocery,2152,0,0
50.06,2.934,6,0,1,65.5,2,electronics,2661,1,0
52.19,2.151,14,0,0,1.3,1,gas,2834,0,0
22.92,0.992,11,0,1,71.7,0,grocery,3055,0,0
28.29,0.822,21,0,1,35.1,1,travel,332,0,0
52.0,1.324,1,1,0,19.2,2,dining,1486,0,0
60.69,3.539,15,0,0,20.8,0,gas,2682,0,0
17.84,0.498,4,1,1,58.0,0,grocery,485,0,0
26.96,0.746,6,0,1,47.2,2,dining,1215,0,0
12.91,0.319,4,1,1,70.8,2,grocery,3064,1,0
5.57,0.271,6,0,1,117.0,1,dining,121,0,0
17.54,1.062,18,0,0,26.5,0,online_retail,3186,0,0
76.39,1.522,2,1,0,1.0,0,travel,2394,0,0
337.56,8.682,11,0,0,20.6,0,grocery,3353,0,0
39.19,1.697,15,0,0,10.1,1,dining,620,0,0
22.86,1.586,5,1,0,0.2,0,gas,3054,0,0
32.35,1.024,19,0,1,29.2,1,cash_advance,1997,0,0
415.68,8.852,0,1,1,66.4,0,gas,3043,0,1
42.13,1.141,5,1,1,45.8,0,dining,1683,0,0
94.67,2.76,19,0,0,34.9,1,dining,2563,0,0
45.37,0.713,21,0,1,57.6,1,gambling,3447,0,0
55.58,1.483,21,0,1,102.7,0,gas,1205,0,0
48.82,2.56,1,1,1,20.2,0,electronics,1085,1,0
9.44,0.311,17,0,1,90.4,2,cash_advance,3014,0,0
67.26,1.483,6,0,1,94.2,1,grocery,2702,0,0
18.09,1.223,17,0,1,72.4,0,travel,989,0,0
4.78,0.173,4,1,1,89.6,0,gambling,1123,0,0
37.75,1.054,10,0,1,46.3,1,cash_advance,3421,0,0
41.32,1.567,5,1,1,101.3,1,grocery,2167,0,0
11.27,0.299,13,0,0,21.0,1,gambling,2094,0,0
12.57,0.302,7,0,0,30.6,0,gas,1598,0,0
9.12,0.286,0,1,1,49.1,0,dining,1651,0,0
19.53,0.337,3,1,1,95.2,0,cash_advance,2687,1,0
11.6,0.398,2,1,1,24.5,3,online_retail,1754,0,0
287.05,6.419,14,0,0,15.2,0,dining,1806,0,0
46.03,1.118,4,1,1,35.3,0,online_retail,286,0,0
19.04,0.779,12,0,1,92.6,0,online_retail,623,0,0
37.32,0.63,8,0,1,11.6,1,gambling,2299,0,0
183.53,6.238,9,0,1,12.2,0,online_retail,256,0,0
5.72,0.339,16,0,0,3.2,0,online_retail,1109,0,0
30.96,0.431,17,0,1,124.8,1,dining,3128,1,0
52.79,1.287,21,0,0,17.9,1,online_retail,2290,1,0
84.69,5.857,22,0,1,14.6,1,cash_advance,2834,0,0
70.99,3.016,9,0,1,58.2,0,dining,1459,0,0
35.07,0.952,0,1,1,22.7,0,online_retail,2098,1,0
11.24,0.311,22,0,0,11.1,1,travel,1724,0,0
159.27,2.679,18,0,0,16.6,2,grocery,2481,0,0
78.99,1.675,21,0,1,149.0,1,electronics,3536,0,0
18.48,0.701,21,0,0,19.1,1,grocery,3082,0,0
28.07,1.103,9,0,0,17.1,0,gas,1120,0,0
19.71,1.21,6,0,1,45.0,1,travel,231,0,0
33.78,1.531,11,0,1,42.6,0,grocery,1542,0,0
85.35,4.48,17,0,1,41.8,1,gas,423,0,0
33.67,2.09,14,0,0,13.9,0,online_retail,1892,0,0
17.89,0.529,3,1,1,47.2,0,gas,1743,0,0
20.04,0.522,8,0,1,17.5,0,dining,2484,0,0
210.2,5.406,0,1,1,3.6,2,dining,2704,0,0
21.75,0.757,9,0,1,13.9,0,grocery,177,0,0
11.45,0.353,20,0,1,66.2,0,travel,2934,0,0
81.72,0.878,1,1,1,39.9,2,gas,2042,0,0
38.05,1.771,7,0,0,2.7,0,dining,2339,0,0
24.78,0.307,7,0,1,54.6,2,gas,2504,0,0
15.33,0.47,23,1,1,60.6,0,gas,149,0,0
203.85,6.114,12,0,0,7.9,3,gas,1845,0,0
98.08,3.277,23,1,0,31.2,0,cash_advance,942,0,0
59.04,1.045,6,0,1,32.3,1,cash_advance,213,0,0
12.05,0.63,15,0,1,55.0,0,cash_advance,2022,0,0
399.44,16.237,19,0,1,4.5,1,grocery,1096,1,1
70.26,1.474,18,0,0,5.9,0,cash_advance,644,0,0
11.86,0.367,10,0,0,11.3,0,gas,3197,0,0
38.44,2.039,17,0,1,76.6,1,dining,623,1,0
32.99,1.251,7,0,1,94.9,4,grocery,1442,2,0
28.6,0.907,10,0,0,10.9,1,grocery,2078,0,0
15.57,0.304,7,0,0,19.6,0,electronics,3219,0,0
112.89,5.704,11,0,1,44.4,2,grocery,3194,0,0
23.52,2.014,0,1,1,12.9,1,cash_advance,1168,0,0
57.61,2.179,11,0,1,51.9,2,grocery,1925,0,0
6.33,0.162,18,0,0,17.8,0,cash_advance,3309,0,0
14.9,0.518,20,0,1,71.3,2,online_retail,632,0,0
51.86,2.34,22,0,1,21.0,2,electronics,426,0,0
30.41,0.769,2,1,0,8.4,0,online_retail,2423,0,0
24.51,0.856,10,0,1,60.2,1,online_retail,2827,0,0
27.92,0.662,6,0,0,12.0,0,online_retail,2995,0,0
12.69,0.501,6,0,1,38.7,0,gambling,601,0,0
59.79,2.446,15,0,0,8.8,0,electronics,3472,0,0
61.64,1.174,19,0,1,38.4,0,travel,2605,0,0
68.55,2.029,22,0,1,34.1,1,electronics,1074,1,0
99.96,3.111,17,0,1,67.5,1,travel,2437,0,0
132.8,1.028,3,1,0,18.4,1,dining,285,0,0
9.24,0.308,2,1,1,29.7,0,online_retail,1530,0,0
102.27,3.536,23,1,1,66.6,0,online_retail,619,0,0
23.55,2.122,20,0,1,64.4,2,dining,569,0,0
60.25,1.321,18,0,1,73.7,0,gambling,2630,0,0
18.83,0.411,8,0,1,13.3,0,online_retail,3065,0,0
30.28,1.325,11,0,1,94.3,1,dining,444,0,0
7.81,0.274,19,0,1,25.6,9,dining,1093,1,1
11.43,0.612,18,0,0,26.5,2,electronics,3337,1,0
16.96,0.381,7,0,1,47.0,2,grocery,277,0,0
34.39,0.954,12,0,0,33.1,0,gas,3259,0,0
20.4,0.464,21,0,0,3.1,0,grocery,1363,0,0
88.09,1.561,4,1,1,51.7,0,grocery,2330,0,0
11.11,0.259,22,0,1,59.0,1,travel,3501,0,0
18.91,0.544,6,0,0,20.5,0,travel,2640,0,0
31.05,1.88,4,1,0,19.0,0,grocery,3381,1,0
12.15,0.76,17,0,1,115.9,1,online_retail,2657,0,0
58.37,1.344,0,1,0,17.9,0,dining,3050,0,0
224.48,15.72,22,0,1,45.5,0,gas,2380,0,1
38.66,1.83,0,1,0,32.0,2,electronics,837,0,0
50.11,1.328,12,0,0,16.1,0,travel,1841,0,0
100.52,4.502,11,0,1,30.4,1,electronics,1204,0,0
38.02,1.255,18,0,1,74.9,0,travel,464,1,0
31.49,1.527,5,1,0,13.4,0,grocery,2874,0,0
65.54,3.412,6,0,1,14.1,0,gas,3467,0,0
33.61,1.464,20,0,1,78.4,0,grocery,1694,0,0
9.48,0.659,3,1,0,8.2,1,online_retail,2375,0,0
109.58,2.052,7,0,1,56.2,0,electronics,1908,0,0
6.09,0.206,8,0,1,80.8,1,gas,1375,1,0
25.39,0.79,21,0,0,10.1,2,grocery,3395,0,0
16.71,0.421,15,0,0,1.8,0,gas,2369,0,0
13.65,0.541,12,0,1,48.2,0,grocery,3368,1,0
29.32,0.961,11,0,0,4.2,0,dining,3373,1,0
14.32,0.704,10,0,0,6.6,0,grocery,2019,0,0
23.66,0.99,1,1,0,36.4,0,online_retail,1641,1,0
201.98,4.38,18,0,1,11.7,0,gas,711,0,0
30.46,1.008,16,0,1,18.6,0,dining,2929,0,0
47.81,1.824,10,0,0,6.0,4,online_retail,2947,0,0
104.25,3.316,11,0,0,5.2,0,cash_advance,1178,0,0
13.41,0.32,9,0,1,15.1,3,cash_advance,1793,0,0
11.12,0.418,23,1,0,2.3,1,grocery,44,0,0
8.45,0.148,19,0,0,11.2,0,grocery,2448,0,0
34.77,0.425,22,0,1,58.3,1,online_retail,581,0,0
135.35,3.777,4,1,0,16.4,0,gas,3253,0,0
47.25,2.341,0,1,1,30.6,0,gas,186,1,0
58.74,2.164,21,0,1,96.6,0,gambling,995,0,0
33.17,0.975,13,0,1,16.6,1,gambling,2760,0,0
21.29,0.306,7,0,1,35.0,0,gambling,2565,1,0
34.6,0.839,19,0,1,34.8,0,travel,1167,0,0
155.68,7.371,12,0,1,22.1,1,grocery,1175,0,1
32.76,1.205,13,0,0,6.8,2,dining,322,0,0
47.37,2.492,10,0,1,74.5,1,travel,3458,0,0
39.61,1.222,23,1,0,25.0,2,cash_advance,1865,0,0
25.39,0.574,4,1,1,105.5,1,grocery,1757,0,0
43.94,0.628,21,0,0,2.3,0,dining,2486,0,0
3.75,0.095,17,0,1,27.8,1,dining,1842,0,0
20.42,0.922,7,0,0,10.7,0,dining,621,0,0
179.26,5.946,16,0,0,22.1,0,grocery,804,0,0
50.05,1.061,22,0,1,72.1,0,online_retail,3226,0,0
98.03,3.85,2,1,0,8.2,0,electronics,495,0,0
15.12,0.386,6,0,1,140.7,2,grocery,1355,0,0
44.3,1.388,10,0,1,22.7,2,dining,3163,0,0
59.9,1.677,1,1,1,77.5,1,online_retail,648,0,0
18.99,0.416,18,0,0,2.6,1,grocery,2259,0,0
35.45,1.153,19,0,0,12.4,0,dining,3118,0,0
54.23,1.781,23,1,0,1.0,0,dining,1074,0,0
235.04,10.162,2,1,1,129.1,0,grocery,1705,0,1
27.23,0.689,0,1,0,0.5,0,grocery,1526,0,0
665.6,23.874,2,1,1,18.6,0,online_retail,1972,0,1
63.49,2.355,16,0,1,16.7,0,dining,676,0,0
146.73,3.692,2,1,1,5.5,0,cash_advance,2453,1,1
113.99,6.654,20,0,1,17.0,0,dining,541,0,1
31.68,1.671,16,0,1,24.1,1,gas,633,0,0
112.23,4.422,2,1,1,75.9,1,online_retail,2694,1,0
27.96,0.764,3,1,1,9.8,0,grocery,3253,0,0
16.17,0.32,6,0,0,1.3,0,online_retail,3401,0,0
48.02,1.512,10,0,1,77.2,1,cash_advance,1557,0,0
13.15,0.163,18,0,1,53.8,2,online_retail,2461,0,0
24.43,0.651,21,0,1,80.3,1,electronics,1218,0,0
138.49,4.612,6,0,0,21.1,2,gas,3183,0,0
208.53,7.211,5,1,0,5.7,0,grocery,1949,0,0
39.15,1.118,17,0,0,22.2,1,dining,473,0,0
60.65,2.59,1,1,1,92.4,0,grocery,320,1,0
26.28,0.849,23,1,1,43.4,0,electronics,1745,0,0
49.69,1.537,10,0,1,43.1,0,grocery,3152,0,0
20.17,0.791,19,0,0,26.0,2,dining,910,0,0
7.33,0.288,6,0,0,18.1,0,online_retail,2991,0,0
20.16,0.921,15,0,0,25.0,1,travel,3384,0,0
32.18,0.453,5,1,1,102.9,0,online_retail,3119,0,0
49.1,2.146,1,1,1,12.4,0,grocery,1256,0,0
53.06,1.737,23,1,0,13.2,2,electronics,3265,0,0
31.4,0.916,23,1,0,37.7,0,gambling,2318,0,0
82.22,2.062,6,0,0,4.2,2,grocery,324,0,0
49.23,1.399,11,0,1,5.8,0,dining,145,0,0
468.46,11.938,3,1,0,25.6,1,gas,3052,1,1
25.15,0.627,2,1,1,45.8,1,travel,804,1,0
28.17,0.577,0,1,1,142.8,1,cash_advance,1946,1,0
40.83,1.438,4,1,0,11.8,0,online_retail,3560,0,0
22.56,0.737,22,0,1,105.9,0,travel,2477,0,0
63.51,1.169,5,1,1,18.8,1,online_retail,1563,0,0
34.27,1.123,22,0,0,5.2,1,gas,28,0,0
164.94,5.944,23,1,1,35.9,0,grocery,2569,0,1
58.69,1.91,7,0,1,23.4,0,online_retail,1750,0,0
25.06,1.011,1,1,1,23.1,2,online_retail,1451,0,0
25.67,0.438,2,1,1,53.1,0,gambling,3324,0,0
5.32,0.132,18,0,0,59.8,0,dining,384,0,0
22.7,0.812,16,0,0,6.6,0,online_retail,2391,0,0
35.05,1.206,7,0,1,35.0,1,grocery,2616,0,0
45.1,1.666,14,0,0,26.3,0,grocery,736,1,0
11.95,0.416,2,1,1,98.7,1,grocery,1949,1,0
12.41,0.461,6,0,1,72.2,1,electronics,1761,0,0
174.15,3.6,23,1,0,32.6,0,dining,587,0,0
21.8,0.679,20,0,0,9.7,7,travel,2026,0,0
24.67,1.512,15,0,0,37.1,0,gas,2928,0,0
59.26,1.131,14,0,0,3.3,1,online_retail,1791,0,0
87.51,3.119,1,1,0,4.2,2,grocery,3403,0,0
40.2,1.28,3,1,1,8.1,0,grocery,1890,0,0
100.57,2.08,2,1,1,35.8,7,gambling,1319,0,0
58.48,0.998,13,0,1,33.7,1,dining,2828,0,0
424.43,22.673,17,0,1,59.6,5,dining,3470,0,1
42.17,1.576,10,0,1,71.5,0,gambling,1733,1,0
13.49,0.807,11,0,1,29.1,0,online_retail,1383,0,0
117.02,5.39,4,1,1,13.1,1,grocery,920,0,0
47.63,1.816,16,0,1,16.6,1,electronics,1616,0,0
140.76,2.427,19,0,1,46.7,5,grocery,2929,0,0
298.43,7.37,15,0,0,22.5,2,electronics,2712,0,0
26.5,0.844,16,0,1,62.4,0,grocery,2748,0,0
58.53,0.899,11,0,0,2.6,0,electronics,483,0,0
19.35,0.225,4,1,1,23.2,0,dining,1780,1,0
129.51,8.024,5,1,1,17.5,1,gambling,3312,0,1
59.04,3.453,6,0,0,11.8,0,online_retail,1207,0,0
529.37,22.402,3,1,0,6.1,0,online_retail,981,0,1
47.65,1.772,10,0,1,64.9,1,gambling,1697,0,0
15.5,0.615,18,0,0,8.8,1,grocery,2952,0,0
10.5,0.245,5,1,1,63.7,0,travel,125,0,0
224.46,6.796,21,0,0,27.6,1,dining,1103,0,0
52.85,1.34,6,0,0,1.3,0,online_retail,1246,0,0
74.91,2.182,22,0,0,39.4,0,cash_advance,687,0,0
26.79,1.152,12,0,0,35.8,1,gas,164,1,0
25.61,0.771,22,0,1,79.8,0,electronics,1999,0,0
16.56,0.973,0,1,1,91.4,0,online_retail,3303,0,0
122.07,4.802,11,0,0,16.7,0,gambling,2481,1,0
21.72,0.982,21,0,0,7.4,0,online_retail,1841,0,0
24.72,0.786,8,0,1,11.3,5,dining,3362,0,0
16.11,0.717,15,0,1,10.3,0,cash_advance,954,0,0
76.02,2.9,12,0,1,69.4,0,online_retail,2949,0,0
47.74,1.379,10,0,1,26.7,1,electronics,1811,0,0
40.93,0.711,20,0,1,26.2,1,grocery,1398,2,0
22.01,0.681,0,1,1,52.9,1,gambling,3178,0,0
11.36,0.259,21,0,1,85.1,0,gas,292,0,0
19.55,0.678,3,1,0,8.4,0,grocery,2080,0,0
10.88,0.378,4,1,0,28.4,1,gas,1493,0,0
281.92,9.476,2,1,1,58.9,0,gas,1427,0,1
63.94,1.771,2,1,0,7.7,1,dining,2395,0,0
161.3,4.444,20,0,1,3.0,1,online_retail,2478,0,0
85.0,7.542,8,0,0,2.4,2,grocery,3277,0,0
92.57,3.246,16,0,0,26.0,2,dining,1419,0,0
73.42,2.265,7,0,1,63.5,0,dining,1904,1,0
155.42,6.385,17,0,1,72.9,1,gas,304,0,0
14.17,0.383,4,1,1,52.2,0,dining,382,0,0
7.93,0.308,16,0,0,10.3,2,gas,3435,0,0
6.42,0.267,12,0,1,22.0,0,gas,1996,0,0
37.44,1.048,13,0,1,116.0,0,cash_advance,3353,0,0
34.98,1.435,23,1,1,73.2,2,gas,2922,0,0
94.03,4.578,11,0,1,67.8,0,travel,2107,0,0
20.89,0.8,13,0,0,3.2,1,online_retail,2101,0,0
28.0,0.702,21,0,0,9.2,0,cash_advance,2843,0,0
56.99,1.253,14,0,1,70.3,2,grocery,3558,0,0
14.55,0.301,7,0,0,3.6,0,electronics,2234,0,0
35.85,1.348,11,0,1,68.0,0,electronics,1062,0,0
23.11,0.67,11,0,1,32.9,0,online_retail,2254,0,0
75.26,2.687,19,0,1,41.5,0,online_retail,3255,0,0
13.44,0.222,11,0,0,6.5,0,grocery,2547,0,0
21.27,0.515,20,0,1,55.4,0,grocery,2816,0,0
11.09,0.382,23,1,0,14.3,1,grocery,2311,0,0
236.49,9.188,12,0,1,39.2,0,travel,2915,0,1
5.78,0.177,21,0,1,16.9,0,gas,2798,0,0
42.6,1.585,13,0,0,2.1,0,grocery,2905,0,0
97.41,4.851,6,0,0,20.7,1,electronics,2603,0,0
44.42,1.975,5,1,0,6.5,0,cash_advance,1342,0,0
55.62,2.608,23,1,1,93.9,0,grocery,1570,0,0
90.27,4.67,8,0,1,54.3,1,gas,1244,0,0
18.94,0.652,7,0,1,51.2,1,travel,3454,0,0
12.04,0.232,21,0,0,23.6,0,dining,390,0,0
112.6,4.375,20,0,0,17.7,0,grocery,2976,0,0
13.29,0.291,20,0,1,97.9,1,grocery,2096,0,0
31.42,0.525,13,0,1,80.1,1,dining,538,0,0
39.43,2.989,8,0,0,9.7,3,gambling,1441,0,0
60.17,0.776,15,0,1,99.5,0,electronics,338,0,0
19.49,0.63,1,1,1,32.8,0,gas,1745,0,0
33.2,0.946,22,0,1,14.6,0,online_retail,2999,0,0
33.44,1.622,14,0,0,3.2,0,gambling,292,0,0
55.24,3.186,18,0,1,100.2,0,grocery,3014,0,0
48.9,1.096,1,1,0,14.8,0,grocery,2410,1,0
21.38,0.724,11,0,1,33.0,0,online_retail,276,0,0
40.66,2.932,20,0,1,29.1,0,dining,1020,0,0
77.34,2.859,22,0,0,0.7,0,travel,2806,0,0
49.08,2.349,15,0,0,30.8,0,online_retail,1134,0,0
69.77,1.522,22,0,1,69.2,1,online_retail,3077,0,0
43.51,1.48,14,0,1,55.5,0,gas,1910,0,0
25.06,0.559,23,1,1,35.4,1,gas,1782,0,0
34.03,1.306,18,0,1,15.5,0,dining,887,0,0
76.05,1.04,0,1,1,57.7,0,grocery,1623,0,0
9.28,0.177,1,1,0,11.5,1,gas,1656,0,0
130.47,3.221,3,1,1,57.1,1,gambling,759,0,1
98.14,3.535,10,0,1,44.2,0,grocery,2607,0,0
75.0,3.369,4,1,1,52.6,8,grocery,131,1,1
20.92,0.631,12,0,1,46.1,3,online_retail,2886,0,0
120.38,2.99,16,0,1,47.8,0,online_retail,3572,0,0
19.93,0.173,6,0,0,1.2,1,grocery,3397,0,0
18.13,0.22,0,1,1,10.2,0,grocery,1278,0,0
37.29,1.207,6,0,1,83.1,0,cash_advance,3329,1,0
14.7,0.406,19,0,0,16.3,2,grocery,2400,1,0
26.31,1.56,20,0,0,30.0,1,online_retail,3039,0,0
150.36,9.152,15,0,1,66.3,1,grocery,3040,0,1
47.53,2.806,4,1,0,12.4,2,online_retail,2938,0,0
12.55,0.392,9,0,1,33.8,1,gambling,1833,0,0
53.18,1.649,8,0,1,29.5,0,online_retail,1568,0,0
8.55,0.28,17,0,1,81.5,0,online_retail,1350,0,0
120.21,5.085,23,1,1,16.0,0,grocery,2611,0,0
85.21,1.535,1,1,1,110.4,1,dining,2772,0,0
16.61,0.519,6,0,0,8.3,0,cash_advance,771,1,0
44.36,2.045,0,1,1,5.6,0,grocery,2926,1,0
35.17,2.991,21,0,1,26.3,0,cash_advance,3186,2,0
32.72,1.763,0,1,1,24.0,0,dining,508,0,0
95.82,2.236,19,0,0,11.7,2,grocery,2645,0,0
10.15,0.548,10,0,1,37.6,2,travel,1023,0,0
4.76,0.204,15,0,0,15.8,2,grocery,2943,0,0
12.95,0.397,0,1,1,66.6,1,grocery,2078,0,0
29.93,0.599,21,0,1,51.0,0,dining,777,0,0
18.21,0.496,3,1,0,0.3,1,cash_advance,2660,0,0
57.85,1.574,18,0,1,20.2,0,online_retail,1363,0,0
21.04,0.851,15,0,1,58.7,1,gas,160,0,0
30.65,1.106,7,0,1,70.8,0,online_retail,754,0,0
101.88,0.919,8,0,0,26.8,0,gas,580,0,0
22.56,0.995,9,0,0,3.2,0,online_retail,2621,0,0
18.24,0.543,11,0,1,23.9,1,grocery,1416,0,0
75.77,3.505,1,1,1,27.5,1,grocery,3519,0,0
122.34,5.977,14,0,1,98.5,1,travel,1182,0,1
96.4,2.988,4,1,0,9.4,0,travel,2633,0,0
19.16,0.941,12,0,1,34.8,1,electronics,2294,0,0
93.24,4.036,7,0,1,10.6,0,grocery,920,0,0
60.97,1.304,14,0,0,2.0,0,dining,1897,1,0
66.38,2.961,18,0,0,27.1,1,grocery,3160,0,0
32.76,0.58,13,0,0,26.4,0,travel,2391,0,0
87.83,2.133,9,0,1,10.4,1,online_retail,1638,0,0
64.26,2.69,18,0,1,51.6,1,gambling,2845,0,0
29.43,1.061,13,0,1,45.5,4,grocery,2140,0,0
19.58,1.027,18,0,1,14.0,0,online_retail,2430,0,0
16.44,0.849,12,0,1,21.7,0,cash_advance,802,0,0
44.66,0.816,6,0,0,24.5,0,online_retail,641,1,0
236.62,7.567,1,1,0,7.4,2,travel,2560,0,1
21.3,0.453,4,1,0,10.9,2,grocery,2874,0,0
15.39,0.707,6,0,1,29.7,0,travel,419,0,0
48.09,1.198,11,0,1,36.8,0,gas,1613,0,0
16.39,0.358,4,1,0,16.9,1,online_retail,842,1,0
26.73,0.838,1,1,0,19.8,0,dining,1150,1,0
95.0,1.931,21,0,0,10.8,0,grocery,3596,0,0
23.69,0.823,4,1,1,120.0,0,gas,3104,0,0
169.13,2.967,23,1,1,17.3,0,travel,3040,0,0
43.99,1.284,19,0,0,34.0,0,dining,2451,0,0
30.6,0.904,4,1,0,6.2,0,online_retail,516,1,0
39.66,1.299,3,1,1,14.2,0,grocery,2244,0,0
22.01,0.692,11,0,1,12.4,0,gas,512,3,0
57.52,1.711,9,0,0,1.0,0,gas,547,0,0
67.66,1.531,8,0,1,117.0,1,grocery,92,0,0
49.05,2.044,11,0,1,31.7,1,gambling,640,0,0
113.02,4.064,0,1,1,13.1,0,travel,2781,0,0
21.55,0.728,3,1,1,49.7,1,online_retail,1717,2,0
16.48,0.576,3,1,1,110.8,0,dining,2856,0,0
28.22,0.822,8,0,1,56.2,0,grocery,1415,0,0
24.57,0.943,20,0,0,20.7,1,online_retail,382,0,0
9.05,0.541,7,0,0,1.6,1,travel,2676,0,0
36.14,1.905,10,0,0,16.8,1,gas,2643,0,0
54.94,2.797,2,1,0,3.0,0,online_retail,1848,0,0
32.7,1.515,6,0,1,95.7,1,dining,896,0,0
7.2,0.129,9,0,0,0.9,0,grocery,52,0,0
16.84,0.379,23,1,1,27.4,0,cash_advance,2590,0,0
70.0,1.264,0,1,0,13.7,0,gambling,697,1,0
82.26,1.883,14,0,1,26.7,1,dining,913,0,0
82.04,3.606,12,0,0,1.4,1,grocery,2000,0,0
22.33,0.425,20,0,1,43.5,1,gas,438,0,0
8.96,0.436,5,1,1,45.8,0,gas,2358,0,0
21.41,1.0,11,0,0,8.9,0,cash_advance,1305,0,0
90.13,3.237,8,0,1,52.0,2,dining,891,0,1
42.69,1.127,1,1,1,21.9,0,grocery,1631,1,0
36.5,0.91,2,1,1,44.6,1,gambling,1936,0,0
33.79,0.715,2,1,0,5.3,1,online_retail,272,0,0
40.64,0.98,2,1,1,139.6,0,gas,200,0,0
24.96,0.497,17,0,0,1.3,1,online_retail,3347,0,0
16.94,0.381,19,0,1,132.6,0,online_retail,3275,0,0
57.24,1.353,19,0,1,28.5,0,online_retail,1842,0,0
12.26,0.223,13,0,1,52.9,1,cash_advance,969,0,0
15.68,0.663,14,0,1,49.5,0,online_retail,2910,1,0
86.53,2.064,1,1,1,55.2,1,online_retail,2630,0,0
22.45,0.889,19,0,0,23.6,0,cash_advance,111,1,0
33.84,0.605,20,0,0,6.9,0,travel,2517,0,0
13.97,0.574,7,0,0,3.8,0,dining,978,0,0
36.71,1.152,17,0,1,104.1,1,gas,1013,0,0
36.26,2.077,9,0,1,50.7,0,travel,459,0,0
47.22,2.235,19,0,1,36.2,2,online_retail,374,0,0
12.27,0.438,0,1,1,78.6,1,gambling,2277,0,0
11.14,0.106,15,0,1,43.0,0,cash_advance,2523,1,0
24.9,1.713,8,0,1,55.3,0,online_retail,338,0,0
73.09,3.044,5,1,1,34.2,0,gambling,956,0,0
89.92,3.53,4,1,0,3.6,0,electronics,1371,0,0
12.37,0.595,11,0,1,23.7,0,grocery,3488,0,0
26.17,1.479,14,0,0,6.2,1,electronics,2248,0,0
27.58,0.965,2,1,1,16.0,1,grocery,739,0,0
21.83,0.772,19,0,1,59.7,3,grocery,2800,1,0
160.12,4.701,5,1,0,13.8,1,dining,1710,0,0
17.09,0.734,3,1,0,41.8,1,gambling,1107,0,0
96.56,2.615,3,1,1,34.4,0,online_retail,1374,0,0
27.53,0.753,20,0,1,79.7,1,dining,233,0,0
124.82,6.352,19,0,0,22.0,0,dining,435,0,1
12.95,0.352,18,0,1,20.5,0,dining,3521,0,0
153.18,3.309,21,0,1,22.0,0,online_retail,3124,0,0
30.28,1.42,3,1,0,3.0,0,electronics,453,0,0
37.96,1.092,22,0,1,27.9,0,online_retail,638,0,0
51.22,2.187,8,0,1,77.5,1,dining,576,0,0
22.79,0.675,7,0,0,5.5,0,online_retail,2757,0,0
10.35,0.251,18,0,0,13.6,1,travel,2539,0,0
14.59,0.283,22,0,1,104.0,0,gambling,1103,1,0
18.76,0.57,17,0,0,3.6,9,dining,1293,0,0
68.82,1.726,18,0,0,4.2,0,online_retail,2884,1,0
49.74,2.667,6,0,1,78.3,2,online_retail,2953,0,0
61.47,2.797,4,1,1,35.1,1,gambling,580,0,1
61.64,1.53,23,1,0,1.2,0,dining,407,0,0
37.24,1.064,17,0,1,77.7,0,online_retail,2405,0,0
43.3,0.638,19,0,1,55.0,0,grocery,2668,0,0
255.16,3.888,20,0,0,4.7,1,grocery,2884,0,0
53.84,1.195,23,1,0,9.7,2,online_retail,708,0,0
76.37,2.618,20,0,1,8.1,1,travel,2627,0,0
79.28,1.756,18,0,0,4.7,0,online_retail,1160,0,0
73.64,3.502,14,0,1,70.3,2,dining,2626,1,0
13.39,0.436,9,0,1,103.2,0,cash_advance,2560,0,0
29.29,1.966,3,1,0,23.0,0,grocery,1523,0,0
130.48,2.766,0,1,1,20.9,0,travel,238,0,0
24.4,0.819,11,0,0,17.4,1,online_retail,1496,0,0
130.82,3.719,12,0,1,37.1,1,online_retail,3171,0,0
51.02,1.323,1,1,1,12.0,5,dining,1199,0,0
52.75,1.453,22,0,0,17.0,9,cash_advance,3021,0,0
13.53,0.622,13,0,0,0.0,1,travel,2555,2,0
112.9,2.98,15,0,1,87.8,1,cash_advance,1928,1,0
16.35,0.584,3,1,1,60.7,1,grocery,457,0,0
82.13,2.677,14,0,1,59.7,2,gas,390,0,0
20.21,0.584,4,1,1,61.6,2,gambling,3425,1,0
24.19,0.914,5,1,1,28.0,1,online_retail,1919,0,0
254.98,12.481,9,0,1,27.7,3,online_retail,604,0,1
5.91,0.17,3,1,0,6.5,0,grocery,92,0,0
325.68,10.543,0,1,0,35.5,0,online_retail,397,0,1
85.52,2.353,22,0,1,58.5,0,grocery,263,0,0
120.29,2.034,13,0,0,26.7,0,cash_advance,2952,0,0
19.61,0.978,13,0,1,40.3,1,electronics,2751,0,0
56.54,3.045,2,1,1,80.2,0,dining,2183,0,0
48.54,1.468,5,1,1,25.7,0,electronics,3227,0,0
6.31,0.253,23,1,0,6.8,0,grocery,2174,0,0
75.89,2.692,11,0,1,38.0,0,grocery,3382,0,0
45.2,1.382,5,1,1,36.0,3,cash_advance,163,0,0
74.7,2.121,22,0,0,20.0,0,grocery,2343,0,0
106.11,1.989,9,0,1,47.5,1,grocery,421,0,0
5.22,0.219,7,0,0,7.2,2,gambling,1176,0,0
79.4,4.365,9,0,0,2.0,0,online_retail,924,0,0
40.53,1.253,2,1,1,63.9,0,travel,3174,1,0
33.87,0.732,13,0,1,87.5,0,online_retail,3588,0,0
22.59,0.766,10,0,1,44.3,0,gas,2827,0,0
77.56,2.229,13,0,0,0.0,1,grocery,3057,0,0
134.78,4.245,19,0,0,0.4,0,gas,2471,0,0
39.85,1.078,14,0,0,2.6,0,gambling,1115,0,0
35.81,1.597,8,0,0,1.6,0,grocery,2396,0,0
41.55,1.033,22,0,0,12.5,0,dining,3349,0,0
51.92,0.838,0,1,1,21.4,1,travel,258,0,0
109.02,3.549,18,0,1,42.3,0,grocery,241,0,0
15.4,0.86,21,0,0,20.8,0,cash_advance,1604,0,0
55.95,1.943,10,0,0,12.2,1,electronics,1631,0,0
17.96,0.694,4,1,1,116.5,0,cash_advance,108,0,0
79.16,1.67,9,0,1,10.8,1,grocery,100,0,0
36.43,1.592,3,1,0,6.2,0,online_retail,1394,0,0
12.98,0.49,19,0,1,46.7,9,online_retail,993,0,0
147.89,7.846,4,1,1,48.1,2,electronics,245,0,1
51.89,2.069,14,0,1,63.4,1,gambling,941,0,0
17.65,0.434,4,1,1,8.1,0,cash_advance,1187,0,0
31.33,0.626,0,1,0,35.1,1,gambling,2040,0,0
113.77,4.64,17,0,1,48.2,1,online_retail,1258,1,0
41.47,0.83,2,1,1,49.7,0,gas,3213,0,0
40.44,1.361,22,0,0,5.3,0,online_retail,3007,0,0
350.95,13.905,1,1,0,5.1,2,dining,1361,0,1
28.24,1.659,12,0,1,85.6,1,cash_advance,2025,0,0
16.15,0.484,11,0,1,34.6,1,dining,3198,0,0
430.52,13.755,7,0,1,79.9,0,dining,3170,0,1
40.43,2.196,1,1,0,7.7,1,grocery,1399,0,0
21.56,0.526,5,1,1,17.4,0,cash_advance,1138,0,0
13.54,0.407,0,1,0,2.2,0,cash_advance,2666,0,0
29.68,0.566,14,0,0,2.0,0,online_retail,2480,0,0
80.19,2.11,6,0,1,70.6,1,dining,28,0,0
375.57,8.696,5,1,0,0.9,2,online_retail,2322,0,1
5.55,0.222,11,0,0,12.6,0,grocery,2996,0,0
4.96,0.083,16,0,0,15.1,0,online_retail,761,0,0
45.68,2.057,12,0,1,55.0,0,online_retail,92,0,0
115.71,4.066,7,0,0,2.1,1,grocery,3360,0,0
10.32,0.223,14,0,0,13.1,0,grocery,536,1,0
14.6,0.379,10,0,0,10.2,1,gas,253,0,0
115.52,4.641,3,1,0,34.0,0,dining,2685,1,0
95.62,5.987,1,1,1,28.5,0,electronics,1954,1,1
26.7,0.518,13,0,1,57.3,0,grocery,1928,0,0
41.27,1.856,19,0,0,11.3,1,online_retail,1035,1,0
143.05,5.251,17,0,1,103.3,0,gas,1231,0,0
51.21,1.626,9,0,1,21.6,0,cash_advance,1816,0,0
114.8,4.914,0,1,1,37.1,2,grocery,2447,1,1
51.13,2.374,17,0,0,22.8,0,grocery,1539,0,0
65.5,1.18,16,0,1,39.8,3,dining,3326,0,0
52.55,0.8,17,0,1,24.5,2,electronics,3288,0,0
12.08,0.249,23,1,0,4.7,1,grocery,652,0,0
21.68,0.994,15,0,1,44.5,1,grocery,326,0,0
25.71,0.894,2,1,0,1.3,0,dining,2694,1,0
271.07,20.997,23,1,0,4.7,1,grocery,316,0,1
49.37,0.609,10,0,0,15.3,1,gas,3591,0,0
32.37,1.963,8,0,1,23.4,0,travel,3072,0,0
51.69,1.491,18,0,1,88.8,0,gas,930,0,0
28.72,0.712,22,0,1,22.1,0,travel,2912,0,0
32.83,1.473,16,0,0,3.2,1,grocery,172,0,0
69.63,4.914,9,0,0,25.7,0,online_retail,3558,0,0
17.84,0.547,19,0,0,34.8,0,online_retail,767,0,0
35.25,0.899,3,1,0,15.5,1,online_retail,663,0,0
18.88,0.479,9,0,1,35.9,0,travel,986,0,0
18.87,0.516,23,1,0,12.5,1,online_retail,2731,0,0
59.09,2.215,13,0,1,47.2,2,dining,801,1,0
22.64,0.621,6,0,0,13.0,1,grocery,535,0,0
4.81,0.19,22,0,1,67.7,1,gas,3290,1,0
95.4,1.773,11,0,1,99.1,0,grocery,2003,0,0
172.3,3.359,7,0,1,31.1,0,cash_advance,898,0,0
83.19,1.976,11,0,0,12.1,1,gas,3423,0,0
8.65,0.322,15,0,1,33.5,0,dining,1423,0,0
21.56,0.368,2,1,0,12.3,1,online_retail,2158,0,0
48.26,1.382,18,0,0,11.4,1,electronics,630,0,0
21.04,0.421,4,1,1,47.7,0,grocery,879,0,0
122.77,4.602,19,0,0,16.5,1,gambling,280,0,0
5.69,0.311,14,0,1,40.7,4,electronics,1420,0,0
20.61,0.21,9,0,0,12.4,0,dining,3007,0,0
12.36,0.29,18,0,1,5.2,1,grocery,3485,0,0
56.67,2.407,6,0,0,29.3,2,gas,2726,1,0
25.67,1.284,1,1,0,0.6,0,gambling,1464,0,0
46.44,1.742,20,0,0,14.5,1,gambling,2962,0,0
62.5,1.418,21,0,1,14.0,0,online_retail,2791,0,0
29.53,1.193,18,0,1,95.9,0,grocery,2299,0,0
30.88,1.137,9,0,0,12.3,0,online_retail,543,0,0
58.05,2.7,3,1,1,61.9,1,gas,2400,0,0
10.94,0.312,4,1,0,2.0,0,grocery,3303,1,0
31.94,0.844,11,0,0,6.2,0,grocery,3250,0,0
68.57,2.042,21,0,1,58.3,2,grocery,2544,0,0
13.51,0.426,1,1,0,37.2,2,online_retail,2278,1,0
8.26,0.156,16,0,0,15.6,1,dining,1022,0,0
40.28,2.354,12,0,1,67.2,0,electronics,1461,0,0
26.42,0.75,4,1,1,43.1,1,electronics,3586,0,0
27.23,0.848,5,1,1,14.4,1,grocery,2867,0,0
19.06,1.569,23,1,1,31.2,1,grocery,625,0,0
26.63,0.59,6,0,0,14.6,0,electronics,3112,0,0
10.79,0.139,12,0,1,34.6,0,online_retail,1131,0,0
129.32,3.03,13,0,1,109.4,2,gas,1285,1,0
68.29,1.597,0,1,1,93.0,1,online_retail,2539,0,0
22.63,0.806,0,1,1,54.6,0,online_retail,2245,0,0
20.39,0.871,17,0,0,3.2,0,online_retail,2886,0,0
19.35,0.444,8,0,0,12.4,0,gambling,3074,0,0
5.38,0.054,14,0,1,83.5,0,dining,3520,1,0
14.79,0.529,6,0,0,27.4,0,grocery,1135,0,0
22.42,1.257,7,0,1,67.1,0,gambling,2077,0,0
24.39,0.211,18,0,0,3.8,1,gambling,1904,0,0
27.46,1.138,2,1,0,3.8,0,gambling,3060,0,0
27.43,0.682,11,0,0,8.2,2,online_retail,3528,1,0
10.49,0.322,15,0,1,47.3,1,dining,1860,0,0
20.19,0.439,8,0,0,26.1,0,grocery,279,0,0
21.79,0.772,7,0,0,36.6,1,grocery,888,0,0
14.38,0.336,19,0,1,4.4,0,dining,1427,0,0
7.57,0.415,16,0,0,25.3,1,grocery,32,0,0
33.97,0.815,6,0,0,10.9,0,cash_advance,1379,0,0
11.56,0.231,5,1,0,2.2,1,online_retail,1761,0,0
57.18,2.386,0,1,1,63.5,0,grocery,1849,1,0
313.54,14.363,12,0,1,48.4,1,online_retail,2004,0,1
22.72,0.899,15,0,1,47.7,1,grocery,599,0,0
50.7,1.512,19,0,0,4.6,0,travel,1560,1,0
14.95,0.291,12,0,0,1.6,1,grocery,2580,1,0
70.01,2.444,4,1,1,103.9,2,travel,2131,0,0
6.13,0.111,6,0,1,50.8,0,dining,3433,0,0
119.58,3.509,20,0,0,27.7,0,gas,1165,0,0
216.91,8.118,20,0,0,12.1,1,cash_advance,3265,1,0
88.21,4.243,17,0,0,8.2,0,dining,2354,0,0
6.12,0.236,16,0,1,25.4,0,gas,3039,0,0
50.56,1.339,2,1,1,61.3,0,cash_advance,1242,0,0
128.85,4.65,14,0,0,8.6,0,dining,3175,0,0
112.57,2.546,21,0,1,19.4,0,travel,923,0,0
106.15,6.672,6,0,1,55.7,1,dining,2854,0,0
11.2,0.506,5,1,1,12.8,0,gas,2800,0,0
34.41,2.183,12,0,1,11.4,0,electronics,1582,1,0
25.86,1.278,5,1,0,13.5,0,electronics,1375,0,0
13.32,0.134,4,1,0,3.5,0,grocery,2398,1,0
59.58,1.752,21,0,1,75.8,0,gambling,1203,1,0
60.83,2.437,19,0,1,57.3,4,gambling,894,0,0
11.06,0.163,21,0,0,1.7,2,cash_advance,1968,0,0
119.68,3.237,20,0,1,82.0,2,grocery,3020,0,0
43.56,0.643,17,0,1,74.9,2,online_retail,2144,0,0
8.38,0.28,11,0,0,40.0,1,dining,1216,0,0
14.25,0.217,10,0,0,5.0,0,cash_advance,2905,0,0
50.62,2.138,8,0,1,8.8,1,dining,2264,0,0
79.41,3.501,14,0,0,20.0,0,grocery,2972,0,0
12.97,0.325,11,0,0,0.9,0,online_retail,1699,0,0
80.09,3.736,7,0,1,42.2,0,dining,76,0,0
14.23,0.577,3,1,0,19.6,1,grocery,1925,0,0
14.0,0.462,3,1,1,29.7,1,online_retail,302,0,0
42.79,1.271,0,1,1,101.5,2,electronics,3233,0,0
18.18,0.67,1,1,0,13.3,1,gas,811,0,0
10.59,0.296,9,0,0,32.8,2,gas,1452,0,0
25.23,0.712,8,0,0,8.3,1,dining,1872,0,0
16.27,0.642,2,1,0,22.1,3,gambling,595,0,0
27.37,0.718,0,1,1,110.5,1,dining,3589,0,0
58.54,2.908,12,0,0,1.8,2,grocery,3297,0,0
21.34,0.588,15,0,1,25.1,0,grocery,1545,0,0
30.81,1.086,5,1,1,20.4,2,grocery,2198,0,0
40.61,1.372,21,0,0,20.0,0,dining,600,0,0
8.89,0.461,8,0,1,42.1,0,online_retail,769,0,0
37.4,1.576,6,0,1,19.6,1,gas,3581,0,0
419.14,9.578,6,0,1,39.3,0,online_retail,1019,0,1
31.95,0.578,3,1,1,61.1,1,online_retail,2687,0,0
93.6,2.39,18,0,0,1.6,2,cash_advance,697,0,0
16.31,0.315,20,0,1,52.3,1,online_retail,471,0,0
6.45,0.268,17,0,1,168.2,0,online_retail,2083,0,0
19.26,0.814,19,0,1,36.6,1,dining,558,0,0
39.8,2.077,13,0,0,7.2,0,online_retail,2065,0,0
71.25,2.783,23,1,1,124.3,1,dining,1841,0,0
16.82,0.409,7,0,0,17.1,0,gas,1689,0,0
34.19,1.688,18,0,1,5.8,0,dining,1283,1,0
41.45,0.629,3,1,1,26.5,1,grocery,1836,0,0
26.37,0.392,20,0,1,27.6,1,grocery,2925,0,0
18.73,0.371,2,1,1,30.5,2,online_retail,3163,0,0
74.05,2.604,12,0,1,73.9,0,grocery,188,0,0
87.77,2.567,14,0,0,3.8,0,gas,1481,0,0
12.79,0.681,12,0,1,22.3,2,dining,1015,1,0
33.76,1.347,19,0,1,105.2,0,grocery,1858,0,0
7.46,0.215,12,0,0,17.0,1,grocery,3142,1,0
95.02,3.314,9,0,1,68.7,2,online_retail,2040,0,0
27.21,0.909,2,1,0,12.6,0,cash_advance,621,0,0
17.03,0.606,11,0,0,0.8,0,gas,2751,0,0
40.33,0.811,16,0,1,12.1,4,grocery,340,0,0
14.09,0.23,7,0,1,31.5,0,online_retail,287,0,0
111.72,3.928,13,0,1,47.9,1,cash_advance,2670,0,0
12.06,0.335,17,0,0,12.3,0,online_retail,1683,1,0
43.35,1.524,0,1,0,12.7,0,online_retail,2489,1,0
63.0,1.788,15,0,1,95.8,0,online_retail,3298,1,0
105.95,3.38,19,0,0,23.4,1,online_retail,1403,0,0
56.06,2.134,15,0,1,34.8,0,dining,2854,0,0
104.38,4.179,13,0,0,13.0,0,travel,2517,0,0
22.92,0.795,4,1,1,129.8,0,gambling,3346,2,0
53.27,2.157,18,0,0,6.2,0,electronics,2066,0,0
16.81,0.534,8,0,1,48.4,2,gambling,158,0,0
22.78,0.492,10,0,0,18.2,1,dining,1813,0,0
61.94,1.64,12,0,0,12.4,1,gambling,978,0,0
64.41,1.316,21,0,0,4.8,0,grocery,375,0,0
60.46,2.58,0,1,1,74.4,0,online_retail,1312,0,0
30.57,1.298,7,0,1,16.6,0,travel,1415,0,0
34.14,0.685,22,0,0,20.6,0,dining,3198,0,0
128.68,3.757,17,0,0,10.8,0,online_retail,52,0,0
30.89,1.177,6,0,1,59.0,0,grocery,2063,1,0
24.61,1.103,8,0,1,79.6,0,online_retail,1858,0,0
15.61,0.68,23,1,1,76.5,0,dining,2477,0,0
17.21,0.464,20,0,1,64.5,0,grocery,3481,0,0
161.11,5.474,18,0,0,10.6,0,dining,2219,0,0
22.78,0.642,3,1,0,3.7,2,online_retail,161,0,0
66.07,2.339,17,0,1,80.1,0,dining,1469,0,0
11.8,0.491,11,0,0,2.2,5,grocery,1952,0,0
111.99,3.222,7,0,1,66.6,0,dining,2807,0,0
22.68,0.533,19,0,1,105.3,1,travel,968,0,0
124.1,4.339,23,1,0,3.0,1,gas,232,0,0
87.0,2.875,12,0,1,33.2,1,online_retail,994,0,0
74.33,2.608,1,1,1,112.6,0,dining,2078,0,0
25.74,0.359,17,0,0,5.9,0,dining,1695,0,0
26.29,1.393,6,0,1,5.5,0,cash_advance,715,0,0
20.57,0.467,9,0,0,8.6,0,online_retail,3338,0,0
70.43,1.27,2,1,1,73.2,7,gambling,560,0,0
58.31,1.509,16,0,1,29.0,0,grocery,1175,0,0
35.92,1.594,13,0,0,13.9,0,gambling,2586,0,0
73.11,2.795,14,0,1,33.4,1,cash_advance,412,0,0
46.46,1.824,22,0,0,29.2,0,travel,1112,0,0
37.03,1.146,17,0,0,9.8,0,gambling,43,0,0
31.7,1.066,17,0,1,37.6,0,dining,448,2,0
19.56,1.275,5,1,1,49.7,2,online_retail,1358,0,0
33.25,1.273,12,0,1,55.4,0,dining,287,0,0
137.88,5.267,2,1,1,45.8,0,gambling,2653,0,1
30.09,0.82,10,0,0,19.8,1,electronics,2828,0,0
27.29,0.427,1,1,0,18.0,0,cash_advance,140,0,0
16.02,0.227,8,0,1,23.2,1,grocery,3134,0,0
79.82,1.099,11,0,0,18.1,1,online_retail,1025,0,0
135.61,2.227,0,1,0,2.4,1,travel,3523,0,0
5.22,0.159,9,0,1,40.1,0,dining,232,0,0
9.63,0.313,23,1,1,15.6,3,grocery,295,1,0
27.06,0.432,6,0,0,6.4,0,online_retail,3259,0,0
20.16,0.712,16,0,1,25.5,0,gas,225,2,0
47.1,0.74,6,0,0,2.3,0,gas,1342,0,0
24.88,0.997,13,0,1,54.6,2,gas,2090,0,0
7.59,0.152,2,1,1,45.6,0,electronics,2654,0,0
30.19,1.24,0,1,1,41.7,0,grocery,295,0,0
130.36,2.952,10,0,0,9.1,0,dining,2246,1,0
49.6,1.143,1,1,1,28.9,2,dining,473,0,0
38.47,1.733,10,0,1,101.1,0,dining,2513,0,0
7.14,0.243,17,0,1,54.5,0,electronics,1141,1,0
218.51,11.698,9,0,1,69.6,1,gambling,2764,0,1
89.57,2.511,19,0,1,37.2,2,dining,1539,0,0
17.03,0.495,6,0,1,19.0,1,online_retail,355,0,0
22.7,1.093,5,1,1,39.8,1,gambling,2555,1,0
86.97,1.414,7,0,1,3.6,0,gambling,3574,0,0
338.61,9.62,9,0,0,19.5,0,dining,573,0,0
45.56,2.089,21,0,0,6.0,0,cash_advance,328,0,0
133.24,2.148,11,0,0,13.1,0,cash_advance,841,0,0
26.51,0.76,4,1,1,38.1,0,gas,2611,0,0
30.99,0.448,19,0,1,25.1,2,dining,1981,0,0
60.21,2.428,12,0,1,76.2,0,dining,3119,0,0
15.35,0.656,13,0,1,32.8,1,dining,1463,0,0
23.64,0.477,20,0,1,28.4,0,grocery,2957,0,0
16.22,0.352,18,0,1,16.3,0,gambling,2821,0,0
24.95,0.716,16,0,0,1.2,0,cash_advance,2693,1,0
20.12,1.524,10,0,0,12.5,0,grocery,1346,0,0
37.22,2.796,12,0,0,2.4,9,gas,2808,0,0
18.96,0.597,18,0,1,54.5,0,online_retail,228,0,0
14.99,0.495,5,1,1,29.5,0,grocery,1399,1,0
122.08,2.488,13,0,1,55.9,0,cash_advance,2568,0,0
13.24,0.437,19,0,1,65.6,1,dining,2743,0,0
162.36,3.409,16,0,0,10.3,4,cash_advance,3594,0,0
12.26,0.284,18,0,0,7.0,1,grocery,1582,0,0
9.03,0.315,20,0,1,44.3,1,gas,2166,0,0
15.08,0.257,12,0,0,5.9,1,grocery,459,0,0
6.15,0.256,22,0,1,32.2,1,electronics,3431,0,0
29.12,0.631,5,1,1,34.9,0,grocery,3249,0,0
44.95,1.326,9,0,0,6.5,0,online_retail,2491,0,0
5.45,0.26,7,0,1,37.5,1,gas,981,0,0
20.29,0.574,12,0,0,13.3,0,gambling,3388,0,0
27.43,1.469,7,0,0,5.3,1,electronics,3478,0,0
64.41,2.186,22,0,1,91.4,0,electronics,3593,0,0
468.46,7.182,2,1,0,16.4,0,dining,3265,0,1
17.58,0.594,6,0,1,85.5,0,dining,1499,0,0
45.9,1.229,6,0,1,56.1,0,grocery,2552,0,0
32.91,0.924,0,1,0,20.7,1,gambling,1025,0,0
11.03,0.236,13,0,1,47.0,1,dining,99,0,0
31.62,0.494,11,0,1,14.0,0,dining,111,1,0
18.47,0.779,9,0,0,12.2,1,dining,1527,0,0
25.75,0.813,13,0,0,14.2,0,dining,2238,0,0
20.59,0.728,6,0,0,26.1,1,electronics,3464,0,0
120.96,2.578,7,0,1,40.5,0,online_retail,3109,0,0
26.36,0.521,23,1,0,1.0,0,gas,635,0,0
75.42,1.293,12,0,0,11.4,1,cash_advance,32,1,0
25.78,0.666,4,1,0,11.5,0,dining,2752,1,0
92.61,2.172,8,0,0,20.3,0,travel,1877,0,0
55.6,1.831,4,1,0,13.1,0,cash_advance,2278,0,0
26.7,0.77,22,0,0,10.9,0,online_retail,87,0,0
76.71,2.147,8,0,0,15.5,0,grocery,731,0,0
47.88,2.146,20,0,0,19.3,2,gas,953,0,0
87.21,2.601,0,1,1,118.3,3,dining,2197,0,0
22.4,0.669,14,0,1,66.6,1,grocery,1543,0,0
24.39,0.54,17,0,1,45.5,0,travel,451,0,0
62.85,1.381,22,0,0,3.4,1,online_retail,257,1,0
31.21,0.848,11,0,1,22.0,0,cash_advance,1490,0,0
115.93,3.712,1,1,1,13.4,3,travel,445,0,0
51.64,1.504,13,0,1,5.9,0,electronics,1980,0,0
224.94,9.927,2,1,1,71.2,0,grocery,127,0,1
84.97,3.125,6,0,1,5.7,0,cash_advance,2198,0,1
19.23,0.517,18,0,0,13.0,1,gambling,990,0,0
115.29,2.998,19,0,1,105.2,1,gambling,126,0,0
21.13,0.42,1,1,1,58.1,0,grocery,940,0,0
96.26,4.248,10,0,0,7.2,0,gas,2982,0,0
10.34,0.583,3,1,0,0.2,1,dining,3011,0,0
30.71,0.587,0,1,1,82.8,1,cash_advance,2487,0,0
4.91,0.152,23,1,1,131.2,0,grocery,2834,0,0
35.9,1.112,4,1,1,59.2,0,gas,985,0,0
543.24,10.363,9,0,1,105.2,0,grocery,3543,1,1
36.42,0.623,10,0,0,9.8,0,online_retail,3324,0,0
95.91,2.37,2,1,1,54.5,1,cash_advance,1387,0,0
97.18,5.417,1,1,1,69.1,0,online_retail,910,0,1
97.33,3.364,15,0,1,32.1,0,grocery,2209,1,0
38.39,0.997,7,0,1,49.2,0,gas,52,0,0
30.58,0.796,3,1,1,96.7,0,electronics,2421,0,0
63.69,2.945,12,0,1,101.5,1,dining,2972,0,0
30.66,1.765,15,0,1,48.8,0,gas,2151,0,0
40.09,1.819,6,0,0,42.2,1,grocery,1009,0,0
125.76,7.337,9,0,0,42.1,1,electronics,2823,1,0
12.03,0.217,13,0,0,4.0,0,travel,2361,0,0
18.22,0.505,12,0,0,12.0,1,dining,291,0,0
38.83,0.922,13,0,1,55.1,1,online_retail,1240,0,0
50.79,1.058,7,0,0,8.5,1,electronics,1727,0,0
29.61,0.602,19,0,0,4.1,1,grocery,331,0,0
32.04,0.72,12,0,0,4.6,0,travel,2028,1,0
30.9,1.274,4,1,1,19.2,0,grocery,873,0,0
54.17,1.457,16,0,1,127.4,1,cash_advance,673,0,1
26.34,0.934,10,0,1,35.9,2,cash_advance,2615,0,0
73.24,1.568,7,0,0,1.8,1,online_retail,2631,0,0
73.06,3.949,5,1,1,49.7,1,online_retail,3327,1,0
16.76,0.601,9,0,1,71.3,0,online_retail,425,0,0
26.42,0.684,9,0,1,63.5,3,dining,3120,0,0
15.27,0.167,16,0,0,5.1,1,online_retail,2531,0,0
86.37,2.25,19,0,1,40.2,3,dining,2930,0,0
12.13,0.521,17,0,0,24.1,0,gas,1475,0,0
73.67,1.687,8,0,0,16.1,0,dining,303,0,0
9.85,0.284,23,1,1,105.2,0,electronics,441,0,0
115.48,4.304,22,0,1,41.8,0,dining,790,0,1
26.23,0.978,10,0,0,1.1,1,dining,1964,0,0
19.9,0.623,7,0,0,8.8,2,cash_advance,1813,0,0
39.06,1.044,2,1,0,5.8,1,grocery,30,0,0
19.78,0.392,21,0,0,19.0,0,gas,2618,0,0
23.46,0.727,17,0,0,15.6,0,online_retail,653,0,0
18.21,0.918,10,0,1,92.2,1,gas,2545,0,0
7.85,0.198,21,0,0,4.0,1,grocery,3375,1,0
37.17,0.723,13,0,0,8.9,0,gas,63,1,0
22.57,0.642,9,0,1,45.6,0,gas,2094,0,0
37.88,1.004,15,0,1,36.1,0,gas,1217,0,0
15.14,0.599,9,0,1,52.7,0,online_retail,2542,0,0
31.58,2.362,3,1,0,20.7,0,dining,2725,0,0
59.42,3.121,16,0,1,32.5,0,online_retail,406,0,0
7.7,0.312,6,0,1,60.8,0,online_retail,2578,0,0
21.25,0.547,21,0,1,17.3,0,grocery,2087,0,0
16.58,0.818,19,0,0,10.1,0,grocery,707,0,0
102.28,2.012,10,0,1,43.3,1,electronics,1405,0,0
69.12,3.138,15,0,0,1.8,0,online_retail,1304,0,0
73.09,2.157,19,0,0,16.1,0,grocery,318,0,0
17.72,0.263,14,0,1,16.6,0,grocery,749,0,0
16.2,0.237,1,1,1,27.3,0,grocery,1079,1,0
88.85,2.938,19,0,1,80.8,0,electronics,1813,0,0
26.4,0.539,23,1,1,81.2,0,gas,2274,0,0
17.9,0.648,0,1,1,24.4,0,travel,3356,0,0
15.73,0.996,6,0,1,79.3,0,electronics,3285,0,0
121.09,3.512,3,1,0,2.1,0,electronics,3074,0,0
73.68,3.16,12,0,0,2.5,1,gas,3199,0,0
58.39,1.196,22,0,1,26.4,1,online_retail,3537,0,0
40.4,2.867,23,1,1,50.0,0,online_retail,2489,0,1
21.68,0.556,23,1,0,37.2,0,online_retail,1518,1,0
36.63,1.066,5,1,1,21.8,1,dining,635,0,0
5.68,0.193,5,1,0,6.6,1,grocery,3539,0,0
5.16,0.107,21,0,1,13.5,0,electronics,467,0,0
41.92,2.439,22,0,0,0.4,1,dining,1011,0,0
24.78,0.543,12,0,1,66.7,1,dining,256,0,0
50.37,1.621,13,0,0,14.9,0,online_retail,417,0,0
74.53,0.816,8,0,1,65.0,0,dining,790,0,0
17.24,0.755,4,1,0,0.0,2,grocery,1471,0,0
109.39,3.369,22,0,1,43.6,0,online_retail,3201,0,0
116.96,2.194,16,0,0,2.4,1,gas,2725,1,0
83.09,1.81,19,0,1,71.7,1,cash_advance,3564,0,0
19.41,0.645,9,0,1,99.0,0,grocery,1739,0,0
67.26,2.145,21,0,0,8.5,1,online_retail,2201,0,0
8.06,0.275,10,0,1,48.0,0,dining,2976,0,0
44.93,0.671,8,0,1,50.1,1,grocery,1178,0,0
78.03,4.047,9,0,0,20.4,0,grocery,2308,0,0
79.56,3.327,3,1,1,57.3,0,grocery,1016,0,0
129.97,3.806,22,0,1,64.2,1,cash_advance,276,0,0
40.49,1.15,19,0,1,87.5,0,electronics,1352,0,0
112.19,4.066,5,1,1,48.7,1,electronics,2547,0,0
229.87,16.694,4,1,0,0.7,1,grocery,1574,0,1
15.65,0.198,23,1,1,34.3,1,online_retail,3572,0,0
10.04,0.496,20,0,0,7.7,0,online_retail,972,0,0
24.39,1.416,2,1,0,9.7,0,online_retail,107,0,0
41.39,1.277,10,0,0,12.8,0,grocery,669,1,0
98.82,2.495,0,1,1,63.1,1,online_retail,1004,0,0
90.24,3.939,20,0,0,19.1,0,grocery,66,0,0
16.17,0.286,19,0,1,77.1,0,cash_advance,1654,1,0
19.56,0.763,9,0,0,8.2,3,gambling,2590,0,0
57.53,1.307,15,0,1,102.7,1,grocery,487,0,0
52.91,3.499,1,1,1,74.9,1,grocery,3577,0,1
18.02,0.538,15,0,1,56.4,0,gas,3233,0,0
6.84,0.198,14,0,0,26.8,0,dining,3211,0,0
24.77,0.96,7,0,0,13.5,1,dining,3430,0,0
15.43,0.931,17,0,0,22.5,0,online_retail,310,0,0
9.24,0.485,6,0,0,10.0,0,dining,199,0,0
28.83,0.768,12,0,0,8.7,0,cash_advance,1283,0,0
174.28,3.899,14,0,1,56.6,0,online_retail,2922,0,0
56.35,1.301,11,0,1,48.8,0,grocery,1949,0,0
27.24,0.759,1,1,1,57.9,0,cash_advance,3396,0,0
8.52,0.476,18,0,1,40.4,0,electronics,128,0,0
49.7,2.177,3,1,0,16.2,0,online_retail,215,0,0
135.42,8.027,0,1,1,54.8,0,grocery,854,1,1
45.32,1.111,7,0,1,16.2,0,dining,2214,0,0
37.53,1.187,22,0,1,19.7,2,electronics,2572,1,0
71.54,1.81,18,0,1,74.0,1,gambling,718,0,0
151.39,4.654,17,0,1,98.7,1,dining,2045,0,0
144.45,9.283,21,0,1,83.2,3,online_retail,727,0,1
36.09,1.141,1,1,1,37.6,0,grocery,1219,0,0
19.85,0.737,13,0,0,13.9,1,dining,1611,0,0
25.17,1.128,19,0,1,80.5,0,online_retail,327,0,0
70.83,2.222,5,1,0,14.2,0,online_retail,415,0,0
7.83,0.217,11,0,1,143.1,1,dining,1759,1,0
9.93,0.39,20,0,0,2.3,0,online_retail,129,0,0
17.48,0.687,5,1,0,3.1,3,cash_advance,1545,0,0
4.92,0.139,21,0,0,7.8,0,grocery,1446,0,0
15.18,0.96,5,1,1,22.3,0,gas,1259,1,0
10.95,0.374,17,0,1,71.8,1,cash_advance,1303,0,0
32.88,1.949,10,0,0,15.4,1,online_retail,838,0,0
147.88,5.481,14,0,1,92.2,1,gas,1546,0,0
45.68,1.919,5,1,0,18.0,1,gas,3527,1,0
19.59,0.604,2,1,0,2.7,0,dining,2934,1,0
63.04,1.354,7,0,1,59.1,1,gambling,2045,1,0
39.0,0.941,18,0,1,30.3,1,cash_advance,1512,0,0
95.43,2.021,11,0,1,55.9,0,online_retail,1577,0,0
12.64,0.465,10,0,1,28.2,0,dining,499,0,0
18.28,0.493,21,0,1,39.2,1,gambling,3497,0,0
20.89,0.52,1,1,0,7.2,0,electronics,1396,0,0
55.29,1.669,8,0,0,37.5,0,gas,1557,0,0
33.3,0.485,15,0,1,38.7,1,gas,128,0,0
180.44,3.665,12,0,0,26.0,0,grocery,1401,0,0
117.91,5.316,17,0,1,28.6,0,grocery,2407,0,0
34.83,1.047,12,0,1,59.7,0,grocery,3163,0,0
16.04,0.394,0,1,1,15.4,1,cash_advance,2194,0,0
23.01,0.656,16,0,1,50.9,0,electronics,2725,0,0
36.13,2.241,2,1,1,92.6,0,online_retail,1742,0,0
13.52,0.642,2,1,1,78.1,2,dining,2982,0,0
6.47,0.105,11,0,1,12.3,1,grocery,3298,0,0
51.7,1.844,19,0,0,20.3,1,grocery,1936,0,0
26.3,1.03,10,0,0,1.3,1,dining,2596,0,0
8.19,0.295,16,0,1,68.9,0,gas,2968,0,0
67.84,5.547,8,0,1,43.3,2,electronics,1715,0,1
19.73,0.276,15,0,0,0.9,0,gas,882,0,0
45.71,2.527,17,0,0,2.1,2,cash_advance,967,0,0
16.15,0.456,17,0,0,4.9,1,grocery,2967,0,0
34.77,0.783,15,0,0,12.8,0,electronics,1507,0,0
33.47,1.133,2,1,0,12.9,0,gas,211,1,0
13.9,0.504,23,1,1,158.2,1,dining,861,0,0
33.6,0.725,0,1,0,3.5,0,online_retail,805,0,0
11.57,0.233,1,1,1,34.0,0,travel,2442,0,0
26.03,1.48,23,1,1,81.9,1,online_retail,1588,0,0
82.95,0.834,3,1,1,18.9,2,grocery,233,1,0
68.64,1.75,1,1,1,86.3,0,gambling,563,0,0
23.21,1.169,21,0,0,22.5,1,grocery,737,0,0
70.69,3.184,9,0,1,73.5,1,travel,1391,1,0
105.41,4.47,13,0,1,80.6,0,grocery,2462,0,0
33.94,0.366,2,1,1,36.2,1,electronics,1751,0,0
72.73,3.429,6,0,1,22.4,1,grocery,1816,0,0
21.68,0.76,18,0,1,36.4,2,travel,322,0,0
42.45,1.793,11,0,0,19.3,1,grocery,135,1,0
39.12,1.184,21,0,0,0.8,0,grocery,2015,1,0
24.66,1.03,3,1,1,87.4,0,online_retail,1133,0,0
150.11,5.727,8,0,0,20.1,0,gas,1495,0,0
53.45,1.635,2,1,1,65.8,1,cash_advance,399,0,0
177.31,4.03,14,0,0,3.6,0,grocery,1764,0,0
256.95,4.776,6,0,1,66.0,0,travel,2932,0,0
56.35,3.164,19,0,0,18.2,0,gambling,1925,0,0
68.45,2.207,19,0,1,86.4,0,gas,2691,0,0
66.45,1.592,13,0,1,71.7,1,gas,3239,0,0
175.97,3.706,22,0,1,67.5,0,electronics,1738,0,0
46.24,1.09,18,0,1,44.7,1,online_retail,2188,0,0
26.81,1.407,6,0,1,89.0,1,electronics,2154,0,0
35.17,1.948,6,0,0,33.4,1,cash_advance,1282,0,0
172.83,7.072,20,0,0,18.5,0,dining,1730,0,0
59.98,0.744,9,0,1,11.3,1,gambling,3178,0,0
10.59,0.308,18,0,0,8.4,0,travel,385,1,0
53.24,1.383,5,1,0,1.4,1,gas,415,0,0
44.6,1.282,11,0,1,21.3,0,electronics,96,0,0
36.03,2.483,13,0,0,8.2,3,gas,2522,0,0
29.94,0.705,0,1,0,4.9,1,grocery,2557,0,0
85.21,1.077,9,0,0,10.3,1,gambling,1642,1,0
92.24,3.221,4,1,1,12.4,1,gambling,2284,0,0
98.39,3.017,8,0,0,0.6,1,electronics,2021,0,0
95.65,2.03,11,0,1,62.4,0,grocery,3174,1,0
17.62,0.355,11,0,0,24.4,0,dining,1249,0,0
14.48,0.546,4,1,1,102.1,2,grocery,1438,0,0
64.81,1.965,15,0,1,45.2,0,grocery,3164,0,0
57.91,0.82,22,0,1,87.3,0,gambling,1628,1,0
11.63,0.15,8,0,1,110.1,0,cash_advance,3125,0,0
36.29,1.165,18,0,1,60.5,0,grocery,1115,0,0
8.21,0.247,15,0,0,24.3,1,gas,502,0,0
71.63,1.101,23,1,0,14.7,1,online_retail,2014,1,0
56.6,0.752,21,0,0,29.1,1,online_retail,3464,1,0
83.05,2.074,8,0,0,3.7,0,travel,373,0,0
52.07,1.905,3,1,1,13.7,0,online_retail,584,0,0
33.62,0.57,20,0,0,17.0,1,travel,3474,2,0
45.37,1.886,2,1,1,46.4,0,gambling,3235,0,0
63.11,1.749,18,0,1,45.6,1,cash_advance,3485,0,0
63.72,2.71,15,0,0,11.4,0,gambling,564,0,0
59.18,6.145,18,0,1,6.9,0,dining,3046,0,0
22.18,0.699,5,1,0,1.2,0,online_retail,866,0,0
9.52,0.299,3,1,1,58.6,1,gas,2411,0,0
242.53,20.89,17,0,0,32.5,1,gas,1453,0,1
11.59,0.584,22,0,1,11.4,0,grocery,282,0,0
211.19,8.822,13,0,1,60.3,0,grocery,151,0,1
86.59,2.813,21,0,1,83.9,0,electronics,2955,0,0
106.44,1.539,7,0,1,124.0,0,cash_advance,1354,0,0
12.87,0.564,19,0,0,20.0,0,gas,2706,0,0
28.15,0.912,7,0,0,15.5,0,cash_advance,2486,0,0
26.36,0.646,2,1,0,13.8,1,gambling,3008,0,0
30.04,0.61,10,0,0,19.5,8,dining,1798,0,0
27.14,0.843,3,1,1,8.3,0,grocery,673,0,0
82.29,2.64,4,1,1,67.5,0,dining,2678,0,0
88.34,2.623,9,0,1,27.9,0,dining,2928,0,0
33.25,0.638,12,0,1,30.2,0,travel,1554,0,0
47.62,1.67,20,0,0,8.6,1,gas,228,0,0
32.37,0.704,13,0,0,15.8,1,travel,296,2,0
36.12,0.795,21,0,1,27.4,3,grocery,1422,0,0
279.12,13.381,9,0,0,26.6,0,online_retail,1729,0,1
105.92,3.004,19,0,0,11.3,1,gas,2455,1,0
66.28,2.904,9,0,0,5.6,1,gambling,1926,0,0
45.4,1.53,20,0,1,56.3,1,grocery,283,0,0
39.18,0.666,6,0,0,8.7,1,gas,226,0,0
24.94,0.519,14,0,1,89.3,6,electronics,1450,0,0
11.05,0.881,12,0,0,43.8,1,online_retail,987,0,0
70.83,1.256,9,0,1,87.9,2,grocery,684,0,0
9.19,0.231,21,0,0,5.7,0,grocery,1568,1,0
41.45,1.033,23,1,1,92.2,0,grocery,1798,0,0
34.19,0.703,3,1,0,5.9,0,online_retail,2336,0,0
242.39,6.687,2,1,1,96.8,1,gas,1100,0,1
64.82,2.549,15,0,1,27.9,1,gas,2548,0,0
16.87,0.466,9,0,1,44.6,6,gas,2727,2,0
98.2,2.42,17,0,1,33.6,0,grocery,1552,0,0
107.44,2.112,2,1,1,49.4,0,cash_advance,2675,0,1
50.61,1.364,10,0,1,54.7,0,online_retail,3391,1,0
76.2,2.21,15,0,1,30.3,1,online_retail,3455,2,0
166.36,7.052,8,0,1,16.3,0,gambling,1366,0,1
117.31,6.4,9,0,1,101.5,0,gas,1485,1,1
14.89,0.534,10,0,0,9.8,1,electronics,187,0,0
42.46,1.147,23,1,1,113.1,0,electronics,249,1,0
342.94,11.16,8,0,0,10.1,1,grocery,1043,0,1
30.12,0.655,12,0,1,89.3,0,dining,1663,0,0
7.5,0.12,12,0,1,46.8,1,online_retail,1069,0,0
125.61,3.193,22,0,0,6.6,0,online_retail,902,0,0
77.29,3.005,9,0,0,20.0,1,dining,863,0,0
28.65,0.814,5,1,1,46.5,1,grocery,3518,0,0
30.63,0.49,1,1,0,5.3,0,travel,2343,1,0
70.34,2.994,7,0,0,24.6,0,dining,2908,0,0
136.47,6.167,23,1,1,44.2,0,gambling,2763,0,0
19.8,0.808,21,0,1,55.4,0,gambling,427,0,0
21.28,0.487,10,0,1,89.8,2,gambling,3267,0,0
14.41,0.232,13,0,0,14.9,0,dining,2025,0,0
253.43,7.527,5,1,0,17.9,2,gambling,2065,0,1
6.33,0.102,4,1,1,132.1,0,grocery,1462,0,0
26.73,0.537,5,1,0,9.9,1,dining,3074,2,0
53.13,1.215,11,0,1,51.5,3,dining,3367,0,0
14.01,0.856,22,0,1,65.4,0,gambling,676,0,0
572.94,9.865,13,0,0,6.9,7,gambling,1703,1,1
34.22,0.962,5,1,0,19.8,0,online_retail,1584,1,0
96.03,1.593,0,1,0,19.6,1,dining,3127,0,0
21.58,0.172,16,0,1,10.1,2,electronics,1757,0,0
48.2,1.224,23,1,1,19.8,2,gambling,846,0,0
58.85,1.753,4,1,0,29.9,1,gas,996,0,0
40.47,1.708,16,0,1,15.5,0,cash_advance,3336,1,0
21.29,1.116,22,0,1,76.0,0,gambling,3217,0,0
32.85,1.283,10,0,1,153.4,2,cash_advance,3312,0,0
135.81,4.98,6,0,0,29.2,0,travel,3476,0,0
11.98,0.47,4,1,0,4.4,0,online_retail,649,0,0
30.48,0.624,13,0,1,133.6,0,online_retail,3298,0,1
71.31,1.948,6,0,0,6.2,0,online_retail,2875,0,0
42.83,2.792,9,0,1,86.3,1,gas,3589,0,0
233.03,12.284,21,0,0,20.3,0,gas,3539,0,1
20.72,0.686,22,0,0,13.0,0,dining,3113,0,0
67.19,2.846,20,0,0,30.5,0,grocery,2878,0,0
45.35,1.1,17,0,0,25.4,1,travel,3553,0,0
16.13,0.488,0,1,0,6.7,1,online_retail,1883,0,0
11.07,0.28,0,1,0,23.8,3,electronics,79,0,0
17.98,0.451,11,0,0,9.5,0,travel,565,0,0
50.35,0.727,22,0,0,28.3,0,travel,296,0,0
36.23,0.862,7,0,1,21.1,0,grocery,2951,0,0
113.29,8.058,13,0,0,3.4,0,electronics,1458,0,0
39.26,0.586,18,0,1,19.3,1,gas,435,0,0
53.45,1.762,5,1,1,14.5,1,gambling,1655,0,0
42.13,1.12,19,0,0,19.1,0,gambling,1490,0,0
14.08,0.587,1,1,1,30.8,0,dining,3206,0,0
50.71,1.137,20,0,1,120.0,0,online_retail,285,0,0
11.5,0.273,23,1,1,19.4,2,grocery,141,0,0
41.5,1.066,2,1,1,103.8,0,grocery,3189,0,0
14.16,0.376,18,0,1,95.9,1,dining,1596,0,0
17.15,0.507,20,0,0,7.7,0,gambling,3181,0,0
54.52,2.459,4,1,0,1.4,0,gambling,1516,0,0
21.38,0.519,16,0,0,13.3,0,online_retail,180,0,0
15.2,0.54,3,1,0,1.8,0,dining,138,1,0
74.33,5.112,21,0,0,22.1,0,grocery,716,0,0
38.42,0.948,21,0,0,3.6,0,cash_advance,543,1,0
26.67,0.857,21,0,0,5.9,1,grocery,2824,0,0
62.59,2.685,19,0,1,90.6,1,grocery,491,0,0
11.8,0.449,14,0,0,29.3,0,electronics,1666,0,0
150.79,5.098,8,0,0,2.2,0,online_retail,364,0,0
27.86,0.31,17,0,0,9.0,0,grocery,544,1,0
34.5,1.086,15,0,0,6.7,2,grocery,181,0,0
35.28,1.404,3,1,1,57.9,1,gas,1765,0,0
238.59,7.948,17,0,0,7.1,1,grocery,1669,0,0
10.62,0.143,3,1,1,32.5,0,travel,3010,0,0
66.03,3.944,19,0,1,31.4,0,online_retail,1942,0,0
23.27,0.357,9,0,1,132.1,1,dining,1525,0,0
46.12,0.486,21,0,1,47.3,1,online_retail,637,0,0
4.93,0.151,21,0,1,13.9,1,electronics,2257,0,0
37.67,1.183,19,0,0,25.9,1,online_retail,3258,0,0
11.6,0.404,5,1,0,11.8,1,cash_advance,2095,0,0
26.86,0.968,12,0,1,18.9,2,cash_advance,397,1,0
96.21,1.444,0,1,1,94.9,2,dining,309,0,0
76.81,1.552,0,1,1,10.3,0,electronics,246,0,0
38.22,0.622,8,0,0,10.2,1,online_retail,946,0,0
56.04,1.373,20,0,1,17.1,2,cash_advance,829,1,0
77.82,2.19,12,0,0,2.9,1,grocery,1070,0,0
33.26,1.893,5,1,0,6.6,1,cash_advance,179,0,0
54.84,1.097,16,0,1,2.4,1,online_retail,1425,0,0
19.85,0.359,10,0,0,17.3,1,travel,995,0,0
24.23,0.824,11,0,1,33.5,0,gas,2962,2,0
24.91,1.546,10,0,0,22.1,0,dining,2625,0,0
33.53,1.086,0,1,1,67.0,1,online_retail,1673,1,0
65.35,2.131,1,1,0,26.8,1,grocery,2139,0,0
43.9,1.038,1,1,1,39.3,0,electronics,842,0,0
12.68,0.367,6,0,0,6.7,0,online_retail,1478,1,0
41.76,1.105,3,1,0,1.5,1,dining,3586,2,0
16.55,0.224,3,1,1,42.3,0,online_retail,522,0,0
18.3,0.549,11,0,1,103.1,2,grocery,652,0,0
28.31,0.586,8,0,1,47.4,0,gambling,361,0,0
35.9,0.935,11,0,1,17.1,0,grocery,2465,0,0
30.33,0.357,16,0,1,34.8,0,grocery,1853,0,0
33.12,1.001,7,0,0,13.4,0,travel,1888,0,0
59.85,1.392,23,1,0,16.5,0,electronics,3554,0,0
100.56,5.268,21,0,1,38.4,2,grocery,1391,0,1
27.67,0.909,12,0,0,3.5,1,dining,962,0,0
69.67,1.027,15,0,1,56.9,1,grocery,140,0,0
9.08,0.352,20,0,0,4.7,1,grocery,1126,0,0
90.21,3.624,7,0,0,1.0,1,gas,1848,0,0
7.73,0.381,22,0,0,8.5,1,gambling,2635,0,0
24.29,0.909,16,0,1,19.3,0,gambling,92,0,0
165.18,10.304,6,0,1,61.7,1,dining,2501,0,1
39.49,1.78,15,0,1,47.6,0,dining,2831,0,0
52.02,0.986,15,0,1,21.6,0,dining,2319,0,0
11.22,0.255,6,0,1,32.2,1,gambling,2078,1,0
14.41,1.296,13,0,0,11.1,1,dining,607,0,0
81.17,1.994,4,1,1,26.2,0,dining,318,0,0
20.68,1.211,18,0,1,43.9,1,online_retail,2010,0,0
79.31,2.59,9,0,0,20.8,2,dining,2361,1,0
84.47,3.31,18,0,0,17.9,1,grocery,1524,0,0
139.77,3.777,16,0,1,88.4,0,online_retail,1927,0,0
21.03,0.624,11,0,0,18.5,2,electronics,1775,0,0
37.89,1.462,19,0,1,29.8,1,dining,261,0,0
72.62,2.412,17,0,1,128.2,0,travel,671,0,0
78.84,2.808,23,1,0,16.6,0,online_retail,2848,1,0
102.56,5.1,8,0,0,23.0,0,gas,2809,0,0
11.82,0.531,9,0,1,85.3,0,travel,799,0,0
73.82,3.355,19,0,1,14.1,2,gas,1348,0,0
49.18,1.293,18,0,0,9.1,0,grocery,3437,0,0
32.45,0.885,6,0,0,2.1,0,gas,3281,0,0
22.52,0.514,2,1,0,4.3,0,grocery,323,1,0
137.95,5.427,1,1,1,13.9,0,dining,3349,1,0
63.98,1.303,14,0,0,1.8,0,gas,257,0,0
77.88,3.171,8,0,1,22.6,1,online_retail,755,0,0
54.98,2.563,13,0,1,51.8,5,dining,1720,0,0
5.61,0.121,5,1,0,13.2,1,cash_advance,2191,0,0
154.83,6.029,11,0,1,92.6,1,electronics,723,0,1
11.79,0.329,5,1,1,57.3,1,grocery,1352,0,0
30.05,1.011,0,1,0,12.7,1,electronics,1238,0,0
45.4,2.368,22,0,0,22.8,1,travel,3284,0,0
18.02,0.61,19,0,0,5.8,0,electronics,1674,0,0
38.52,0.86,19,0,0,6.5,0,travel,607,0,0
76.85,2.291,5,1,1,40.1,0,grocery,648,0,0
28.08,1.841,14,0,0,0.2,1,cash_advance,1745,0,0
24.36,0.956,10,0,1,7.8,1,gas,1288,0,0
9.5,0.274,1,1,1,11.6,0,cash_advance,3098,0,0
27.91,0.345,0,1,0,3.1,0,online_retail,1164,0,0
50.62,0.789,5,1,1,2.3,5,online_retail,1848,0,0
25.46,0.487,0,1,1,105.4,0,dining,1522,0,0
104.09,4.014,10,0,1,62.2,1,dining,3460,0,0
16.01,0.563,16,0,0,27.7,0,gas,663,0,0
131.32,11.509,16,0,0,3.6,0,gas,1719,0,1
87.92,1.694,23,1,1,88.9,0,grocery,538,0,0
13.39,0.552,8,0,1,53.4,0,online_retail,3117,0,0
32.88,1.226,10,0,1,32.7,2,gas,181,1,0
21.81,0.714,14,0,1,31.1,0,travel,261,0,0
40.24,2.959,11,0,0,21.3,1,grocery,2090,0,0
39.93,1.388,2,1,1,13.8,1,online_retail,155,0,0
12.8,0.426,9,0,1,119.3,1,travel,2268,0,0
236.49,10.883,6,0,1,45.3,1,gambling,441,0,1
29.7,2.037,3,1,1,55.2,0,cash_advance,1485,0,0
102.59,3.653,12,0,1,76.8,0,grocery,2332,0,0
43.38,0.56,22,0,1,68.0,1,online_retail,2216,0,0
61.6,3.967,17,0,1,70.4,1,gambling,1263,1,0
24.78,1.673,19,0,1,60.5,0,dining,2930,0,0
22.55,0.65,10,0,1,45.9,0,online_retail,3055,0,0
11.45,0.196,19,0,0,16.4,0,grocery,561,0,0
11.36,0.452,15,0,0,14.9,0,gas,841,0,0
194.99,6.304,22,0,0,6.6,0,dining,962,0,0
14.85,0.372,18,0,1,47.7,1,online_retail,1249,0,0
13.11,0.523,18,0,1,62.5,0,cash_advance,1291,1,0
35.86,0.921,5,1,1,62.4,1,electronics,886,0,0
24.15,0.918,4,1,1,35.9,1,dining,2170,0,0
27.89,0.697,7,0,1,57.7,2,grocery,3393,0,0
29.65,0.566,16,0,1,27.0,0,online_retail,423,0,0
21.74,0.724,18,0,0,21.1,1,grocery,626,0,0
20.06,0.697,17,0,1,26.5,1,gas,1606,1,0
185.69,11.477,23,1,1,60.9,2,electronics,1050,0,1
14.39,0.343,18,0,1,48.1,1,electronics,1225,0,0
10.1,0.277,1,1,0,1.0,1,online_retail,1423,0,0
27.3,0.321,4,1,0,2.6,0,dining,1047,0,0
7.68,0.127,20,0,1,58.5,0,gas,3313,0,0
77.65,1.139,6,0,0,15.5,1,gambling,1689,0,0
6.72,0.283,19,0,1,35.5,2,gambling,2028,0,0
10.52,0.313,16,0,0,15.6,1,dining,278,0,0
54.93,1.539,23,1,1,78.1,1,online_retail,3394,0,0
6.16,0.138,1,1,1,49.1,0,cash_advance,901,0,0
35.81,1.256,22,0,1,45.9,0,grocery,566,0,0
136.83,4.59,4,1,1,22.5,1,gambling,2223,0,0
39.58,1.568,19,0,1,112.9,1,dining,2411,0,0
14.14,1.099,17,0,0,2.2,0,online_retail,1598,0,0
61.13,4.216,15,0,0,17.6,0,gambling,930,0,0
22.55,0.762,1,1,0,14.7,0,gambling,292,0,0
29.04,0.898,4,1,1,31.5,1,gas,2580,0,0
39.11,1.34,10,0,1,71.3,2,travel,707,0,0
77.77,6.267,18,0,0,45.4,0,online_retail,2103,0,1
21.67,0.594,16,0,1,93.4,1,electronics,2402,0,0
25.75,0.815,13,0,0,22.1,1,dining,112,0,0
21.34,0.638,2,1,0,4.9,0,dining,1130,0,0
20.48,0.645,3,1,0,8.6,0,electronics,239,0,0
38.57,1.414,18,0,1,21.1,0,grocery,1177,0,0
10.65,0.114,23,1,1,9.2,0,cash_advance,952,1,0
29.73,0.916,9,0,1,61.0,1,dining,1207,0,0
62.08,3.124,3,1,0,12.2,0,grocery,2248,0,0
15.68,0.37,6,0,0,1.0,1,gas,1648,0,0
132.84,2.724,1,1,1,36.7,0,online_retail,377,0,0
39.95,0.625,18,0,0,10.4,0,online_retail,2130,0,0
28.3,1.911,2,1,0,13.0,2,gas,1636,0,0
53.81,1.561,8,0,1,42.1,1,grocery,346,0,0
8.09,0.122,9,0,1,39.7,0,grocery,954,0,0
15.96,0.616,20,0,0,10.9,0,online_retail,1162,0,0
21.79,0.692,11,0,0,6.2,0,cash_advance,1162,0,0
21.18,0.507,22,0,0,10.6,0,electronics,2726,0,0
29.11,0.384,0,1,0,3.4,0,travel,1390,0,0
461.39,27.628,14,0,0,13.2,0,cash_advance,1432,0,1
28.96,0.242,12,0,0,26.8,2,gambling,3309,0,0
93.7,5.229,15,0,1,19.5,0,gambling,2118,0,0
40.52,0.682,14,0,0,25.0,0,gambling,1214,2,0
11.46,0.536,8,0,0,23.3,0,cash_advance,3413,0,0
76.94,3.068,15,0,1,12.2,2,travel,1022,0,0
66.03,1.016,7,0,1,71.2,0,dining,792,0,0
16.3,0.839,12,0,1,93.3,2,gas,764,0,0
69.6,2.108,19,0,1,44.9,0,gambling,1496,0,0
106.82,2.34,5,1,1,18.9,0,grocery,1805,0,0
54.53,1.354,21,0,0,1.7,0,cash_advance,3134,0,0
89.59,1.303,15,0,0,9.2,0,grocery,3007,0,0
70.83,1.765,17,0,1,34.5,0,grocery,1118,0,0
26.93,0.598,11,0,1,84.5,0,gambling,1008,0,0
239.64,4.764,4,1,0,15.5,1,online_retail,2665,0,0
24.73,1.027,13,0,0,3.2,0,grocery,2915,0,0
12.12,0.749,1,1,1,40.8,1,gambling,999,0,0
15.76,0.381,19,0,0,20.1,2,dining,1754,0,0
14.69,0.887,23,1,0,13.9,1,dining,3519,0,0
5.2,0.196,7,0,0,14.9,1,electronics,1906,2,0
78.31,2.071,1,1,0,9.4,1,dining,1479,0,0
146.94,7.054,3,1,0,13.5,6,dining,588,0,1
56.82,1.113,21,0,0,12.7,1,gambling,1614,0,0
12.37,0.75,10,0,1,60.6,7,grocery,3429,0,0
5.18,0.143,15,0,0,16.7,2,grocery,871,0,0
92.1,3.012,10,0,1,65.6,0,gas,2171,0,0
29.77,0.745,21,0,1,21.7,3,gambling,792,0,0
29.06,1.397,21,0,1,20.1,0,dining,1592,1,0
81.54,1.584,21,0,1,113.0,0,online_retail,3231,0,0
45.45,1.089,16,0,0,5.9,1,dining,1726,0,0
112.64,3.27,20,0,1,48.9,1,dining,36,0,0
34.07,1.15,1,1,1,41.4,0,online_retail,2043,0,0
189.58,8.934,14,0,1,39.8,0,online_retail,3147,0,1
13.75,0.603,0,1,1,49.6,1,grocery,775,0,0
15.79,0.632,20,0,0,27.1,0,online_retail,2893,0,0
52.83,2.361,7,0,0,4.9,0,cash_advance,2726,0,0
14.7,0.463,20,0,1,48.6,1,grocery,2457,1,0
185.37,4.726,16,0,1,48.1,2,electronics,2320,0,1
87.86,2.331,1,1,0,11.6,0,online_retail,328,0,0
103.74,2.911,23,1,0,0.4,1,dining,3473,0,0
80.52,5.048,2,1,1,118.9,0,online_retail,3317,0,0
43.82,1.327,22,0,0,18.0,1,grocery,1177,0,0
6.59,0.197,4,1,1,22.6,8,gambling,363,0,0
17.78,0.282,7,0,1,15.4,1,gambling,3177,0,0
33.1,1.232,3,1,1,61.5,0,grocery,1969,0,0
51.83,0.574,10,0,0,22.8,1,dining,2499,0,0
23.18,0.391,12,0,1,23.8,1,travel,692,0,0
12.02,0.717,11,0,1,56.4,0,gas,1127,0,0
58.99,2.405,1,1,1,34.7,1,cash_advance,1493,1,0
20.04,0.59,1,1,1,98.0,3,online_retail,3445,0,0
79.16,0.74,8,0,1,124.5,1,online_retail,2356,0,0
31.31,0.945,9,0,1,25.3,0,grocery,340,0,0
25.15,0.62,17,0,1,52.5,2,cash_advance,596,0,0
26.6,0.784,20,0,1,30.0,1,grocery,1911,0,0
72.39,0.675,3,1,1,88.1,7,gas,919,0,0
16.5,0.443,0,1,1,59.3,0,grocery,1540,0,0
20.82,0.336,16,0,0,9.0,1,grocery,1867,0,0
29.27,0.995,9,0,0,23.4,0,online_retail,1514,2,0
57.22,1.103,16,0,1,86.1,0,dining,1832,0,0
15.1,0.383,7,0,1,9.9,0,grocery,3131,1,0
163.06,3.652,15,0,0,4.1,4,cash_advance,301,0,0
14.48,0.384,19,0,0,2.7,0,dining,25,0,0
78.36,2.83,15,0,1,72.6,0,grocery,3494,0,0
16.08,0.581,19,0,1,67.0,1,online_retail,551,0,0
39.04,1.193,14,0,0,2.4,1,gambling,3172,1,0
16.04,0.369,5,1,0,12.2,0,online_retail,1927,0,0
14.41,0.541,11,0,0,10.4,0,gambling,2250,0,0
14.99,0.41,21,0,0,14.8,1,electronics,3009,0,0
19.19,0.457,10,0,1,5.0,0,electronics,3057,0,0
41.33,0.894,16,0,1,43.3,1,grocery,3045,0,0
37.24,0.842,7,0,1,104.3,1,gas,927,0,0
33.0,0.83,14,0,1,60.7,1,grocery,3348,0,0
31.24,0.706,17,0,1,74.5,1,travel,3113,0,0
32.22,1.623,23,1,1,36.3,0,grocery,2607,0,0
73.66,3.954,14,0,1,23.2,0,online_retail,1203,0,0
4.22,0.083,11,0,1,32.4,2,gas,3057,1,0
22.21,0.374,7,0,1,67.7,1,grocery,533,0,0
13.87,0.214,18,0,0,5.8,0,grocery,540,1,0
75.68,3.599,18,0,1,6.6,2,travel,223,0,0
68.45,2.27,18,0,1,27.9,7,dining,285,0,1
221.89,7.646,9,0,0,8.1,0,grocery,2927,0,0
22.81,0.16,13,0,1,80.4,1,gas,3252,0,0
14.33,0.397,14,0,1,19.4,0,grocery,128,0,0
17.83,0.52,9,0,0,21.6,0,grocery,2758,0,0
45.57,1.499,1,1,0,15.7,0,grocery,1338,0,0
54.29,1.506,6,0,1,32.6,5,online_retail,1928,0,0
7.62,0.163,16,0,0,13.1,1,travel,1875,0,0
159.6,2.851,6,0,0,19.1,0,gas,3163,0,0
54.99,1.576,23,1,0,19.1,0,online_retail,123,0,0
36.36,0.487,5,1,0,18.7,0,gambling,60,0,0
17.52,0.886,1,1,1,64.2,0,grocery,2891,0,0
227.86,4.53,9,0,0,4.8,2,dining,2475,0,0
101.47,5.73,7,0,0,4.7,1,grocery,839,1,0
30.21,0.55,18,0,1,53.5,1,cash_advance,1975,0,0
237.97,5.565,20,0,0,1.6,0,online_retail,1673,0,1
35.74,0.697,5,1,0,21.9,1,grocery,1053,0,0
68.5,1.729,21,0,1,33.0,0,dining,3362,0,0
67.48,3.021,20,0,1,76.2,1,cash_advance,1282,0,0
34.16,0.849,11,0,0,5.3,1,gambling,2799,0,0
20.93,0.684,7,0,1,52.9,0,online_retail,2652,0,0
31.17,1.827,4,1,1,92.6,1,cash_advance,1050,0,0
14.64,0.325,7,0,1,40.2,1,travel,414,0,0
38.17,1.519,19,0,0,37.9,0,grocery,3528,0,0
10.58,0.314,20,0,0,10.9,9,dining,673,0,0
32.33,0.525,13,0,1,99.0,0,dining,1713,0,0
58.2,1.905,23,1,1,34.5,3,dining,926,0,0
30.58,0.994,2,1,0,14.4,1,cash_advance,1259,2,0
21.51,1.005,2,1,0,29.0,0,electronics,2632,0,0
38.02,1.381,1,1,0,10.6,4,grocery,455,0,0
147.22,7.017,0,1,1,31.5,1,online_retail,283,1,1
30.17,0.901,1,1,1,61.6,0,cash_advance,3426,0,0
6.95,0.257,3,1,0,27.7,2,grocery,3444,0,0
53.58,2.776,0,1,0,4.0,0,grocery,1884,0,0
247.81,5.111,16,0,0,8.4,1,online_retail,1226,0,1
11.79,0.329,1,1,0,15.7,0,gambling,1702,0,0
116.51,1.724,7,0,1,14.6,1,cash_advance,1307,0,0
44.29,1.63,3,1,0,12.7,0,online_retail,3535,0,0
68.91,1.829,6,0,1,51.3,1,online_retail,2605,0,0
13.23,0.342,0,1,0,7.6,2,online_retail,691,0,0
17.51,0.268,12,0,0,3.3,0,online_retail,1264,0,0
33.21,2.462,18,0,0,7.0,0,travel,2360,0,0
9.82,0.356,18,0,1,60.3,0,grocery,357,0,0
23.51,0.28,4,1,1,6.7,0,travel,691,0,0
87.49,1.596,3,1,0,16.1,0,online_retail,3024,0,0
15.38,0.477,10,0,1,97.7,0,grocery,1926,0,0
62.3,2.468,16,0,1,71.4,0,electronics,209,0,0
84.09,2.167,1,1,1,44.3,1,online_retail,1901,2,0
86.58,1.392,20,0,1,58.1,0,gas,2093,0,0
31.21,1.469,21,0,0,13.9,1,dining,802,1,0
85.88,2.946,8,0,0,6.1,3,gas,2789,0,0
68.36,1.882,18,0,1,41.4,0,gambling,2699,0,0
31.57,0.637,9,0,0,12.7,0,grocery,1355,0,0
90.38,1.025,17,0,1,36.1,0,dining,643,0,0
50.77,1.309,11,0,1,48.3,0,grocery,3220,0,0
56.31,1.102,10,0,1,32.2,2,dining,1533,0,0
20.02,0.83,5,1,1,49.5,3,grocery,2652,0,0
72.19,0.586,16,0,0,14.6,0,gambling,1776,0,0
22.57,0.949,22,0,0,9.5,0,cash_advance,2327,0,0
91.13,1.398,7,0,0,15.5,2,travel,1749,0,0
138.55,7.859,9,0,0,7.5,0,travel,851,0,1
50.92,2.409,12,0,0,1.5,0,grocery,2369,0,0
26.59,0.7,8,0,1,8.2,3,travel,1991,0,0
21.25,0.832,22,0,1,129.4,0,grocery,997,0,0
7.99,0.065,9,0,0,19.2,0,grocery,2120,0,0
11.02,0.277,6,0,0,6.2,0,gambling,2307,0,0
27.67,0.981,15,0,0,6.7,0,online_retail,2305,0,0
20.89,0.87,13,0,1,37.1,1,online_retail,2741,1,0
16.91,0.803,4,1,0,9.8,0,grocery,2543,0,0
127.07,5.883,3,1,0,5.6,4,dining,2811,0,0
46.01,2.02,23,1,1,53.1,1,dining,576,0,0
70.33,3.3,23,1,0,15.5,2,travel,474,0,0
45.39,1.498,8,0,1,53.6,2,electronics,3056,0,0
14.95,0.482,11,0,1,65.0,0,grocery,835,0,0
38.86,2.016,16,0,1,45.8,0,cash_advance,1557,0,0
52.03,2.271,2,1,0,26.7,0,grocery,3547,0,0
20.23,0.474,12,0,1,24.7,1,gas,3472,0,0
47.54,1.181,23,1,1,27.0,1,dining,2267,1,0
55.11,1.079,18,0,0,5.7,0,gambling,394,0,0
24.28,1.094,11,0,0,36.5,0,electronics,2144,0,0
23.03,1.266,6,0,0,35.6,1,online_retail,1772,0,0
14.15,0.644,20,0,1,110.5,0,gambling,179,0,0
14.82,0.499,9,0,1,43.8,0,electronics,3402,0,0
11.21,0.414,0,1,1,28.5,0,travel,2206,0,0
157.03,6.299,7,0,0,1.2,1,grocery,1626,0,1
19.29,0.35,8,0,0,15.3,1,cash_advance,215,0,0
46.82,1.84,19,0,0,3.0,0,dining,1934,0,0
36.92,1.213,1,1,0,6.2,1,gas,1367,0,0
175.88,7.484,7,0,0,8.6,1,grocery,109,0,0
29.55,1.216,1,1,0,11.5,0,travel,2996,0,0
103.33,4.277,1,1,0,11.1,0,grocery,2780,0,0
66.19,2.602,21,0,0,18.7,1,grocery,2327,0,0
31.98,0.807,1,1,1,92.1,1,dining,61,0,0
51.44,1.906,19,0,1,79.9,0,cash_advance,3599,1,0
67.45,2.839,0,1,1,121.2,0,online_retail,1482,0,0
53.88,2.238,0,1,0,3.2,0,dining,1298,0,0
7.38,0.289,7,0,0,13.8,0,grocery,3468,0,0
9.68,0.292,2,1,0,0.1,1,gambling,2606,0,0
20.48,0.312,16,0,0,30.1,2,grocery,634,0,0
29.08,0.882,8,0,1,7.4,0,electronics,2154,0,0
42.46,1.365,3,1,0,6.0,0,dining,971,0,0
116.28,2.471,12,0,0,18.2,1,online_retail,3466,1,0
22.87,0.958,6,0,0,6.9,2,electronics,2686,0,0
18.11,0.502,2,1,0,18.0,1,dining,1434,0,0
21.17,1.024,2,1,0,4.5,0,online_retail,1324,0,0
49.64,0.682,15,0,1,36.1,1,gambling,296,0,0
8.98,0.289,13,0,0,2.3,0,grocery,492,1,0
40.48,1.213,10,0,1,45.2,2,online_retail,3518,0,0
13.79,0.69,1,1,0,4.3,1,gas,2354,0,0
72.28,3.094,20,0,1,15.6,1,online_retail,2629,0,0
7.56,0.143,18,0,0,9.4,0,online_retail,3351,0,0
50.73,0.888,23,1,0,3.0,1,grocery,1044,0,0
8.87,0.42,9,0,0,5.1,0,travel,899,1,0
22.51,1.444,9,0,0,7.0,1,grocery,3012,0,0
18.82,0.715,5,1,0,25.5,0,grocery,2513,0,0
72.44,2.411,8,0,1,1.0,0,online_retail,1541,1,0
55.37,1.321,1,1,1,10.4,0,travel,547,0,0
11.72,0.226,20,0,1,106.6,1,dining,3287,0,0
201.03,4.291,10,0,1,56.0,0,grocery,2229,0,0
14.44,0.513,22,0,1,22.2,1,cash_advance,2115,0,0
16.76,1.166,19,0,1,50.6,0,cash_advance,2443,0,0
64.5,1.743,8,0,1,44.9,0,cash_advance,791,0,0
18.96,0.704,12,0,1,29.8,0,dining,1448,0,0
83.17,1.876,18,0,1,116.3,1,gas,1310,0,0
62.99,1.603,16,0,1,94.1,1,online_retail,1561,0,0
19.52,0.813,16,0,0,8.3,1,dining,464,0,0
12.98,0.608,6,0,1,49.4,0,gas,2865,0,0
37.27,2.157,3,1,1,102.3,0,grocery,2873,0,0
14.94,0.476,21,0,0,16.5,0,cash_advance,2566,0,0
301.27,5.6,6,0,0,8.3,2,grocery,2537,1,1
38.42,2.081,11,0,0,24.1,0,travel,418,1,0
48.25,0.822,14,0,0,9.9,1,dining,1472,0,0
27.25,0.327,21,0,1,6.6,0,electronics,1664,1,0
137.84,4.098,7,0,1,28.9,1,dining,3373,0,0
104.31,3.465,17,0,1,21.6,0,electronics,3370,0,0
79.07,2.916,7,0,1,57.9,2,grocery,746,0,0
49.12,1.786,1,1,1,32.9,0,online_retail,457,1,0
145.52,4.467,23,1,1,62.6,0,online_retail,3056,0,0
17.73,0.355,4,1,0,16.4,6,grocery,33,0,0
82.21,2.841,8,0,1,59.5,0,online_retail,1081,0,0
49.26,2.503,16,0,0,27.1,0,cash_advance,855,0,0
67.01,1.118,20,0,1,35.3,2,dining,493,0,0
13.74,0.377,16,0,1,11.1,0,grocery,925,0,0
111.58,2.648,14,0,0,5.6,1,online_retail,733,0,0
82.2,1.179,18,0,1,28.6,3,dining,2410,0,0
55.83,0.968,21,0,0,4.8,0,travel,2690,0,0
54.31,1.904,10,0,0,0.6,1,electronics,2811,0,0
23.48,0.462,3,1,0,22.2,1,online_retail,1985,0,0
60.94,0.942,11,0,0,7.5,2,gas,1395,0,0
11.58,0.41,6,0,0,21.0,0,gas,1573,0,0
19.4,0.605,23,1,1,32.7,2,online_retail,2518,0,0
187.6,6.645,2,1,0,15.3,0,online_retail,1490,0,1
35.16,1.362,22,0,1,120.0,2,online_retail,589,0,0
69.64,1.374,11,0,1,131.9,0,cash_advance,3284,0,0
44.28,1.013,21,0,0,20.4,1,online_retail,1307,1,0
29.22,0.465,10,0,0,47.9,0,online_retail,715,0,0
29.86,0.21,5,1,1,9.3,2,online_retail,53,0,0
52.29,2.068,13,0,0,2.8,1,cash_advance,3512,0,0
5.54,0.25,2,1,0,1.7,1,dining,115,0,0
13.47,0.168,4,1,0,8.8,0,dining,1168,0,0
20.06,1.078,22,0,1,83.3,2,travel,2700,0,0
80.79,1.411,18,0,0,21.9,2,online_retail,3425,0,0
9.11,0.154,15,0,0,16.5,0,travel,1195,0,0
132.07,6.697,14,0,1,48.5,1,grocery,1361,0,1
10.81,0.492,13,0,0,9.0,6,dining,142,0,0
89.8,3.403,3,1,1,47.5,1,gas,2194,0,0
135.53,9.239,20,0,0,18.1,1,dining,2371,1,1
5.34,0.143,17,0,0,2.0,0,grocery,3481,0,0
16.37,0.62,4,1,1,42.4,1,grocery,1197,0,0
104.11,3.833,9,0,0,2.6,0,gambling,2550,0,0
51.27,2.521,7,0,1,98.8,1,grocery,2322,0,0
43.67,2.532,5,1,1,26.9,0,gas,892,0,0
55.68,1.302,14,0,0,23.1,1,grocery,2960,0,0
16.7,0.319,2,1,1,92.8,4,dining,2424,0,1
64.39,1.768,15,0,0,9.1,0,electronics,496,1,0
58.57,2.5,22,0,0,14.8,0,gas,1755,0,0
16.89,0.329,2,1,1,25.4,1,cash_advance,3263,0,0
367.94,21.467,22,0,0,24.0,1,travel,891,0,1
22.67,0.411,5,1,1,131.0,0,online_retail,52,0,0
27.09,0.722,8,0,1,98.3,0,grocery,596,1,0
21.08,0.65,13,0,1,93.8,1,online_retail,470,0,0
66.81,1.474,13,0,1,16.7,2,grocery,1521,0,0
126.77,2.598,7,0,1,60.7,0,gambling,3047,0,0
606.89,11.212,21,0,0,11.8,3,online_retail,951,0,1
18.57,0.713,7,0,1,30.5,0,dining,952,0,0
50.44,1.717,11,0,1,35.5,0,dining,851,0,0
22.43,0.437,9,0,1,31.4,3,online_retail,837,0,0
86.96,2.384,12,0,1,42.3,0,grocery,1633,0,0
11.62,0.435,1,1,1,21.9,1,grocery,1916,0,0
50.7,2.008,3,1,1,18.9,0,online_retail,284,0,0
109.71,3.545,7,0,0,7.0,1,travel,1709,0,0
10.79,0.415,18,0,1,24.4,0,online_retail,1950,0,0
62.69,1.621,22,0,1,77.3,0,cash_advance,3314,0,0
27.45,1.068,10,0,0,7.2,0,cash_advance,1762,0,0
6.81,0.207,17,0,1,39.5,1,travel,112,1,0
7.91,0.235,8,0,0,26.5,0,online_retail,3518,0,0
31.29,1.163,8,0,0,14.0,2,grocery,3057,0,0
17.38,0.658,18,0,1,116.6,1,grocery,3341,0,0
70.35,2.733,1,1,0,6.4,1,online_retail,1397,0,0
7.81,0.277,9,0,0,14.8,0,dining,3584,0,0
60.72,0.707,1,1,0,4.4,0,dining,2057,0,0
25.49,1.271,17,0,1,52.5,1,online_retail,2516,0,0
146.43,2.241,20,0,1,65.8,0,travel,87,1,0
46.69,1.192,10,0,0,2.9,1,grocery,715,0,0
19.23,0.556,2,1,1,71.3,1,cash_advance,1200,0,0
39.97,0.997,2,1,0,23.6,0,online_retail,3520,0,0
17.14,0.365,18,0,0,14.7,0,grocery,803,0,0
22.24,1.526,16,0,1,52.7,0,gas,1590,0,0
81.23,2.016,17,0,0,6.4,0,grocery,2077,0,0
9.68,0.35,9,0,0,8.0,0,dining,1676,0,0
50.26,1.109,8,0,1,30.5,1,travel,1608,0,0
94.3,1.867,10,0,0,7.4,0,cash_advance,3453,0,0
73.48,3.119,8,0,0,22.9,0,cash_advance,2297,0,0
11.48,0.184,4,1,1,100.8,1,electronics,985,0,0
24.64,0.838,9,0,0,18.3,0,grocery,2371,0,0
3.73,0.114,8,0,1,73.1,0,dining,2402,0,0
36.82,1.177,20,0,0,3.0,1,dining,1794,0,0
17.24,0.557,22,0,1,45.4,2,electronics,483,0,0
18.64,0.409,0,1,1,22.4,2,travel,1274,0,0
145.72,5.748,12,0,0,4.6,1,electronics,2170,0,0
74.81,1.451,5,1,1,57.1,9,dining,3218,0,0
27.13,0.647,1,1,1,10.0,1,grocery,602,0,0
53.45,1.095,14,0,0,2.4,0,dining,346,0,0
38.06,1.364,7,0,0,1.9,2,online_retail,2720,0,0
21.49,0.503,0,1,1,75.8,5,gas,2382,0,0
6.44,0.211,21,0,0,4.2,0,online_retail,2744,1,0
145.93,5.854,18,0,1,77.5,0,online_retail,82,1,1
20.79,0.493,15,0,1,60.5,0,grocery,1222,0,0
61.59,3.191,3,1,0,8.2,0,gas,1394,0,0
4.64,0.137,2,1,0,12.9,1,online_retail,526,0,0
135.16,1.982,23,1,1,37.3,4,gas,1466,0,0
27.1,0.649,9,0,1,24.9,0,gas,1845,0,0
156.26,5.174,4,1,0,1.4,0,travel,2112,0,0
36.26,0.825,10,0,1,43.9,0,online_retail,2208,0,0
12.12,0.307,0,1,1,47.8,0,dining,1167,0,0
64.0,2.515,4,1,1,29.6,0,electronics,3050,0,0
30.54,1.468,6,0,0,0.8,0,cash_advance,1187,0,0
262.63,8.453,1,1,1,66.5,1,cash_advance,2274,0,1
47.51,1.386,0,1,0,24.7,3,gas,2303,0,0
41.31,1.41,8,0,1,77.8,1,gambling,3377,0,0
16.03,0.446,4,1,1,19.3,0,online_retail,1055,0,0
48.1,1.89,2,1,1,48.6,0,gas,1437,1,0
130.52,5.223,21,0,1,39.3,0,grocery,2802,0,0
25.61,0.67,14,0,0,8.5,0,online_retail,1867,0,0
30.41,0.759,18,0,0,4.1,0,gambling,959,0,0
14.74,0.349,13,0,1,113.0,0,grocery,754,0,0
24.05,1.379,8,0,0,3.8,1,dining,235,0,0
76.34,2.232,18,0,1,28.2,0,dining,705,0,0
95.41,4.0,9,0,1,40.2,0,dining,2604,0,0
16.85,0.471,23,1,0,31.5,0,gas,713,0,0
45.17,0.796,14,0,0,1.0,1,online_retail,1728,0,0
19.75,0.528,14,0,0,24.5,4,dining,2657,0,0
60.32,1.819,15,0,0,6.5,1,travel,392,0,0
10.02,0.302,18,0,1,87.1,0,grocery,2585,1,0
41.53,1.178,10,0,0,3.6,2,gas,1631,0,0
3.42,0.087,19,0,0,29.0,0,gas,106,0,0
12.72,0.431,11,0,0,15.4,4,online_retail,1762,0,0
39.31,1.652,21,0,1,38.4,0,dining,1561,0,0
16.43,0.479,16,0,0,3.2,2,online_retail,63,0,0
22.54,1.496,20,0,1,2.5,0,grocery,1696,0,0
9.77,0.332,3,1,1,92.5,0,dining,1474,1,0
17.64,0.905,13,0,0,1.9,1,dining,1061,0,0
58.56,1.479,19,0,1,37.9,0,dining,1351,0,0
13.13,0.461,22,0,1,49.4,6,online_retail,518,0,0
86.78,1.724,13,0,0,11.8,1,electronics,2556,1,0
42.38,1.509,11,0,1,8.0,0,cash_advance,1314,0,0
345.54,15.642,10,0,0,2.9,2,grocery,3503,0,1
61.12,2.269,14,0,1,87.5,1,gambling,1482,0,0
5.15,0.198,21,0,0,14.8,1,online_retail,2189,1,0
9.01,0.387,8,0,1,43.1,0,grocery,1815,0,0
36.43,0.869,2,1,0,7.8,0,cash_advance,1194,0,0
4.83,0.091,8,0,0,3.7,3,online_retail,2769,0,0
67.69,2.299,10,0,1,31.2,0,online_retail,1782,0,0
165.71,7.381,6,0,0,2.4,0,grocery,1496,0,0
103.15,4.243,21,0,1,25.1,0,gambling,1276,0,1
39.63,0.941,2,1,0,5.3,1,dining,2118,0,0
45.79,1.022,8,0,1,38.0,0,grocery,175,1,0
95.96,1.983,3,1,0,3.8,1,online_retail,3147,0,0
105.09,3.393,1,1,1,69.6,1,grocery,1935,0,0
21.73,0.618,9,0,0,7.0,1,dining,2685,0,0
11.6,0.34,3,1,1,77.4,0,cash_advance,2357,0,0
45.99,1.837,0,1,0,17.9,0,electronics,1883,0,0
61.6,1.464,19,0,1,21.9,1,online_retail,1181,0,0
26.07,1.304,10,0,1,53.2,1,online_retail,2967,1,0
7.71,0.257,12,0,1,36.3,0,electronics,393,0,0
13.18,0.428,13,0,0,2.2,0,grocery,3417,0,0
20.25,0.984,14,0,1,72.3,4,dining,3217,0,0
63.3,2.374,7,0,1,175.5,0,grocery,2705,0,0
39.84,1.463,5,1,1,23.8,0,grocery,1419,0,0
15.78,0.6,16,0,1,91.2,3,online_retail,1329,1,0
40.97,1.431,17,0,1,83.0,1,gas,322,0,0
344.51,15.789,23,1,0,8.5,0,grocery,2030,0,1
11.99,0.442,2,1,1,55.6,1,online_retail,1167,0,0
21.92,0.513,7,0,0,3.5,1,grocery,3053,1,0
9.06,0.321,7,0,0,13.9,1,grocery,3336,0,0
14.8,0.279,11,0,1,18.2,0,grocery,2906,1,0
126.97,7.491,3,1,1,82.3,10,grocery,2272,0,1
117.8,7.659,12,0,0,10.4,1,electronics,1932,0,1
21.82,0.465,4,1,1,39.3,0,gas,1834,0,0
33.89,1.559,21,0,1,36.1,0,gas,2476,0,0
11.6,0.324,17,0,0,12.0,6,online_retail,1433,0,0
34.41,1.53,5,1,0,13.7,0,gambling,2229,0,0
53.61,2.26,13,0,0,5.5,1,online_retail,393,0,0
25.09,1.41,11,0,0,25.4,0,dining,2173,0,0
15.75,0.447,23,1,1,15.7,1,grocery,2686,0,0
10.3,0.433,11,0,1,14.0,1,gambling,2498,0,0
58.95,1.868,23,1,0,1.8,1,travel,1216,0,0
131.55,8.08,16,0,1,89.2,0,grocery,357,0,1
72.88,1.285,19,0,1,105.1,0,grocery,3156,0,0
105.25,2.723,0,1,1,40.1,0,online_retail,324,0,0
19.86,0.666,8,0,1,8.5,0,online_retail,2508,0,0
31.39,1.962,8,0,1,111.7,1,online_retail,264,0,0
14.82,0.284,18,0,0,14.0,2,cash_advance,1016,0,0
143.07,4.883,7,0,1,47.4,0,gas,3474,0,0
23.38,0.321,2,1,0,8.8,0,gambling,748,0,0
88.64,2.707,8,0,1,82.6,1,grocery,149,1,0
140.53,8.805,13,0,1,34.4,3,online_retail,2914,0,1
49.48,2.186,6,0,1,97.6,1,dining,2277,0,0
85.28,2.94,0,1,1,44.3,0,online_retail,1264,0,0
6.03,0.12,19,0,1,17.4,1,grocery,3428,0,0
9.48,0.304,11,0,1,50.9,2,gas,602,0,0
94.12,0.654,7,0,0,17.0,0,gambling,1848,0,0
31.8,1.242,21,0,1,40.8,1,grocery,3112,0,0
13.69,0.492,23,1,1,40.9,0,travel,1194,0,0
7.91,0.254,0,1,1,27.0,0,gambling,3353,0,0
19.98,0.306,3,1,0,0.1,0,dining,287,1,0
58.68,2.869,2,1,1,75.1,0,online_retail,3112,1,0
77.16,2.285,20,0,1,91.3,2,gas,2559,0,0
66.08,3.657,20,0,0,4.4,0,grocery,1892,0,0
91.51,3.554,4,1,0,2.9,1,online_retail,1788,0,0
3.95,0.184,5,1,1,53.9,0,grocery,3282,0,0
103.95,2.926,19,0,0,1.4,2,gas,2930,0,0
86.01,5.306,15,0,1,39.6,0,grocery,1292,0,0
40.48,1.595,10,0,1,21.7,0,cash_advance,2808,0,0
56.79,2.905,13,0,1,28.7,1,travel,1149,1,0
29.7,1.04,16,0,1,46.0,0,electronics,48,0,0
17.23,0.549,22,0,1,93.7,0,dining,1678,0,0
6.45,0.267,6,0,1,25.5,0,electronics,3415,0,0
15.9,0.329,17,0,0,3.5,0,grocery,400,0,0
98.42,3.579,4,1,1,67.7,0,gambling,1160,0,0
10.38,0.256,18,0,1,19.3,2,online_retail,528,0,0
32.85,0.922,15,0,1,107.9,2,gas,932,0,0
93.08,5.256,5,1,1,98.7,0,gambling,2152,0,0
8.64,0.429,0,1,1,19.0,0,electronics,522,0,0
35.56,0.97,13,0,1,55.6,1,dining,97,0,0
207.6,9.284,18,0,1,35.7,0,grocery,399,0,1
29.48,1.634,16,0,1,19.6,0,gambling,1517,0,0
20.68,0.311,20,0,1,52.0,0,gambling,1737,0,0
3.81,0.047,15,0,0,10.3,1,dining,523,0,0
34.6,0.971,6,0,0,4.2,0,cash_advance,1004,1,0
22.42,1.318,22,0,1,91.5,0,dining,2266,0,0
31.39,0.717,11,0,0,2.3,0,cash_advance,2808,0,0
152.1,5.606,6,0,1,14.5,0,travel,2447,0,0
339.48,8.788,23,1,1,81.7,0,gas,1475,0,1
37.36,1.276,21,0,1,122.5,0,gas,208,0,0
94.66,0.84,6,0,1,30.9,1,grocery,3581,0,0
35.83,1.999,7,0,1,83.7,1,electronics,3594,0,0
26.6,0.69,23,1,0,18.8,2,electronics,1904,1,0
19.66,0.478,0,1,1,42.4,0,gas,1684,0,0
11.75,0.553,12,0,0,8.7,0,travel,2923,1,0
65.25,4.932,15,0,1,34.4,1,gambling,1843,1,0
30.4,1.312,19,0,1,49.3,1,grocery,2457,0,0
141.92,6.356,15,0,0,1.1,1,travel,3095,0,0
12.63,0.195,13,0,0,11.4,0,gambling,451,0,0
52.49,2.497,12,0,0,0.6,1,gas,3418,0,0
436.28,13.612,0,1,1,60.1,1,grocery,3003,0,1
67.74,3.521,23,1,0,8.7,0,grocery,2878,0,0
85.34,1.907,0,1,0,1.1,0,grocery,2358,1,0
7.59,0.167,20,0,1,39.7,0,online_retail,2230,1,0
55.54,2.305,15,0,1,67.1,0,grocery,2332,0,0
20.66,0.452,5,1,1,51.3,1,travel,2348,0,0
37.93,0.963,4,1,1,94.0,1,cash_advance,2198,0,0
70.69,0.891,19,0,0,11.5,0,gas,1686,0,0
15.16,1.115,16,0,1,35.8,1,online_retail,909,0,0
4.09,0.165,1,1,0,14.9,1,dining,2124,0,0
25.7,0.75,2,1,1,70.7,0,cash_advance,336,0,0
11.18,0.37,14,0,0,23.2,1,cash_advance,3174,0,0
69.01,1.081,12,0,1,35.2,1,grocery,148,0,0
69.69,1.885,2,1,0,9.8,2,travel,1802,0,0
45.03,1.295,11,0,0,19.8,0,grocery,2054,0,0
243.57,12.333,19,0,1,25.4,0,dining,526,0,1
201.3,10.788,7,0,0,0.3,0,cash_advance,3122,0,1
306.43,4.706,18,0,1,53.6,1,online_retail,1479,0,0
98.62,3.761,10,0,0,15.7,0,dining,2136,0,0
52.81,2.495,18,0,0,16.0,1,electronics,630,0,0
177.6,4.668,7,0,1,30.4,1,gas,3248,0,0
37.93,1.525,23,1,1,33.1,0,online_retail,3537,1,0
13.71,0.723,5,1,0,10.2,0,cash_advance,253,0,0
17.8,0.669,4,1,0,11.4,2,grocery,2534,0,0
71.0,2.006,12,0,1,52.1,2,gas,578,0,0
457.05,17.202,12,0,0,11.5,1,gambling,1924,1,1
41.9,0.713,11,0,0,8.1,1,electronics,2159,0,0
28.07,1.383,18,0,0,21.8,0,gambling,1700,0,0
24.44,0.846,23,1,1,55.1,0,dining,477,0,0
34.45,0.835,15,0,1,54.1,1,dining,725,0,0
67.67,5.682,15,0,0,5.6,1,electronics,146,0,0
40.43,0.999,0,1,0,17.6,2,dining,1556,0,0
123.15,4.369,11,0,1,55.8,0,electronics,996,0,0
128.87,1.871,0,1,0,14.1,0,travel,1234,0,0
280.23,8.106,14,0,1,91.4,0,online_retail,726,0,1
105.35,4.754,23,1,1,54.0,0,gas,1776,0,0
8.6,0.123,11,0,0,21.7,0,travel,1244,0,0
66.87,2.24,8,0,0,35.6,0,cash_advance,923,0,0
34.28,1.627,20,0,1,32.4,0,electronics,299,0,0
15.02,0.253,12,0,0,27.6,0,dining,1213,0,0
128.84,5.767,2,1,1,127.4,0,online_retail,1215,0,1
37.78,1.597,16,0,0,7.2,0,cash_advance,958,0,0
31.18,1.313,5,1,0,7.5,1,dining,2522,0,0
16.4,0.397,16,0,1,26.4,1,travel,1753,0,0
12.5,0.206,16,0,1,44.3,0,dining,3420,0,0
80.21,3.46,0,1,1,33.4,0,gas,2030,1,0
30.4,0.982,7,0,1,40.8,1,online_retail,2767,0,0
37.36,1.114,2,1,1,57.8,1,dining,2899,0,0
46.23,3.151,23,1,1,64.7,0,online_retail,308,0,0
38.64,1.377,19,0,1,85.0,1,gas,610,1,0
49.25,2.106,9,0,0,27.3,0,gambling,609,0,0
87.38,2.215,11,0,1,72.8,1,online_retail,1883,0,0
92.91,4.284,6,0,0,12.4,1,gas,3009,0,0
191.66,4.495,5,1,0,2.1,0,online_retail,169,0,0
5.84,0.068,21,0,1,71.4,0,online_retail,2428,0,0
26.43,0.226,17,0,1,33.5,0,grocery,1278,0,0
77.7,1.765,5,1,1,39.1,3,dining,2987,0,0
2.86,0.042,3,1,1,55.7,1,travel,315,0,0
80.14,1.564,20,0,1,37.3,1,electronics,1641,0,0
21.3,0.412,6,0,1,47.5,11,gas,1847,0,0
53.61,1.087,1,1,0,5.9,0,electronics,1357,1,0
45.33,0.638,20,0,1,40.6,1,electronics,124,0,0
37.11,1.281,14,0,0,15.1,6,gambling,3553,1,0
28.31,0.817,22,0,0,9.4,0,gas,2470,0,0
106.86,3.065,11,0,0,5.5,1,gambling,1020,0,0
73.64,1.924,22,0,0,11.9,8,travel,1908,0,0
42.36,0.909,15,0,1,42.4,0,gas,3343,0,0
35.05,1.414,12,0,1,34.8,1,dining,1717,0,0
52.33,0.807,3,1,1,33.0,1,gas,3076,1,0
43.3,1.126,14,0,1,59.2,2,travel,3332,0,0
58.82,1.749,21,0,0,7.5,0,grocery,3277,0,0
13.59,0.328,0,1,1,37.6,0,gambling,3546,0,0
19.73,0.707,8,0,1,102.5,1,online_retail,2861,0,0
237.77,6.529,22,0,0,0.3,2,online_retail,940,0,0
55.07,1.365,15,0,1,117.0,1,gas,649,0,0
69.98,3.005,22,0,1,35.2,1,grocery,1917,0,0
19.93,0.402,21,0,0,7.0,0,grocery,1483,1,0
3.72,0.118,8,0,1,41.8,1,travel,29,0,0
91.53,3.234,9,0,1,55.3,1,online_retail,3325,0,0
20.01,0.563,6,0,1,24.5,1,travel,553,1,0
55.76,1.048,13,0,0,25.4,0,gas,380,0,0
23.51,0.863,8,0,0,9.2,2,electronics,743,0,0
10.56,0.452,23,1,1,18.0,2,grocery,1726,0,0
6.71,0.23,13,0,1,48.4,0,grocery,348,0,0
15.06,0.409,15,0,0,6.5,0,electronics,1065,0,0
47.06,1.689,8,0,1,14.6,0,grocery,1162,0,0
15.04,0.582,5,1,0,9.6,0,dining,581,0,0
22.98,0.559,8,0,0,13.9,2,gambling,1343,0,0
107.85,1.83,12,0,0,12.0,4,dining,898,0,0
15.87,0.291,13,0,1,33.9,1,grocery,1068,0,0
12.56,0.285,14,0,1,48.0,0,online_retail,1211,0,0
6.05,0.17,12,0,0,4.3,2,gas,1714,1,0
20.15,0.663,1,1,1,12.3,1,electronics,2336,0,0
37.71,1.062,3,1,1,8.4,2,cash_advance,1917,0,0
9.14,0.22,1,1,0,25.2,1,dining,1354,0,0
47.38,1.299,17,0,0,25.6,0,gas,78,0,0
67.42,1.856,20,0,1,14.3,7,grocery,3153,0,0
44.26,1.179,23,1,1,32.1,0,gas,1051,0,0
15.51,0.845,10,0,0,1.5,0,cash_advance,2226,0,0
37.2,1.483,3,1,1,22.8,1,gas,1570,0,0
57.73,3.329,23,1,0,16.3,0,electronics,3596,0,0
56.66,1.267,18,0,0,6.0,0,grocery,1958,0,0
80.9,2.01,22,0,1,44.1,1,online_retail,1525,0,0
28.33,0.588,16,0,1,14.1,0,cash_advance,502,0,0
46.81,1.613,16,0,0,4.0,1,grocery,645,0,0
461.75,12.595,8,0,0,2.6,0,gambling,3176,0,1
155.08,3.541,3,1,0,18.9,1,grocery,672,0,0
144.43,6.55,10,0,0,4.3,0,online_retail,1313,0,0
12.46,0.566,9,0,0,20.2,2,cash_advance,1874,0,0
78.54,3.629,8,0,1,96.5,0,online_retail,1208,1,0
25.87,0.716,9,0,1,41.5,0,grocery,1674,0,0
45.43,2.255,14,0,0,4.8,1,gas,908,0,0
87.88,2.586,9,0,1,11.3,1,online_retail,1479,0,0
12.7,0.516,5,1,0,0.2,0,cash_advance,482,0,0
25.88,0.816,5,1,0,2.3,0,gas,356,0,0
74.41,1.948,22,0,0,20.8,0,gas,83,0,0
22.71,0.775,11,0,0,1.8,1,gas,1069,0,0
5.01,0.198,4,1,0,9.5,0,grocery,396,0,0
32.84,1.169,8,0,0,12.7,0,grocery,3498,0,0
26.62,0.81,7,0,0,1.3,2,dining,92,0,0
28.19,2.227,8,0,0,0.8,0,online_retail,2664,0,0
104.26,2.504,18,0,0,7.5,0,grocery,2892,0,0
197.21,12.442,21,0,0,23.7,0,cash_advance,640,0,1
105.8,2.531,1,1,0,11.8,2,gambling,3384,0,1
44.3,1.708,0,1,1,37.4,0,online_retail,231,0,0
152.72,2.335,8,0,1,76.9,0,grocery,627,0,0
7.34,0.238,2,1,1,72.5,0,gambling,2109,0,0
34.35,0.678,3,1,0,14.5,0,gas,2019,0,0
22.13,1.082,23,1,0,5.8,3,dining,1911,0,0
25.62,0.799,18,0,0,1.6,1,gas,3353,1,0
11.23,0.447,2,1,1,56.8,0,gambling,1693,0,0
27.25,1.111,10,0,0,12.2,0,grocery,2501,0,0
11.04,0.325,3,1,0,1.3,1,travel,2321,0,0
87.96,3.148,23,1,1,76.4,0,gas,2327,0,0
40.65,1.003,17,0,1,74.5,0,dining,774,0,0
20.48,0.775,20,0,0,1.4,1,dining,2465,0,0
26.63,0.815,2,1,1,83.9,0,grocery,970,0,0
9.79,0.231,15,0,0,10.1,0,online_retail,1212,0,0
21.59,0.867,19,0,1,53.6,0,gas,56,0,0
21.5,0.265,16,0,1,103.7,0,gas,1479,0,0
25.8,0.927,7,0,0,22.4,1,grocery,1213,0,0
65.66,4.334,4,1,1,27.4,2,gas,3214,1,0
71.03,2.279,4,1,1,9.1,0,gas,54,0,0
81.1,1.536,8,0,0,36.6,1,online_retail,166,0,0
25.56,0.508,23,1,0,9.1,0,online_retail,3574,1,0
64.1,0.593,8,0,1,125.3,0,grocery,1037,0,0
61.73,1.252,22,0,1,99.4,0,grocery,2662,1,0
72.62,1.007,16,0,1,75.9,1,travel,3316,0,0
60.82,2.951,9,0,0,14.2,0,dining,1393,0,0
74.71,2.668,17,0,1,85.3,1,grocery,2691,0,0
52.29,1.422,15,0,1,87.9,1,dining,1658,0,0
16.13,0.528,13,0,1,56.8,0,grocery,114,0,0
51.31,1.996,4,1,0,6.3,0,cash_advance,2138,0,0
144.1,4.546,3,1,1,31.2,0,gas,2687,0,1
87.57,1.764,10,0,1,32.5,0,electronics,2741,0,0
72.43,1.916,16,0,0,12.3,0,gambling,1487,0,0
37.31,1.725,23,1,1,23.6,0,gas,1133,0,0
12.18,0.442,18,0,1,70.2,0,gas,2787,0,0
48.98,1.492,5,1,0,12.1,1,dining,3034,0,0
99.63,5.867,1,1,1,94.5,0,electronics,2271,1,0
13.99,1.295,8,0,0,6.4,1,online_retail,3248,0,0
39.23,0.987,6,0,1,27.2,1,gas,2666,0,0
65.25,2.466,9,0,0,12.1,0,grocery,630,0,0
48.5,2.471,9,0,0,23.8,1,gas,1723,0,0
145.36,2.537,3,1,0,21.6,0,dining,1146,0,0
44.19,1.817,11,0,1,67.0,0,online_retail,2806,1,0
66.37,1.581,1,1,1,84.9,0,cash_advance,1539,0,0
122.1,10.15,22,0,0,5.5,2,cash_advance,1756,0,0
15.32,0.353,11,0,1,48.0,0,gas,3168,0,0
480.56,18.251,10,0,1,45.5,0,electronics,3246,0,1
63.12,2.056,11,0,1,48.0,0,cash_advance,2967,0,0
10.27,0.395,15,0,0,1.7,1,online_retail,734,0,0
13.24,0.621,11,0,1,30.5,0,cash_advance,93,0,0
42.09,1.107,7,0,0,20.0,0,gas,480,1,0
51.06,1.28,0,1,1,76.1,0,online_retail,921,0,0
65.8,1.064,11,0,0,12.1,0,dining,2108,0,0
56.86,2.304,23,1,1,82.3,1,cash_advance,346,0,0
24.26,0.392,1,1,1,56.4,0,gas,2758,0,0
83.01,1.768,7,0,1,48.8,0,dining,2810,0,0
25.9,0.607,7,0,0,24.1,3,grocery,3089,0,0
57.4,1.64,5,1,0,2.5,0,gambling,243,0,0
83.68,1.848,22,0,0,17.4,6,dining,2694,0,0
6.11,0.135,1,1,0,26.3,1,cash_advance,2955,0,0
81.02,2.718,23,1,1,70.4,1,grocery,1431,0,0
64.21,2.391,3,1,0,24.1,0,electronics,2102,0,0
42.51,1.024,14,0,0,2.8,1,cash_advance,2246,0,0
61.84,2.592,11,0,1,31.2,1,dining,1267,1,0
17.73,0.486,12,0,1,53.2,0,electronics,1886,0,0
150.56,6.366,16,0,1,75.9,1,gambling,758,0,1
111.36,3.122,19,0,0,2.3,0,dining,837,0,0
6.49,0.237,8,0,0,22.7,0,cash_advance,1207,0,0
5.8,0.444,20,0,0,10.1,0,dining,2279,0,0
133.04,2.334,8,0,0,25.9,2,travel,3141,0,0
83.63,3.707,3,1,1,40.4,1,cash_advance,775,0,0
27.42,0.903,14,0,1,48.4,1,dining,1543,0,0
163.0,2.988,13,0,1,97.0,0,dining,3217,0,0
48.61,2.184,12,0,1,19.9,0,grocery,2626,0,0
12.64,0.236,2,1,0,9.3,0,online_retail,1922,0,0
14.83,0.518,22,0,1,66.3,1,online_retail,644,0,0
179.49,8.515,15,0,0,4.8,1,gambling,132,0,1
7.68,0.307,9,0,1,34.3,3,gambling,2885,0,0
91.43,3.659,4,1,1,36.1,0,gas,1901,0,0
21.65,0.664,19,0,1,52.3,0,electronics,2394,0,0
140.9,3.78,18,0,0,4.5,0,grocery,802,0,0
17.83,0.392,8,0,0,34.1,2,grocery,471,0,0
194.86,7.367,12,0,0,18.6,0,online_retail,2194,0,0
10.39,0.344,3,1,1,20.0,0,gas,2064,2,0
67.69,1.722,1,1,0,33.3,2,online_retail,953,0,0
39.23,1.275,6,0,0,10.0,1,online_retail,3085,0,0
4.26,0.402,18,0,1,19.1,3,gambling,1289,0,0
32.48,0.312,15,0,0,21.9,2,online_retail,1039,0,0
15.44,0.375,0,1,1,87.2,0,gas,2182,0,0
44.71,2.494,10,0,1,55.4,0,travel,1440,0,0
348.6,10.931,18,0,1,104.0,0,grocery,574,0,1
40.37,1.69,17,0,0,5.8,0,dining,197,0,0
39.33,1.08,2,1,1,67.4,1,online_retail,1341,0,0
26.31,1.385,23,1,1,18.5,0,cash_advance,3133,0,0
43.59,1.705,1,1,0,1.6,1,grocery,3532,0,0
10.95,0.372,10,0,1,75.9,0,gas,595,0,0
25.86,0.869,22,0,1,62.5,0,grocery,3176,0,0
79.62,4.066,6,0,1,70.6,1,online_retail,648,0,0
131.91,4.714,2,1,1,60.3,0,cash_advance,1282,0,0
42.98,2.072,5,1,1,74.0,0,gambling,380,1,0
12.98,0.383,17,0,0,6.2,0,gas,2138,0,0
60.99,2.987,2,1,1,62.9,0,grocery,2963,0,0
39.88,1.763,15,0,0,31.6,1,gambling,56,1,0
57.59,1.764,19,0,1,9.3,0,online_retail,1711,0,0
20.34,0.481,18,0,1,48.0,1,gas,1044,1,0
32.13,2.217,20,0,0,4.8,0,grocery,2515,0,0
22.25,0.814,3,1,0,12.6,1,gas,441,0,0
71.51,3.87,17,0,0,19.3,1,grocery,2002,0,0
32.56,0.663,18,0,0,21.6,0,online_retail,1177,1,0
31.71,1.08,3,1,0,6.6,0,gas,961,0,0
76.14,2.963,6,0,1,108.7,0,gas,2555,0,0
66.21,0.846,22,0,0,6.2,1,online_retail,1446,0,0
28.02,0.97,23,1,0,14.4,0,cash_advance,2073,1,0
20.41,0.353,16,0,1,11.4,1,dining,1162,0,0
30.66,0.664,8,0,1,54.4,7,gas,655,0,0
25.24,0.433,11,0,0,21.9,0,grocery,847,0,0
20.46,1.457,17,0,1,12.7,1,cash_advance,2993,0,0
12.71,0.255,8,0,1,26.3,3,dining,666,0,0
26.16,0.76,13,0,1,8.2,0,grocery,3582,0,0
16.24,0.478,5,1,0,22.2,1,online_retail,1148,0,0
9.81,0.397,0,1,0,2.1,3,online_retail,2487,0,0
31.47,0.939,5,1,1,31.2,0,grocery,357,0,0
34.16,0.896,2,1,1,11.1,0,cash_advance,919,0,0
32.69,1.246,5,1,0,35.0,0,grocery,2910,0,0
28.08,0.497,9,0,0,7.5,0,gambling,823,0,0
3.65,0.158,20,0,0,5.5,0,cash_advance,2607,0,0
30.91,1.364,21,0,0,24.0,0,gas,2056,0,0
10.67,0.285,9,0,1,50.2,0,online_retail,3277,0,0
5.9,0.198,13,0,1,48.6,0,grocery,3191,0,0
35.98,0.905,8,0,0,25.5,2,electronics,2281,0,0
17.93,0.203,3,1,1,38.6,4,online_retail,220,0,0
31.27,1.259,21,0,0,14.4,1,online_retail,1753,0,0
52.35,2.672,0,1,1,78.5,0,grocery,949,0,0
10.75,0.356,18,0,1,44.8,1,gambling,2560,0,0
20.2,0.836,19,0,0,19.1,0,dining,2556,0,0
25.35,0.653,0,1,1,23.3,0,dining,1749,1,0
30.99,1.071,7,0,0,15.3,0,grocery,2708,0,0
135.07,1.96,3,1,1,18.7,0,gas,2455,0,0
95.47,2.442,21,0,1,8.3,1,cash_advance,2872,0,0
30.35,0.786,8,0,0,15.0,0,dining,1583,0,0
14.45,0.22,10,0,0,17.3,0,grocery,3433,0,0
146.07,7.164,23,1,1,111.6,0,gambling,2098,0,1
78.01,2.81,5,1,0,24.8,1,gas,3512,0,0
11.63,0.577,21,0,1,37.6,1,online_retail,2840,0,0
4.14,0.139,22,0,0,7.7,0,cash_advance,2030,0,0
26.4,0.81,13,0,0,27.5,1,grocery,154,0,0
15.59,0.245,13,0,0,7.8,1,gas,359,0,0
49.53,1.468,20,0,1,60.0,0,online_retail,455,0,0
116.6,4.705,2,1,0,10.1,1,grocery,2725,0,0
7.3,0.163,0,1,0,14.8,2,travel,32,0,0
29.61,1.437,23,1,0,5.7,0,electronics,2535,0,0
44.56,1.142,1,1,0,13.6,0,grocery,2664,0,0
13.36,0.594,17,0,0,3.7,1,grocery,1249,0,0
26.26,0.798,0,1,1,58.3,0,travel,1829,0,0
211.28,9.242,22,0,1,22.6,3,gambling,26,0,1
54.52,1.151,7,0,1,50.2,0,online_retail,3456,0,0
15.38,0.351,7,0,0,24.1,0,cash_advance,785,1,0
11.15,0.304,23,1,1,31.1,0,gambling,630,1,0
15.14,0.392,7,0,0,15.1,0,gambling,2464,0,0
76.05,1.606,4,1,0,26.4,0,dining,942,0,0
44.25,1.422,10,0,0,28.2,1,dining,2496,1,0
160.14,8.809,11,0,0,5.3,2,grocery,1862,0,0
45.15,0.88,7,0,0,16.9,1,gambling,377,0,0
26.31,1.218,9,0,0,8.8,1,grocery,2514,0,0
77.89,2.48,16,0,0,21.5,1,online_retail,833,1,0
18.78,0.749,0,1,1,75.9,1,grocery,2053,0,0
21.15,0.606,0,1,1,49.2,0,online_retail,1945,0,0
13.68,0.334,0,1,0,9.7,0,dining,2588,0,0
22.33,0.916,22,0,1,48.6,0,online_retail,1617,0,0
13.49,0.192,7,0,1,122.7,0,gas,569,0,0
217.54,6.293,17,0,1,27.9,1,dining,3169,0,0
25.31,0.758,23,1,0,9.5,1,online_retail,1370,0,0
313.67,9.986,16,0,0,2.5,1,gas,2050,0,1
20.79,0.636,17,0,0,8.7,0,online_retail,3162,0,0
42.05,1.783,2,1,0,7.4,0,gas,2359,0,0
52.15,2.438,15,0,0,3.1,1,travel,3497,0,0
29.73,1.012,2,1,0,7.9,1,gambling,1585,0,0
4.13,0.068,17,0,0,12.5,0,gas,3365,0,0
59.48,1.639,9,0,1,72.7,2,online_retail,3235,0,0
35.69,0.822,4,1,0,9.6,0,dining,2210,0,0
236.87,8.822,17,0,1,78.2,1,grocery,530,0,1
141.55,5.568,19,0,1,57.1,1,grocery,2231,0,0
10.47,0.134,10,0,1,101.6,0,online_retail,2690,0,0
12.69,0.399,15,0,0,15.9,1,gambling,953,0,0
224.69,7.267,6,0,1,58.3,0,online_retail,2787,0,1
205.37,5.848,1,1,0,8.8,0,gambling,772,1,1
3.01,0.047,14,0,1,144.7,1,online_retail,3394,0,0
323.02,7.913,18,0,0,8.7,0,gas,2265,0,0
89.36,1.734,20,0,1,49.9,0,electronics,495,1,0
79.97,1.424,23,1,0,15.8,2,cash_advance,1239,0,0
124.62,3.406,4,1,0,0.8,3,dining,1219,0,0
165.25,5.409,12,0,0,8.8,2,online_retail,2021,0,0
27.81,1.227,1,1,1,91.1,1,gas,28,0,0
9.96,0.45,23,1,1,46.3,1,gas,2102,0,0
15.5,0.662,19,0,1,51.6,0,travel,2042,0,0
15.12,0.544,14,0,0,1.8,2,gambling,3469,1,0
128.23,2.914,1,1,0,0.5,0,dining,686,0,0
16.89,0.638,6,0,1,106.9,0,travel,802,1,0
10.97,0.415,22,0,1,29.7,1,cash_advance,1850,0,0
63.47,1.582,7,0,1,92.5,0,grocery,1067,0,0
19.76,0.734,14,0,1,38.3,0,gambling,2686,1,0
129.93,2.954,8,0,1,34.5,7,online_retail,401,0,1
22.68,0.393,14,0,1,59.8,0,grocery,1776,1,0
11.58,0.49,12,0,1,75.3,0,gas,3034,0,0
39.09,1.645,0,1,0,20.7,0,electronics,1263,0,0
12.31,0.269,12,0,0,10.8,5,gas,1609,0,0
64.15,1.251,11,0,0,5.6,1,gambling,2221,0,0
25.17,0.806,5,1,1,96.7,1,online_retail,714,0,0
149.33,6.998,4,1,1,59.7,0,gas,1109,0,1
16.49,0.386,21,0,0,15.2,1,grocery,1037,0,0
27.17,0.598,7,0,1,73.1,0,online_retail,336,0,0
9.19,0.608,2,1,1,110.3,0,online_retail,3558,0,0
196.66,5.325,20,0,0,14.9,1,cash_advance,2397,0,0
38.94,0.858,18,0,0,12.7,2,grocery,3148,0,0
162.13,6.444,8,0,1,15.7,0,grocery,3340,0,0
39.16,0.91,5,1,1,82.4,1,gambling,820,0,0
5.71,0.206,16,0,1,67.2,0,travel,1666,0,0
83.98,4.291,5,1,1,28.9,0,online_retail,3587,0,0
259.43,11.439,20,0,1,57.7,0,gas,559,0,1
41.41,0.726,15,0,0,11.6,0,gambling,465,0,0
31.86,1.457,10,0,1,9.7,2,online_retail,1767,0,0
33.41,1.142,8,0,1,43.7,0,travel,1078,1,0
26.47,0.363,11,0,0,7.0,3,grocery,2067,0,0
255.14,10.931,17,0,0,12.0,0,grocery,1861,0,0
74.44,4.471,12,0,1,65.4,3,travel,3397,0,0
40.24,1.203,12,0,0,23.2,1,grocery,3283,1,0
16.35,1.006,10,0,1,36.7,1,online_retail,2355,0,0
89.72,2.573,3,1,0,16.2,0,online_retail,318,0,0
104.91,1.146,23,1,1,93.2,0,grocery,1983,0,0
85.31,3.236,9,0,1,27.3,0,dining,1676,0,0
132.44,3.978,22,0,1,47.6,2,electronics,1453,0,0
62.48,3.917,13,0,0,21.2,3,cash_advance,926,0,0
18.14,0.884,13,0,0,11.1,2,dining,1626,1,0
23.51,1.069,14,0,1,18.7,1,travel,3376,1,0
30.3,0.919,18,0,1,35.2,1,grocery,2213,0,0
79.94,2.199,15,0,0,8.3,1,online_retail,880,0,0
43.83,1.291,3,1,1,37.6,1,gambling,3261,0,0
23.69,0.77,16,0,1,17.6,0,grocery,1559,0,0
56.14,1.786,16,0,1,36.1,0,electronics,3537,0,0
34.08,1.027,0,1,1,97.5,0,grocery,2481,0,0
49.14,1.577,15,0,1,57.8,2,travel,1861,0,0
26.18,0.545,11,0,1,60.7,1,online_retail,2157,0,0
26.68,0.75,10,0,0,12.3,1,dining,423,0,0
13.03,0.315,16,0,1,90.0,0,gambling,312,0,0
13.11,0.538,12,0,0,43.6,1,cash_advance,1359,0,0
16.4,0.532,2,1,1,61.8,0,grocery,1021,0,0
52.97,2.168,17,0,1,106.1,1,cash_advance,1190,1,0
116.68,5.968,5,1,0,30.9,0,grocery,1126,0,1
5.48,0.16,14,0,0,3.4,1,dining,483,0,0
9.6,0.343,10,0,0,3.2,0,gambling,2883,0,0
64.18,2.441,9,0,1,55.5,2,dining,2476,0,0
56.29,1.131,9,0,0,10.4,1,online_retail,936,0,0
21.0,1.102,11,0,1,77.4,3,cash_advance,402,0,0
122.47,4.526,10,0,1,13.6,1,cash_advance,499,0,1
28.14,1.317,17,0,0,23.2,6,grocery,224,0,0
21.36,0.65,4,1,0,33.6,1,grocery,3449,0,0
55.81,1.446,2,1,1,66.6,1,electronics,2264,0,0
278.28,9.754,15,0,1,37.4,0,online_retail,3000,0,1
40.87,1.971,14,0,1,31.9,1,grocery,1434,0,0
18.2,0.761,6,0,0,19.5,5,cash_advance,1903,0,0
144.18,4.917,23,1,0,1.6,0,gas,2636,0,0
12.91,0.376,10,0,1,34.4,1,grocery,2205,0,0
26.17,0.296,0,1,1,124.6,1,online_retail,2977,0,0
67.11,2.098,14,0,1,50.2,0,electronics,492,0,0
16.99,0.26,8,0,1,26.3,2,gambling,1941,0,0
10.99,0.294,8,0,0,1.4,0,dining,338,0,0
39.2,0.641,5,1,0,3.4,0,gambling,2972,0,0
26.78,0.916,13,0,1,15.2,1,dining,3185,0,0
75.73,1.017,12,0,1,69.6,1,online_retail,1178,1,0
142.63,9.967,12,0,1,138.8,1,travel,672,0,1
22.15,0.684,11,0,0,3.7,0,electronics,733,0,0
27.28,0.86,0,1,0,15.1,0,gambling,1872,1,0
42.05,2.179,20,0,0,2.1,0,electronics,2760,0,0
12.35,0.581,13,0,1,100.7,0,grocery,1080,0,0
82.12,2.803,11,0,1,37.7,0,grocery,1330,0,0
48.46,1.5,17,0,1,23.5,0,online_retail,2950,0,0
27.82,0.618,9,0,1,36.7,0,electronics,1370,1,0
35.03,1.215,4,1,1,85.4,3,grocery,1656,0,0
32.66,1.528,12,0,1,20.4,3,dining,1644,0,0
30.75,0.965,14,0,0,3.1,0,gambling,3425,0,0
12.03,0.312,17,0,0,3.1,1,grocery,2859,0,0
30.86,0.642,2,1,0,12.8,0,cash_advance,2456,0,0
76.98,3.24,6,0,1,70.4,1,online_retail,2518,0,0
117.44,3.315,2,1,0,6.1,1,cash_advance,620,0,0
33.33,0.901,3,1,1,66.4,0,travel,838,0,0
28.0,1.366,6,0,0,29.4,0,online_retail,1757,0,0
11.54,0.237,5,1,0,7.1,2,gambling,3002,0,0
278.91,11.621,5,1,0,4.9,0,grocery,1608,0,1
27.17,1.568,1,1,1,79.7,0,electronics,304,0,0
10.18,0.274,16,0,1,5.3,0,grocery,564,0,0
2.99,0.057,8,0,0,5.7,1,online_retail,842,0,0
9.65,0.402,11,0,1,27.7,5,online_retail,715,0,0
56.65,2.26,3,1,1,37.8,0,online_retail,1009,0,0
9.14,0.659,8,0,1,51.9,2,gambling,2950,0,0
60.07,1.975,19,0,1,20.6,0,cash_advance,2875,0,0
11.24,0.394,8,0,1,31.1,0,online_retail,801,0,0
87.9,2.622,4,1,1,63.8,2,dining,2020,0,0
25.75,0.783,10,0,0,0.8,5,electronics,2172,0,0
31.61,1.353,22,0,1,23.9,1,online_retail,219,0,0
24.33,0.461,8,0,1,28.2,0,online_retail,2141,0,0
27.5,0.708,6,0,0,11.7,1,gas,2234,0,0
64.08,1.576,7,0,1,40.8,0,gambling,2591,0,0
44.18,2.652,8,0,1,46.6,3,dining,1305,0,0
84.68,2.488,2,1,0,8.9,1,online_retail,459,0,0
36.49,0.801,11,0,0,8.0,0,online_retail,2781,1,0
7.47,0.455,1,1,1,98.8,0,dining,2268,0,0
20.01,0.505,22,0,1,67.2,0,gambling,1082,0,0
14.72,0.433,16,0,0,6.5,0,dining,1764,0,0
23.44,0.682,18,0,1,57.9,0,dining,193,0,0
17.49,0.338,18,0,1,35.4,0,grocery,2013,0,0
27.31,1.253,17,0,1,23.7,1,dining,3162,0,0
9.93,0.534,1,1,0,0.7,0,cash_advance,1920,0,0
100.07,3.056,23,1,1,44.7,0,dining,3193,0,0
14.23,0.443,22,0,0,2.8,0,dining,447,1,0
88.83,2.066,0,1,1,54.8,0,travel,3056,0,0
49.06,2.571,17,0,0,13.2,0,dining,2744,0,0
72.52,2.346,14,0,0,3.5,0,online_retail,1100,0,0
47.75,0.726,14,0,1,68.2,0,gas,3534,0,0
50.5,0.923,6,0,1,51.8,4,grocery,2256,0,0
39.61,1.076,18,0,0,38.5,0,cash_advance,2591,0,0
11.18,0.861,21,0,0,6.9,0,gas,1415,0,0
19.56,0.144,7,0,1,6.2,0,gambling,693,0,0
203.79,8.449,19,0,1,18.2,0,gas,1619,0,1
26.01,0.44,10,0,0,4.1,1,gas,294,0,0
13.7,0.398,20,0,1,47.3,1,gambling,2145,0,0
21.75,0.65,0,1,1,70.7,0,electronics,988,1,0
20.78,0.498,13,0,0,4.4,2,dining,2591,0,0
63.91,1.449,11,0,0,6.6,1,electronics,832,0,0
51.29,3.491,23,1,1,29.6,0,gas,2543,0,0
17.88,0.617,3,1,1,26.9,1,online_retail,386,0,0
41.98,2.097,2,1,0,18.6,0,electronics,2593,0,0
33.36,1.405,17,0,0,1.1,1,electronics,3498,0,0
84.51,5.217,2,1,0,17.0,0,dining,315,0,1
5.94,0.328,10,0,0,11.6,0,travel,2418,0,0
148.35,8.948,2,1,0,17.7,2,online_retail,50,1,1
9.88,0.313,6,0,0,7.9,1,cash_advance,1836,0,0
8.68,0.672,19,0,1,85.3,0,gas,3096,0,0
14.57,0.287,15,0,1,28.2,0,grocery,321,0,0
15.67,0.648,11,0,0,6.4,0,cash_advance,874,0,0
77.72,3.62,14,0,0,28.9,1,electronics,2931,1,0
10.42,0.58,21,0,0,1.5,0,online_retail,256,0,0
12.43,0.671,1,1,0,17.7,1,gas,1203,0,0
14.32,0.188,2,1,0,18.3,0,dining,2440,1,0
57.6,0.86,11,0,1,35.2,0,gas,2928,0,0
17.46,0.465,7,0,0,4.9,0,gas,49,0,0
30.58,1.24,15,0,0,37.6,0,travel,998,0,0
25.91,0.866,12,0,1,27.8,0,grocery,1620,0,0
81.22,1.445,3,1,1,48.1,0,dining,1415,0,0
90.28,4.205,1,1,0,25.3,4,dining,490,0,0
92.68,4.024,13,0,1,65.8,7,dining,2929,0,0
16.29,0.215,17,0,1,74.1,1,gas,2741,0,0
6.61,0.116,9,0,1,16.4,1,dining,3589,0,0
14.86,0.462,18,0,1,34.4,0,gas,2358,0,0
70.4,1.12,15,0,0,10.3,1,travel,568,0,0
4.81,0.133,7,0,1,75.5,1,gambling,379,0,0
27.21,1.115,22,0,0,12.3,1,dining,2315,0,0
25.04,0.577,21,0,1,61.8,1,gas,2102,0,0
79.77,3.555,9,0,1,36.0,0,online_retail,594,0,0
51.4,1.343,1,1,1,56.6,0,grocery,3294,0,0
9.38,0.193,6,0,1,38.5,2,gambling,506,0,0
17.73,0.379,23,1,0,0.1,2,gambling,2488,0,0
108.78,1.811,10,0,1,28.0,1,dining,505,0,0
36.86,1.121,8,0,1,34.2,1,online_retail,3466,0,0
13.51,0.473,10,0,1,33.7,1,electronics,217,1,0
59.33,2.053,11,0,0,14.9,0,grocery,1294,0,0
41.68,1.501,4,1,1,11.9,0,travel,2357,0,0
26.36,1.015,12,0,1,61.0,1,dining,3251,0,0
52.4,1.726,17,0,0,11.7,10,dining,1587,0,0
9.71,0.379,3,1,1,43.0,2,cash_advance,2431,0,0
34.54,1.605,9,0,1,49.0,1,travel,3516,0,0
23.82,0.619,8,0,0,22.0,1,travel,772,0,0
13.56,0.167,20,0,0,7.2,0,electronics,2125,1,0
36.61,1.574,1,1,1,20.4,0,online_retail,2193,0,0
3.68,0.205,13,0,1,44.6,0,online_retail,1687,1,0
18.49,0.566,6,0,1,34.7,0,online_retail,508,0,0
10.67,0.36,21,0,1,49.9,1,gas,2299,0,0
18.57,0.294,9,0,0,11.5,2,gambling,1192,0,0
28.53,1.019,9,0,0,4.4,0,online_retail,2952,0,0
163.4,4.827,21,0,1,54.7,1,gas,1397,0,0
82.38,5.139,13,0,1,52.3,1,dining,1056,0,0
11.8,0.366,21,0,1,82.0,0,dining,383,0,0
14.87,0.575,20,0,0,33.1,0,grocery,3097,0,0
12.68,0.258,12,0,1,47.5,1,electronics,1995,0,0
49.85,1.627,22,0,1,54.0,0,cash_advance,617,0,0
84.77,2.586,22,0,0,13.6,3,grocery,195,0,0
126.54,3.018,9,0,1,32.8,1,cash_advance,419,0,0
15.41,0.372,14,0,1,5.8,1,online_retail,2635,0,0
135.34,2.3,14,0,1,62.2,2,online_retail,1164,0,0
51.98,2.904,16,0,1,43.3,0,electronics,2773,0,0
57.07,2.25,19,0,1,49.5,0,gambling,3030,1,0
12.01,0.377,8,0,0,13.4,2,gambling,3479,0,0
31.84,1.316,0,1,1,53.5,0,grocery,562,1,0
26.01,0.719,5,1,0,15.7,0,cash_advance,1486,0,0
90.93,2.36,21,0,1,25.3,1,grocery,2240,0,0
15.71,0.681,3,1,0,4.5,0,cash_advance,503,0,0
23.21,0.664,21,0,1,29.5,0,dining,1115,0,0
10.64,0.288,18,0,1,79.0,1,cash_advance,1745,0,0
195.5,3.405,11,0,1,47.1,0,online_retail,3481,0,0
36.49,1.094,17,0,1,38.2,2,gambling,2651,1,0
38.13,0.867,5,1,0,18.1,0,cash_advance,989,0,0
13.09,0.778,4,1,0,16.4,1,cash_advance,2233,0,0
194.93,12.291,18,0,1,24.8,0,dining,845,0,1
30.42,0.824,9,0,1,87.5,2,cash_advance,1277,0,0
55.19,1.316,5,1,0,11.1,0,grocery,1438,0,0
12.56,0.468,6,0,0,4.9,1,travel,1262,0,0
11.28,0.236,8,0,1,61.3,0,gambling,1912,0,0
13.86,0.452,16,0,1,101.1,0,grocery,198,0,0
41.75,1.262,12,0,0,13.4,0,travel,2561,0,0
17.35,0.591,15,0,0,17.8,1,grocery,3168,1,0
6.0,0.382,15,0,0,8.0,1,grocery,2130,0,0
12.76,0.585,22,0,1,8.0,0,online_retail,582,0,0
72.16,3.729,9,0,0,11.1,0,travel,2385,0,0
16.14,0.837,21,0,1,45.9,1,grocery,2754,0,0
33.21,1.297,12,0,1,39.2,1,dining,601,0,0
18.67,0.855,1,1,0,27.4,0,gambling,2097,0,0
50.68,2.602,22,0,0,5.5,0,online_retail,2784,0,0
54.07,1.38,1,1,0,3.2,0,online_retail,2069,1,0
37.0,0.953,1,1,0,2.5,0,grocery,1232,0,0
44.1,1.125,2,1,0,7.4,2,gas,700,0,0
16.15,0.155,14,0,0,0.9,1,dining,2211,0,0
181.64,3.443,9,0,0,18.7,2,online_retail,2863,0,0
115.66,9.165,10,0,0,22.6,0,grocery,1441,0,1
67.98,1.421,6,0,1,36.7,3,online_retail,1581,0,0
9.9,0.301,7,0,1,9.7,2,travel,2273,0,0
77.12,2.132,10,0,0,37.5,0,gas,1149,0,0
58.23,1.483,2,1,0,7.4,0,grocery,2014,0,0
51.39,1.234,19,0,0,30.3,5,cash_advance,1423,1,0
14.8,0.388,6,0,0,2.2,0,gambling,1213,0,0
10.76,0.214,23,1,1,57.5,2,dining,2078,0,0
24.09,0.575,14,0,1,93.4,0,online_retail,1113,1,0
132.29,5.744,13,0,0,29.4,0,travel,1477,0,0
33.18,1.455,15,0,1,35.1,0,gas,3181,0,0
210.62,5.279,16,0,1,29.0,0,gambling,1126,0,0
43.74,0.938,14,0,1,55.6,0,gas,2060,0,0
66.92,2.218,12,0,0,8.1,2,online_retail,2868,0,0
18.2,0.727,23,1,0,24.6,0,gas,1969,0,0
33.17,0.92,5,1,1,19.1,0,dining,589,0,0
47.43,1.702,18,0,1,135.5,0,electronics,2455,0,0
31.87,1.15,14,0,1,44.8,0,grocery,859,0,0
26.74,1.273,6,0,1,53.6,0,grocery,2058,0,0
45.39,2.475,8,0,0,10.8,0,online_retail,980,1,0
44.83,1.141,6,0,0,7.6,1,gas,943,0,0
18.78,0.893,13,0,0,2.2,0,grocery,2429,0,0
15.46,0.399,12,0,1,31.4,1,grocery,626,0,0
32.68,1.103,19,0,1,67.8,1,online_retail,982,0,0
14.62,0.438,21,0,1,97.4,1,dining,2189,0,0
8.88,0.161,2,1,0,22.6,0,gas,3189,0,0
43.19,1.475,11,0,1,43.3,0,dining,1005,0,0
9.79,0.384,21,0,1,99.1,0,dining,3345,0,0
108.53,3.403,13,0,1,51.4,2,dining,701,0,0
51.4,2.466,22,0,1,26.5,1,grocery,627,0,0
71.68,1.57,16,0,0,2.7,0,dining,866,1,0
20.49,0.944,22,0,1,50.4,2,cash_advance,2722,0,0
75.04,2.476,18,0,1,40.7,1,cash_advance,3349,1,0
40.53,2.177,5,1,1,76.2,2,online_retail,691,0,0
17.12,0.787,20,0,1,55.6,1,gas,380,0,0
28.0,0.876,11,0,0,2.5,0,grocery,1808,0,0
69.38,2.347,16,0,0,7.6,0,dining,826,0,0
278.67,16.777,17,0,0,10.7,1,grocery,1707,1,1
15.89,0.259,15,0,1,9.9,0,gas,1857,0,0
28.18,1.184,21,0,0,11.9,0,grocery,1655,0,0
17.6,0.423,2,1,1,57.7,0,dining,364,1,0
54.27,1.2,15,0,0,6.6,0,online_retail,531,0,0
541.15,13.147,23,1,0,1.5,0,dining,2019,0,1
10.47,0.143,12,0,1,61.6,2,gambling,2871,0,0
51.59,1.398,4,1,0,20.0,0,online_retail,2465,1,0
35.23,0.678,5,1,0,9.3,0,online_retail,1274,0,0
39.84,1.216,5,1,0,4.6,0,gas,2093,0,0
22.48,0.373,7,0,1,10.7,1,dining,3104,0,0
27.19,0.993,16,0,1,22.1,0,gambling,52,0,0
8.3,0.269,17,0,1,21.3,0,grocery,3127,0,0
11.01,0.396,14,0,1,104.1,0,grocery,1306,1,0
32.35,0.372,10,0,0,11.5,0,grocery,3075,0,0
237.57,7.022,9,0,0,18.9,2,grocery,2894,1,0
127.76,4.006,17,0,1,7.3,0,grocery,2097,0,0
8.0,0.144,13,0,1,76.9,0,dining,3467,0,0
39.95,2.213,20,0,1,27.2,1,online_retail,879,0,0
66.08,2.581,8,0,0,5.7,0,online_retail,3492,0,0
23.16,1.168,12,0,0,1.8,0,gas,1884,1,0
59.64,2.001,20,0,1,34.3,0,online_retail,1847,0,0
22.23,0.698,23,1,0,17.7,0,electronics,3376,0,0
39.56,0.967,14,0,1,12.0,0,cash_advance,2569,0,0
12.89,0.662,16,0,0,3.7,0,grocery,859,1,0
34.31,1.037,13,0,0,0.6,0,online_retail,3141,0,0
16.7,1.145,22,0,1,43.8,0,electronics,2256,0,0
76.73,2.064,20,0,1,124.1,0,electronics,1111,0,1
59.22,1.334,13,0,1,21.7,1,gas,1419,0,0
26.13,0.839,9,0,0,30.0,0,dining,2521,0,0
64.55,1.464,10,0,1,42.9,0,gas,1761,0,0
79.57,2.564,20,0,1,29.0,0,electronics,3482,0,0
28.67,0.903,14,0,1,56.5,1,grocery,848,0,0
42.02,1.677,15,0,1,85.3,0,gambling,1801,1,0
15.75,0.601,23,1,1,37.8,0,gas,2997,1,0
93.29,3.705,6,0,1,59.4,1,gas,558,0,0
15.64,0.634,5,1,0,16.2,2,grocery,3473,0,0
177.91,9.473,4,1,0,16.0,1,gambling,240,0,1
101.26,2.699,10,0,0,13.8,2,travel,2088,0,0
64.27,0.744,22,0,0,8.9,1,cash_advance,1229,0,0
13.89,0.4,8,0,1,115.8,0,online_retail,2184,0,0
34.87,0.705,4,1,0,9.5,1,cash_advance,642,0,0
20.23,0.643,9,0,0,13.6,0,gambling,3044,0,0
50.54,2.067,10,0,0,18.6,0,online_retail,3096,0,0
11.25,0.296,21,0,1,73.0,1,electronics,729,0,0
82.04,1.562,20,0,0,10.2,2,travel,2427,0,0
37.51,1.598,13,0,0,3.9,1,travel,89,0,0
34.68,1.446,13,0,1,72.3,2,travel,1572,1,0
82.5,1.477,0,1,0,7.8,1,dining,32,1,0
8.3,0.387,6,0,0,3.1,0,electronics,2257,1,0
30.93,0.511,0,1,1,77.6,0,grocery,1341,0,0
235.7,11.52,12,0,0,6.2,1,grocery,1882,0,1
40.59,1.33,0,1,1,80.8,0,dining,2969,0,0
8.86,0.195,22,0,1,54.8,0,gambling,2185,0,0
67.94,2.592,8,0,1,43.3,1,grocery,1390,0,0
24.14,0.626,18,0,1,7.8,0,gas,2421,0,0
155.72,3.612,2,1,0,3.8,0,grocery,963,0,0
113.21,4.84,6,0,1,14.6,0,dining,1369,1,0
11.3,0.463,1,1,1,22.5,0,grocery,1144,0,0
107.45,5.216,3,1,1,22.2,0,cash_advance,30,0,1
18.23,0.288,9,0,0,10.8,1,cash_advance,1338,0,0
42.22,1.35,12,0,0,16.4,1,online_retail,1048,0,0
45.73,1.294,10,0,1,49.9,0,cash_advance,2598,0,0
23.67,0.654,15,0,0,15.3,0,grocery,1266,0,0
22.33,0.676,22,0,0,1.3,1,electronics,1563,0,0
59.78,1.54,18,0,0,0.7,1,dining,355,0,0
17.4,0.507,2,1,0,3.5,0,grocery,2076,0,0
105.27,2.854,8,0,0,24.9,3,gas,1739,0,0
72.48,1.862,1,1,0,0.4,0,grocery,174,0,0
21.62,1.112,12,0,0,4.5,1,cash_advance,1363,0,0
134.19,5.686,14,0,0,0.2,1,grocery,1438,0,1
39.83,2.205,4,1,0,18.4,0,cash_advance,2767,0,0
62.91,1.043,0,1,0,9.3,1,gas,2070,3,0
166.58,6.808,16,0,1,40.5,1,gambling,2608,1,1
30.79,0.599,20,0,1,69.2,0,grocery,1766,0,0
145.74,9.421,14,0,0,19.5,8,cash_advance,2868,1,1
11.33,0.506,20,0,1,50.8,0,online_retail,2929,0,0
11.01,0.361,0,1,0,5.2,0,gas,3027,0,0
117.13,2.009,2,1,1,69.5,3,dining,869,0,0
28.56,0.704,20,0,1,13.8,1,dining,207,1,0
5.06,0.135,6,0,0,9.5,0,gas,1437,0,0
22.53,0.518,12,0,0,7.1,0,dining,3540,0,0
103.15,3.615,4,1,0,1.5,0,cash_advance,2714,0,0
149.28,6.457,7,0,1,32.5,0,cash_advance,1945,0,0
30.0,1.016,11,0,0,7.6,0,grocery,1258,0,0
20.99,0.313,5,1,0,15.5,0,travel,3281,0,0
33.66,0.566,11,0,0,1.3,2,dining,295,1,0
88.74,3.417,17,0,1,34.5,0,travel,580,1,0
48.0,1.983,11,0,0,4.3,1,gas,996,0,0
101.16,3.181,14,0,1,132.0,0,gambling,882,0,0
30.89,0.636,22,0,1,30.0,0,gambling,236,0,0
31.43,1.495,21,0,0,33.6,0,online_retail,3054,1,0
57.33,1.796,15,0,0,5.2,0,dining,156,0,0
9.65,0.38,16,0,0,21.4,0,grocery,864,0,0
83.9,5.754,18,0,0,0.2,0,dining,3334,0,0
136.81,3.526,20,0,0,12.5,0,grocery,2457,0,0
6.65,0.075,0,1,0,2.8,0,online_retail,1539,0,1
528.11,22.124,0,1,1,123.7,0,electronics,925,0,1
173.66,4.348,15,0,0,2.3,2,gas,1651,0,0
27.19,1.054,6,0,1,71.9,0,dining,527,1,0
49.83,1.763,15,0,0,10.7,0,grocery,3187,0,0
93.88,4.408,15,0,1,77.6,0,gas,1907,0,1
43.92,0.777,15,0,0,7.2,1,dining,919,0,0
13.12,0.892,18,0,0,0.5,0,dining,2393,1,0
17.69,0.49,3,1,1,58.2,1,gas,41,0,0
19.81,0.887,17,0,1,24.6,0,gas,1472,0,0
61.79,3.295,8,0,1,151.5,0,gambling,3343,0,0
24.71,0.853,3,1,1,33.8,1,grocery,3544,0,0
13.12,0.369,10,0,1,48.7,0,dining,144,0,0
23.76,0.507,22,0,1,32.8,0,travel,3187,0,0
13.51,0.245,15,0,1,57.5,0,online_retail,1678,1,0
177.55,5.964,6,0,0,2.0,0,cash_advance,1167,0,1
18.68,0.829,23,1,0,8.2,0,grocery,3038,1,0
70.56,1.888,8,0,1,31.8,0,travel,1317,0,0
21.48,0.385,6,0,0,7.2,7,grocery,141,0,0
46.81,1.424,3,1,0,3.4,1,online_retail,1624,0,0
58.77,1.622,10,0,0,10.5,1,gambling,920,0,0
17.54,0.437,19,0,1,89.3,0,cash_advance,1448,0,0
31.52,0.629,13,0,1,34.1,1,grocery,2906,0,0
25.37,0.734,21,0,1,65.0,1,online_retail,2453,0,0
52.0,1.19,15,0,1,64.6,0,cash_advance,1307,0,0
15.19,0.354,11,0,1,14.7,1,grocery,243,0,0
61.16,3.292,10,0,0,20.7,0,online_retail,667,0,0
20.54,0.859,13,0,1,15.5,2,online_retail,3513,0,0
41.9,0.562,2,1,1,149.7,0,grocery,1750,0,0
31.31,2.627,3,1,0,15.7,0,travel,3312,0,0
88.15,3.715,15,0,1,54.4,0,online_retail,2675,2,0
12.34,0.484,8,0,1,26.2,0,gas,2287,0,0
49.84,3.111,5,1,0,0.9,0,dining,2645,0,0
18.85,0.486,23,1,0,18.1,0,dining,1881,0,0
7.6,0.335,8,0,1,37.9,0,grocery,877,0,0
222.47,3.179,16,0,0,3.2,0,grocery,78,0,0
54.44,3.706,7,0,0,16.0,1,grocery,1443,0,0
206.78,6.503,21,0,1,121.1,0,gas,830,0,0
21.08,0.732,10,0,1,72.1,2,travel,3573,0,0
29.2,0.718,18,0,1,39.8,0,gambling,2867,0,0
18.66,0.505,21,0,0,14.4,0,dining,1681,0,0
33.31,1.072,13,0,0,3.2,1,dining,2383,0,0
40.18,1.119,7,0,0,25.2,0,gambling,2461,1,0
70.59,2.392,16,0,1,17.2,0,grocery,2109,0,0
10.72,0.231,7,0,1,42.8,0,electronics,2571,0,0
68.4,1.716,12,0,0,4.2,2,dining,3140,0,0
158.47,4.147,18,0,1,50.9,0,gambling,1463,0,0
29.55,0.907,13,0,0,0.1,4,dining,514,0,0
15.51,0.657,18,0,0,13.9,2,gas,194,0,0
107.54,3.807,2,1,0,17.3,1,cash_advance,1342,0,0
6.62,0.375,9,0,1,54.4,1,gas,566,0,0
18.86,0.384,7,0,1,90.3,0,dining,982,0,0
123.58,4.632,2,1,1,56.5,0,dining,940,0,0
37.7,1.373,8,0,1,31.6,1,gambling,853,0,0
54.46,1.059,17,0,1,48.2,1,gas,1426,1,0
97.97,2.001,8,0,0,12.2,0,grocery,308,0,0
23.69,0.875,9,0,1,106.2,1,grocery,1793,0,0
44.81,1.247,15,0,0,14.2,3,dining,1824,0,0
16.81,0.217,10,0,0,1.0,6,dining,1504,1,0
26.73,0.496,15,0,1,56.6,1,dining,524,0,0
30.48,1.322,15,0,1,84.5,2,electronics,2563,0,0
4.29,0.124,11,0,0,12.2,1,grocery,2635,0,0
48.12,1.244,1,1,1,56.9,0,online_retail,3063,0,0
10.22,0.472,10,0,1,28.7,1,grocery,2503,0,0
167.45,5.972,9,0,0,3.7,0,dining,856,0,0
37.46,1.337,21,0,1,40.4,0,grocery,823,0,0
137.72,3.207,7,0,1,66.1,0,travel,2696,0,1
73.04,2.774,2,1,0,7.4,0,dining,1239,0,0
61.29,1.898,22,0,1,53.8,0,cash_advance,74,0,0
22.39,0.804,18,0,0,2.7,0,electronics,474,0,0
40.29,0.936,6,0,0,14.9,0,cash_advance,3579,0,0
108.56,1.868,23,1,0,10.2,1,online_retail,3290,0,0
9.81,0.377,1,1,1,24.1,0,grocery,1003,1,0
84.47,2.832,18,0,1,67.1,0,grocery,638,0,0
39.07,0.491,17,0,1,102.3,0,dining,3424,0,0
19.3,0.353,21,0,0,35.7,3,gas,1783,0,0
12.97,0.393,20,0,0,14.9,2,cash_advance,810,0,0
34.17,1.437,23,1,1,70.9,0,electronics,2570,0,0
40.77,2.049,8,0,1,30.9,2,dining,1005,0,0
6.14,0.216,21,0,0,31.2,0,gas,2512,0,0
8.95,0.433,12,0,0,10.5,0,gambling,969,2,0
49.66,1.49,21,0,0,19.7,1,online_retail,3119,1,0
21.4,0.498,3,1,1,19.0,1,grocery,2070,0,0
124.42,3.072,14,0,0,0.0,0,electronics,3213,0,0
24.32,0.836,2,1,1,81.2,0,electronics,3348,0,0
250.63,7.446,19,0,1,114.0,1,online_retail,3439,0,1
13.25,0.336,19,0,1,48.1,0,cash_advance,176,0,0
18.02,1.089,14,0,0,25.9,5,online_retail,3021,0,0
24.69,0.81,21,0,1,16.4,1,online_retail,2378,0,0
94.31,4.186,19,0,0,16.8,0,dining,2210,1,0
43.73,1.664,13,0,0,4.1,1,grocery,1978,2,0
27.51,1.404,12,0,0,19.6,0,online_retail,389,1,0
30.54,0.687,4,1,0,13.0,0,grocery,1619,0,0
45.91,0.67,5,1,0,3.4,0,online_retail,290,0,0
34.82,0.954,17,0,1,26.7,1,gas,606,0,0
11.3,0.643,12,0,0,16.7,2,cash_advance,2647,1,0
7.94,0.403,21,0,0,17.3,2,gambling,572,0,0
29.37,0.906,6,0,0,19.9,3,dining,328,1,0
31.63,0.702,6,0,0,0.8,0,cash_advance,1074,0,0
15.22,0.374,19,0,0,3.4,1,cash_advance,1334,0,0
12.15,0.813,2,1,0,2.9,0,electronics,3204,0,0
80.12,2.932,21,0,0,26.8,1,grocery,1229,0,0
40.22,1.26,11,0,0,0.6,0,online_retail,1629,0,0
36.68,0.983,11,0,1,62.8,1,cash_advance,1189,1,0
79.63,3.509,13,0,0,4.5,1,travel,2572,0,0
205.35,4.988,13,0,0,11.6,2,gas,2788,0,0
5.29,0.103,2,1,1,29.2,0,cash_advance,402,0,0
25.27,1.159,23,1,1,99.5,1,gambling,194,0,0
20.55,0.507,9,0,1,24.4,1,gas,3254,0,0
68.81,1.486,21,0,0,13.1,0,grocery,1597,0,0
28.74,1.435,18,0,1,59.0,0,gas,2951,0,0
47.74,2.234,11,0,0,15.8,0,travel,1434,1,0
40.76,1.357,23,1,1,60.7,0,gambling,1761,0,0
14.46,0.66,10,0,1,29.3,0,gas,2846,1,0
155.78,6.322,0,1,0,2.7,1,grocery,111,0,1
78.61,3.634,9,0,0,11.8,0,online_retail,2334,1,0
59.89,1.479,12,0,0,7.8,0,cash_advance,2815,0,0
155.52,3.11,9,0,1,79.9,1,gambling,2129,0,0
22.16,1.003,13,0,0,3.6,0,travel,1329,0,0
194.97,2.788,15,0,1,64.6,1,gas,2219,0,0
50.74,2.591,16,0,0,7.2,2,cash_advance,1053,1,0
6.16,0.236,10,0,1,23.8,0,grocery,2797,0,0
55.38,1.868,22,0,0,7.4,3,grocery,2732,0,0
70.66,0.883,1,1,1,76.3,1,grocery,3101,0,0
39.97,1.27,11,0,1,39.4,1,dining,1048,0,0
17.73,0.612,0,1,0,7.0,0,dining,388,0,0
27.41,1.177,13,0,1,0.7,0,dining,1492,0,0
128.56,4.059,5,1,0,22.6,1,grocery,2469,0,0
329.53,6.245,13,0,0,40.0,1,online_retail,1888,0,0
12.02,0.284,20,0,1,91.5,1,travel,1625,0,0
46.57,0.665,11,0,1,73.3,0,gas,2881,0,0
36.18,2.407,2,1,0,18.7,1,online_retail,808,0,0
34.27,0.995,8,0,1,24.8,1,grocery,1722,0,0
4.4,0.249,8,0,1,71.6,1,online_retail,2923,0,0
58.39,1.206,8,0,0,4.4,0,travel,2176,0,0
96.5,2.171,19,0,1,85.7,0,electronics,2912,1,0
67.79,2.548,22,0,0,24.8,0,online_retail,541,0,0
33.34,1.243,2,1,0,10.4,1,online_retail,682,0,0
40.26,1.576,8,0,0,0.5,0,dining,231,0,0
9.56,0.201,14,0,0,13.6,2,cash_advance,3388,0,0
59.58,1.356,12,0,0,10.0,0,cash_advance,2669,0,0
26.51,0.422,20,0,1,65.7,1,online_retail,325,0,0
44.57,1.186,9,0,0,0.0,0,cash_advance,2623,1,0
18.61,1.032,20,0,1,33.8,1,electronics,400,0,0
31.04,0.663,20,0,0,4.8,1,travel,796,0,0
216.5,9.209,15,0,1,75.4,0,cash_advance,3131,1,1
32.03,0.735,9,0,0,12.8,3,grocery,2312,0,0
166.8,4.778,12,0,1,70.9,0,travel,1941,0,1
22.71,0.366,3,1,1,111.3,1,gas,1448,0,0
19.91,1.0,15,0,1,18.9,0,online_retail,1395,0,0
18.22,0.326,7,0,1,18.6,1,online_retail,295,0,0
14.65,0.797,8,0,1,50.4,0,cash_advance,1469,0,0
37.74,1.227,17,0,1,10.0,1,grocery,644,0,0
284.86,5.566,1,1,1,19.2,1,online_retail,2706,0,0
192.5,6.726,16,0,1,106.8,1,dining,3521,0,1
20.34,0.542,9,0,1,24.7,1,electronics,2661,0,0
20.76,0.68,2,1,0,19.2,1,grocery,2286,0,0
14.48,0.131,21,0,1,93.9,0,travel,2126,0,0
52.98,3.718,21,0,0,4.6,0,online_retail,1827,0,0
368.46,13.999,18,0,0,6.6,0,gas,2222,0,1
15.84,0.299,20,0,1,57.4,0,online_retail,2859,0,0
64.14,1.442,17,0,1,32.2,0,gambling,2509,0,0
5.64,0.244,11,0,0,15.1,0,gas,271,0,0
6.89,0.322,16,0,0,16.0,2,online_retail,3010,1,0
28.74,0.801,23,1,0,30.7,1,cash_advance,1364,0,0
47.71,2.073,10,0,1,146.4,0,online_retail,1656,0,0
10.36,0.2,13,0,0,0.2,1,grocery,740,0,0
25.49,0.866,4,1,1,20.1,0,online_retail,3140,0,0
97.35,1.283,14,0,0,12.7,0,gas,3143,0,0
38.07,1.685,4,1,0,30.7,0,electronics,499,0,0
2.01,0.07,2,1,0,9.6,1,online_retail,320,0,0
3.07,0.077,23,1,1,40.7,0,grocery,2594,0,0
5.91,0.121,9,0,0,16.5,3,dining,707,0,0
22.36,0.636,16,0,0,11.0,0,grocery,2801,0,0
15.81,0.526,12,0,1,26.9,1,gas,3087,1,0
25.9,0.615,13,0,0,5.8,3,cash_advance,2228,0,0
28.09,0.909,7,0,0,6.9,0,dining,1055,0,0
34.26,0.699,15,0,1,63.3,0,grocery,3311,0,0
42.65,0.968,9,0,0,7.0,0,travel,1740,0,0
30.62,0.873,0,1,0,6.1,0,travel,3228,0,0
56.07,2.039,23,1,1,56.3,1,grocery,2057,0,0
37.62,2.061,2,1,0,1.3,3,online_retail,1745,1,0
20.42,0.437,8,0,0,2.8,0,gas,904,1,0
18.42,0.68,1,1,1,59.3,2,cash_advance,3398,0,0
15.88,0.828,0,1,0,8.1,0,dining,2694,0,0
115.85,5.302,16,0,1,66.8,0,dining,1899,0,0
19.7,0.541,3,1,1,51.4,2,gambling,1787,0,0
29.17,0.826,23,1,1,27.6,0,grocery,1058,0,0
377.68,9.869,18,0,1,55.2,1,gambling,1215,0,1
84.61,1.57,4,1,0,3.6,1,dining,2948,0,0
6.31,0.474,9,0,1,37.5,1,dining,2400,1,0
52.45,1.318,3,1,0,9.4,0,grocery,364,0,0
11.39,0.489,13,0,1,45.6,0,gas,695,0,0
32.58,1.177,15,0,0,13.0,0,electronics,1573,1,0
59.93,1.423,23,1,1,68.6,1,online_retail,1663,0,0
12.73,0.496,5,1,1,114.9,0,grocery,3146,0,0
51.72,0.996,4,1,0,10.7,0,online_retail,2006,0,0
31.87,0.951,23,1,1,67.9,1,grocery,689,0,0
41.65,2.742,12,0,1,56.2,1,travel,2384,0,0
26.83,0.929,20,0,0,27.1,2,online_retail,2159,0,0
45.42,1.745,18,0,1,46.7,1,online_retail,3307,0,0
74.65,2.497,14,0,1,121.2,0,gambling,1538,0,0
136.75,5.394,8,0,1,48.4,1,dining,262,0,0
8.5,0.279,1,1,0,2.4,3,electronics,2701,0,0
79.05,1.725,13,0,1,29.3,1,grocery,590,1,0
21.1,0.27,0,1,1,45.0,0,electronics,1943,0,0
65.92,3.067,10,0,1,54.6,0,cash_advance,2098,0,0
31.22,1.373,5,1,1,46.3,0,gambling,1631,0,0
184.5,7.351,18,0,0,15.3,1,dining,22,0,1
55.2,0.949,21,0,1,72.7,0,gas,2443,0,0
135.2,6.02,15,0,0,9.8,1,dining,1954,0,1
71.84,2.362,18,0,1,20.5,0,cash_advance,1333,0,0
50.56,1.994,10,0,1,71.8,0,cash_advance,2357,0,0
189.63,10.002,9,0,0,1.1,0,online_retail,418,1,1
58.08,1.894,20,0,0,23.7,2,grocery,236,0,0
36.09,0.756,17,0,0,1.0,0,dining,463,0,0
24.91,0.704,16,0,0,7.0,0,grocery,1733,2,0
22.95,0.89,1,1,0,6.1,1,dining,3497,1,0
46.31,2.038,22,0,0,0.4,1,online_retail,3293,0,0
34.1,1.302,15,0,1,70.9,0,gambling,845,0,0
32.89,0.772,18,0,1,57.0,0,gas,297,0,0
24.3,1.229,0,1,0,7.4,1,grocery,654,0,0
9.23,0.164,2,1,1,28.6,0,cash_advance,1229,0,0
5.43,0.122,22,0,1,49.7,1,online_retail,2224,1,0
56.54,1.944,3,1,1,25.4,0,travel,60,0,0
48.07,2.302,16,0,1,28.7,1,travel,2123,0,0
71.99,3.252,13,0,0,29.9,0,online_retail,496,0,0
26.65,0.821,22,0,0,11.3,0,travel,1214,0,0
85.1,5.821,23,1,0,38.3,0,grocery,2234,0,0
37.49,1.303,19,0,1,11.5,2,dining,920,0,0
44.21,1.058,2,1,1,29.3,0,dining,2890,0,0
43.1,1.676,23,1,1,35.4,0,grocery,3265,1,0
17.12,0.282,17,0,1,62.7,1,cash_advance,315,0,0
181.3,7.149,17,0,1,23.0,0,electronics,2013,0,1
68.6,2.355,13,0,0,13.3,1,grocery,1313,0,0
78.84,3.994,13,0,1,90.2,0,dining,2110,0,0
44.36,1.547,8,0,0,8.6,0,grocery,71,0,0
80.24,2.473,20,0,0,6.7,0,gambling,264,0,0
82.7,1.729,5,1,1,46.4,0,grocery,3203,0,0
85.23,2.547,1,1,1,37.6,0,electronics,253,0,0
6.41,0.343,23,1,0,11.9,1,electronics,2883,0,0
36.68,1.41,0,1,1,13.8,1,gambling,2290,1,0
12.48,0.448,2,1,0,18.1,1,gas,3540,0,0
123.66,4.49,11,0,1,121.0,0,online_retail,1649,0,0
10.08,0.376,7,0,1,67.2,1,cash_advance,493,0,0
42.32,1.822,13,0,1,12.1,1,online_retail,1723,0,0
17.19,0.321,7,0,1,45.2,1,dining,448,0,0
17.55,0.542,4,1,1,7.1,0,grocery,1867,0,0
37.59,0.642,1,1,1,57.7,0,gas,3538,0,0
101.9,4.347,23,1,0,7.3,1,grocery,906,0,0
3.47,0.082,4,1,0,9.8,1,online_retail,2505,0,0
19.54,0.299,12,0,1,29.3,1,grocery,2074,0,0
70.19,1.629,16,0,0,5.9,2,grocery,3312,0,0
67.32,2.546,14,0,1,63.8,0,dining,144,0,0
22.77,1.076,17,0,0,5.1,0,grocery,2761,0,0
35.02,0.799,1,1,0,15.3,0,dining,215,0,0
8.36,0.557,21,0,1,43.1,0,grocery,1469,0,0
54.84,1.875,21,0,1,68.3,1,cash_advance,272,0,0
95.64,1.961,13,0,1,35.1,0,travel,3404,0,0
33.08,1.166,1,1,1,45.6,1,gas,3501,1,0
15.19,0.676,3,1,1,66.4,0,online_retail,2733,0,0
17.91,0.36,15,0,1,83.9,1,electronics,1193,0,0
69.2,3.013,12,0,1,33.2,1,cash_advance,2524,0,0
8.71,0.525,6,0,0,0.2,2,gas,2671,1,0
308.98,20.558,11,0,0,1.0,0,grocery,355,0,1
52.69,1.049,22,0,1,5.5,0,gambling,1124,0,0
38.39,0.577,17,0,1,74.0,1,dining,343,0,0
6.59,0.157,16,0,1,60.4,1,dining,1733,0,0
134.81,6.018,11,0,1,11.3,1,gas,2235,0,1
2.49,0.081,12,0,1,4.3,6,electronics,2232,0,0
71.98,2.065,19,0,0,3.6,0,travel,2027,0,1
54.85,1.665,7,0,1,116.0,1,grocery,1005,1,0
94.19,2.759,11,0,1,71.2,0,dining,2758,0,0
130.34,3.366,1,1,1,80.3,0,online_retail,3545,0,0
19.91,0.478,13,0,0,4.1,0,online_retail,1265,1,0
22.3,1.029,3,1,0,5.8,0,gas,2962,1,0
22.15,0.605,9,0,0,3.2,1,electronics,2274,0,0
6.99,0.224,12,0,0,20.3,1,cash_advance,3387,0,0
41.2,2.107,6,0,1,4.4,0,online_retail,972,0,0
88.74,5.196,17,0,0,16.5,1,online_retail,790,0,0
56.02,3.543,8,0,0,13.5,0,grocery,2442,0,0
61.07,2.359,12,0,0,16.1,2,travel,1073,0,0
18.23,0.783,20,0,0,18.6,1,gas,362,0,0
26.24,0.23,23,1,1,42.8,0,cash_advance,1215,0,0
37.68,1.62,3,1,1,93.6,2,gas,2000,0,0
66.74,2.321,9,0,1,72.2,0,gas,841,0,0
29.1,1.158,3,1,1,79.8,1,grocery,97,0,0
74.27,1.902,19,0,0,14.0,1,dining,3291,0,0
25.77,0.896,20,0,1,76.1,0,electronics,195,0,0
56.46,1.372,19,0,1,25.2,1,cash_advance,2325,0,0
22.67,0.343,15,0,1,33.0,2,cash_advance,1174,0,0
24.53,1.173,8,0,1,73.1,3,dining,2740,0,0
18.74,0.868,7,0,0,9.2,2,electronics,2834,0,0
67.36,2.225,11,0,1,25.4,0,online_retail,681,0,0
100.28,4.583,5,1,1,22.6,0,grocery,2024,0,0
20.58,0.843,20,0,0,1.5,1,gas,1562,0,0
16.57,0.931,20,0,1,19.7,8,dining,2591,0,0
32.34,1.553,9,0,1,64.5,1,cash_advance,2114,0,0
18.61,0.483,1,1,0,0.6,0,gas,2788,0,0
16.45,0.172,10,0,0,12.8,1,gas,1992,0,0
214.18,6.689,19,0,1,42.7,0,cash_advance,3264,0,1
172.85,5.216,11,0,0,8.5,1,grocery,982,0,0
41.22,0.957,8,0,0,6.0,0,grocery,2384,0,0
9.22,0.273,18,0,1,32.5,0,grocery,1604,0,0
6.14,0.178,6,0,0,17.0,3,grocery,1404,0,0
11.11,0.327,2,1,1,92.3,0,grocery,2509,0,0
13.69,0.626,1,1,1,44.3,0,gas,350,0,0
31.15,1.611,7,0,0,1.6,0,dining,2913,0,0
189.62,8.431,1,1,1,28.1,1,travel,696,0,1
21.7,0.768,1,1,1,12.6,2,dining,2283,0,0
49.04,1.222,4,1,0,17.7,0,grocery,294,0,0
88.25,2.178,16,0,1,41.3,0,cash_advance,1511,1,0
22.54,0.87,17,0,0,11.5,0,dining,3048,0,0
8.15,0.219,9,0,0,8.4,1,dining,2824,0,0
47.16,0.952,19,0,1,79.8,3,grocery,1656,0,0
21.74,0.581,9,0,0,13.6,0,grocery,163,0,0
25.76,0.59,15,0,1,23.2,0,dining,1926,0,0
30.27,0.865,11,0,1,142.4,1,grocery,1144,0,0
9.18,0.614,17,0,1,58.7,1,cash_advance,912,0,0
25.86,0.597,14,0,1,57.7,2,grocery,3346,0,0
74.03,1.621,8,0,1,104.9,0,online_retail,1494,0,0
106.53,3.684,8,0,0,20.1,0,gambling,2331,0,0
38.4,1.461,6,0,1,19.0,0,dining,1666,0,0
7.99,0.088,23,1,0,12.8,1,gas,3090,0,0
29.27,0.801,4,1,0,2.8,0,dining,3250,0,0
103.1,2.366,9,0,0,10.8,1,dining,454,0,0
59.92,3.225,16,0,0,6.5,0,cash_advance,160,0,0
8.78,0.3,22,0,1,52.7,0,gas,2190,0,0
7.22,0.26,6,0,1,39.5,1,electronics,3349,0,0
5.33,0.179,23,1,1,97.6,1,grocery,3218,0,0
29.8,1.116,11,0,1,39.7,1,gas,1589,0,0
14.18,0.202,11,0,1,57.5,0,gas,322,0,0
128.51,2.115,21,0,0,20.4,0,dining,3461,0,0
4.98,0.158,21,0,1,18.6,0,cash_advance,464,0,0
67.44,2.315,0,1,0,9.9,0,gas,1602,0,0
67.08,2.04,2,1,1,164.2,1,online_retail,265,0,0
14.03,0.386,9,0,0,17.9,0,cash_advance,3146,0,0
87.02,1.268,12,0,1,41.5,0,gas,3101,0,0
20.43,0.578,13,0,0,7.5,0,online_retail,927,0,0
168.27,3.959,17,0,1,175.6,0,online_retail,174,0,1
120.14,4.362,21,0,0,15.9,0,grocery,594,0,0
56.1,1.375,13,0,1,54.2,1,electronics,1621,0,0
72.14,2.723,9,0,1,52.2,1,cash_advance,2049,0,0
29.22,1.786,12,0,0,16.1,0,dining,2121,0,0
12.69,0.387,22,0,1,41.1,0,online_retail,2809,0,0
33.18,0.892,3,1,1,15.6,1,online_retail,3182,0,0
372.53,4.192,9,0,1,79.9,0,travel,864,1,0
23.27,0.422,11,0,1,19.9,1,gas,3361,0,0
29.34,1.002,20,0,0,11.9,0,gas,2582,0,0
167.97,5.849,10,0,0,3.0,1,grocery,861,0,0
279.46,7.711,4,1,0,26.3,0,travel,3342,1,1
185.08,3.459,10,0,0,23.1,2,gas,2130,0,0
47.07,1.189,19,0,1,39.7,0,dining,3019,1,0
7.31,0.089,15,0,1,31.9,0,dining,672,0,0
63.19,2.57,16,0,0,13.7,0,dining,328,0,0
25.11,0.477,4,1,0,36.9,1,cash_advance,1856,0,0
17.25,0.703,11,0,1,16.8,0,grocery,1112,0,0
69.82,1.443,20,0,1,54.8,0,dining,1521,0,0
39.09,1.466,23,1,0,1.8,1,online_retail,821,0,0
48.92,1.69,7,0,1,67.9,0,gambling,1458,0,0
60.83,1.855,3,1,1,55.3,0,online_retail,2238,0,0
5.05,0.092,0,1,1,108.3,1,gas,3383,2,0
118.49,6.642,5,1,1,43.4,0,grocery,2766,0,0
61.34,2.189,6,0,1,29.6,0,cash_advance,2310,0,0
27.98,0.929,4,1,1,83.2,0,dining,1639,0,0
30.2,0.546,20,0,0,2.0,2,dining,1016,1,0
101.14,2.737,2,1,0,16.0,0,gas,2256,0,0
6.57,0.186,4,1,1,111.3,4,cash_advance,1353,0,0
23.95,0.355,18,0,1,22.9,2,grocery,352,0,0
122.92,2.149,6,0,1,44.3,1,grocery,1541,0,0
133.2,7.668,3,1,1,78.6,1,dining,1008,0,1
2.53,0.049,13,0,1,55.6,0,cash_advance,2307,0,0
19.81,0.366,1,1,0,8.4,0,cash_advance,2877,0,0
10.88,0.33,7,0,1,90.9,1,grocery,1866,0,0
338.94,5.226,14,0,0,4.4,2,online_retail,2201,1,0
6.8,0.373,1,1,1,9.5,1,electronics,2884,0,0
34.0,1.003,0,1,1,10.2,0,gas,2037,1,0
15.95,0.552,11,0,1,66.2,0,grocery,1711,0,0
60.8,1.278,3,1,0,6.4,0,dining,467,0,0
6.82,0.258,4,1,1,39.3,0,electronics,318,0,0
20.71,0.687,12,0,1,27.2,1,electronics,2656,0,0
16.87,0.538,20,0,1,44.3,1,travel,3134,0,0
13.13,0.288,17,0,1,45.3,0,electronics,461,0,0
17.13,0.566,8,0,1,31.1,0,cash_advance,468,0,0
30.69,0.437,19,0,1,59.5,1,online_retail,2014,0,0
108.27,1.785,16,0,0,20.2,0,dining,1494,1,0
9.47,0.311,18,0,1,15.5,0,gas,43,0,0
8.98,0.262,15,0,0,15.8,0,travel,3597,0,0
94.2,2.015,2,1,1,10.7,1,electronics,2392,0,0
9.73,0.242,7,0,0,2.8,0,gambling,2128,0,0
26.34,1.023,4,1,1,20.3,1,dining,183,0,0
16.34,0.87,0,1,0,4.8,0,gambling,1562,0,0
9.03,0.508,3,1,0,47.0,0,electronics,539,0,0
25.32,0.972,18,0,1,125.2,1,electronics,2525,0,0
16.81,0.477,0,1,1,93.5,0,cash_advance,1547,0,0
11.09,0.241,15,0,0,31.6,0,dining,92,1,0
34.57,1.08,7,0,0,8.2,2,electronics,511,0,0
217.86,4.511,14,0,1,59.5,0,travel,1650,0,0
22.07,0.603,15,0,0,21.1,1,dining,3261,0,0
11.86,0.49,22,0,0,12.8,1,dining,328,0,0
4.94,0.265,5,1,0,8.5,0,grocery,2308,0,0
7.94,0.336,18,0,1,14.9,0,dining,3319,0,0
11.85,0.334,17,0,0,15.9,0,dining,2125,0,0
101.99,2.568,16,0,1,151.5,1,online_retail,3393,1,0
22.06,0.481,17,0,0,5.3,0,grocery,2200,0,0
23.78,0.895,16,0,1,101.0,3,online_retail,2948,0,0
16.46,0.345,7,0,1,51.5,1,gambling,3368,0,0
45.95,1.559,23,1,1,42.2,1,online_retail,3212,0,0
46.64,1.868,13,0,0,12.9,0,grocery,2504,0,0
29.22,2.015,12,0,0,5.1,0,grocery,1799,0,0
201.16,4.498,12,0,0,3.6,3,grocery,2536,0,0
16.58,0.592,17,0,0,13.7,2,online_retail,1806,0,0
26.55,0.75,15,0,0,8.1,0,grocery,3374,0,0
60.11,0.791,6,0,1,41.8,0,dining,996,0,0
94.09,4.129,4,1,0,9.8,0,gas,1967,0,0
129.69,5.982,0,1,0,14.4,0,dining,1059,0,1
16.26,0.554,0,1,0,14.7,0,online_retail,466,0,0
342.25,9.633,14,0,1,51.0,1,gas,140,0,1
29.44,1.031,15,0,0,2.5,0,grocery,494,0,0
49.7,0.865,20,0,1,17.2,1,dining,3067,0,0
22.32,0.533,0,1,0,13.9,0,dining,541,0,0
21.61,0.82,15,0,1,41.0,0,online_retail,1530,0,0
69.5,1.641,12,0,0,18.0,1,gas,2291,0,0
123.67,3.59,7,0,0,2.2,2,online_retail,3003,0,0
29.41,1.015,16,0,1,50.8,0,gas,138,0,0
22.42,0.47,13,0,1,64.8,0,grocery,531,0,0
29.6,0.992,12,0,1,88.3,0,gambling,1300,1,0
51.82,1.027,2,1,0,10.4,0,electronics,2440,0,0
8.56,0.235,8,0,0,13.0,1,electronics,2946,0,0
50.89,0.636,15,0,1,90.5,0,dining,50,0,0
7.08,0.237,23,1,0,27.4,1,dining,2196,0,0
98.61,3.825,3,1,0,17.0,1,online_retail,1402,0,0
27.1,0.941,21,0,0,18.0,2,cash_advance,200,0,0
11.18,0.269,10,0,0,22.7,1,dining,1169,0,0
19.07,0.708,14,0,1,27.0,1,grocery,1477,0,0
15.06,0.848,8,0,1,52.0,0,online_retail,818,0,0
35.1,1.154,7,0,0,14.0,1,grocery,1559,0,0
8.13,0.238,15,0,1,67.2,2,gas,2279,0,0
13.38,0.373,18,0,0,8.6,0,dining,3047,0,0
34.04,1.134,1,1,1,52.0,0,gas,2309,0,0
201.44,4.047,21,0,1,82.7,1,gas,3397,1,0
28.51,0.745,23,1,1,72.9,0,cash_advance,2137,0,0
70.41,3.301,12,0,1,37.0,0,gas,2395,0,0
114.98,4.659,1,1,0,0.7,7,gas,822,0,0
342.91,13.645,11,0,0,6.8,0,grocery,856,0,1
43.89,1.02,3,1,0,17.3,1,online_retail,1513,0,0
38.77,0.528,9,0,0,0.6,0,cash_advance,3388,0,0
48.62,1.75,5,1,1,47.1,0,grocery,2321,0,0
22.95,0.528,13,0,1,92.4,0,grocery,2115,0,0
59.3,2.897,0,1,0,2.2,0,grocery,2282,0,0
36.63,1.352,15,0,0,37.2,0,electronics,2404,0,0
74.36,2.803,20,0,1,41.8,0,online_retail,819,0,0
71.27,1.564,9,0,1,67.2,0,gambling,3405,0,0
15.83,0.332,23,1,1,109.4,1,online_retail,1231,0,0
14.12,0.754,21,0,1,37.2,1,grocery,540,0,0
69.21,2.157,7,0,1,99.7,0,cash_advance,3451,0,0
54.89,3.058,3,1,1,72.7,0,online_retail,937,1,1
12.58,0.348,19,0,1,49.6,0,travel,886,0,0
75.27,1.04,6,0,0,5.9,0,dining,2013,0,0
11.33,0.38,7,0,0,10.4,0,online_retail,713,0,0
85.89,1.555,9,0,0,13.6,0,travel,1908,0,0
99.06,3.329,23,1,0,18.2,1,dining,3290,0,0
8.79,0.156,17,0,1,73.5,0,gas,2426,0,0
61.29,2.371,14,0,1,60.2,3,cash_advance,1274,0,0
28.06,1.278,6,0,1,133.6,1,gas,2879,0,0
28.48,0.859,8,0,1,67.0,0,dining,2867,0,0
91.07,2.386,21,0,1,74.8,1,grocery,544,0,0
26.51,0.868,14,0,0,23.0,1,grocery,2401,0,0
18.2,0.689,5,1,0,12.5,1,travel,823,1,0
115.17,3.883,17,0,1,5.4,0,gas,2762,0,0
35.1,1.443,23,1,0,13.3,1,dining,1660,0,0
14.18,0.474,5,1,1,77.7,1,dining,2526,0,0
29.82,1.118,17,0,0,7.0,0,online_retail,3138,0,0
76.58,1.98,18,0,1,19.1,0,electronics,3077,0,0
50.16,1.254,3,1,0,0.1,3,gambling,1125,0,0
32.58,0.926,17,0,1,43.3,0,dining,453,0,0
30.74,0.546,12,0,0,3.4,1,cash_advance,3225,0,0
17.28,0.364,20,0,0,1.4,1,cash_advance,2145,0,0
38.16,1.498,18,0,1,15.6,1,dining,3429,0,0
39.7,1.647,21,0,0,9.5,0,grocery,916,1,0
93.36,3.077,8,0,1,61.5,2,travel,313,0,0
30.64,0.552,13,0,1,10.6,0,electronics,2654,0,0
92.48,3.865,19,0,0,5.7,1,electronics,1879,0,0
12.17,0.561,7,0,1,78.7,1,gambling,1894,0,0
89.65,3.189,18,0,0,3.2,1,travel,3539,0,0
31.83,0.897,20,0,1,87.7,0,travel,140,0,0
13.9,0.426,23,1,0,34.8,1,cash_advance,207,0,0
74.61,1.96,2,1,0,3.3,1,dining,1794,0,0
37.12,0.88,4,1,1,24.4,0,dining,31,1,0
14.16,0.414,2,1,1,17.5,1,travel,1316,0,0
17.02,0.175,11,0,0,2.1,0,gas,1521,0,0
19.0,0.283,20,0,1,23.3,9,travel,2185,0,0
24.42,1.319,8,0,0,12.4,0,grocery,51,0,0
252.14,7.977,16,0,0,8.0,1,grocery,1603,1,0
31.5,0.766,16,0,0,2.5,1,grocery,2056,0,0
17.06,0.697,11,0,1,88.7,0,dining,893,0,0
95.78,2.545,9,0,0,2.7,0,travel,921,0,0
56.32,2.187,6,0,0,11.6,0,online_retail,2063,0,0
138.72,2.444,2,1,0,5.4,1,gas,1405,0,0
9.81,0.046,17,0,1,28.4,1,travel,1216,0,0
364.22,12.259,13,0,0,18.4,5,gas,1652,0,1
4.42,0.122,17,0,1,79.1,1,cash_advance,1271,0,0
46.26,0.692,20,0,1,36.6,1,grocery,580,0,0
19.4,0.806,0,1,0,13.0,0,electronics,913,1,0
45.06,1.054,2,1,0,15.7,0,dining,1425,1,0
4.6,0.171,8,0,0,17.1,2,cash_advance,2191,0,0
43.22,1.124,1,1,1,64.8,0,grocery,2411,0,0
173.21,7.809,10,0,0,2.5,0,grocery,217,1,0
56.03,2.292,12,0,0,8.2,0,grocery,3168,0,0
74.77,3.409,2,1,0,34.2,1,online_retail,1098,1,0
36.72,1.739,5,1,0,10.3,0,dining,2856,0,0
136.08,4.638,19,0,1,47.1,0,electronics,1642,0,1
3.79,0.075,16,0,1,20.6,0,cash_advance,614,1,0
76.82,3.073,3,1,0,21.7,0,gas,1580,0,0
40.05,2.191,17,0,1,69.9,1,dining,877,0,0
55.66,2.138,22,0,1,55.5,1,gambling,2564,0,0
51.35,2.067,11,0,1,107.3,0,online_retail,1118,0,0
45.71,0.921,0,1,0,7.5,0,online_retail,2451,0,0
24.07,0.783,16,0,0,21.7,0,gambling,2211,0,0
45.11,0.721,20,0,1,41.9,0,cash_advance,437,1,0
37.92,0.732,12,0,0,4.4,0,online_retail,138,0,0
47.35,0.79,3,1,0,11.9,2,grocery,349,0,0
172.67,3.211,22,0,0,3.3,0,grocery,2300,0,0
46.23,1.47,10,0,1,48.9,0,dining,2102,0,0
137.41,8.055,6,0,0,17.6,0,travel,2827,0,1
20.75,0.597,7,0,0,17.8,0,dining,1265,0,0
540.35,15.726,17,0,0,17.0,1,dining,445,1,1
47.9,1.451,10,0,1,23.1,1,dining,721,1,0
85.92,2.642,4,1,1,9.6,0,online_retail,2910,0,0
8.5,0.303,14,0,0,25.2,2,online_retail,3529,0,0
33.17,1.238,1,1,0,9.0,1,online_retail,472,0,0
13.26,0.314,10,0,1,30.7,0,travel,1707,0,0
46.9,1.896,2,1,1,93.7,0,travel,2760,1,0
48.16,0.785,22,0,0,32.0,1,grocery,1860,0,0
70.81,2.729,22,0,1,14.2,8,gambling,3383,0,0
142.86,3.302,7,0,1,120.3,1,electronics,2256,0,0
70.83,1.862,14,0,0,3.6,0,online_retail,3123,0,0
96.26,3.956,23,1,0,19.7,1,electronics,1833,0,0
79.44,2.92,5,1,1,65.3,3,electronics,2031,0,0
35.65,1.063,16,0,0,3.4,3,online_retail,759,0,0
101.5,2.189,2,1,1,91.2,1,gas,131,0,0
89.64,1.193,6,0,0,3.5,0,online_retail,1767,0,0
30.92,1.208,14,0,1,26.5,0,travel,1942,0,0
123.36,1.923,5,1,0,3.3,2,online_retail,2133,0,0
19.52,0.624,3,1,0,8.8,0,grocery,1131,0,0
8.52,0.173,22,0,1,28.1,0,travel,2321,0,0
31.58,0.767,3,1,0,11.5,1,grocery,961,0,0
54.04,1.55,15,0,1,84.8,3,grocery,546,1,0
190.36,8.335,21,0,0,14.5,1,grocery,105,1,1
13.87,0.366,2,1,1,51.8,6,dining,495,0,0
14.93,0.304,2,1,0,26.3,1,online_retail,241,0,0
160.9,4.292,3,1,0,1.2,0,travel,1476,0,0
32.89,1.469,5,1,0,18.5,1,online_retail,330,1,0
27.74,1.26,3,1,1,29.1,1,gas,244,0,0
57.41,0.647,13,0,0,17.1,0,travel,3193,1,0
333.57,15.5,0,1,0,16.8,0,dining,2806,0,1
20.9,0.803,13,0,1,12.1,1,cash_advance,1905,0,0
36.51,1.482,18,0,1,13.4,2,gas,1591,0,0
10.77,0.164,22,0,1,27.1,0,dining,110,0,0
132.32,1.751,4,1,0,17.0,1,dining,2661,1,0
16.93,0.415,18,0,0,30.8,1,electronics,1227,0,0
67.63,1.708,4,1,0,13.7,1,cash_advance,902,0,0
32.68,0.399,21,0,0,20.8,1,electronics,3179,0,0
44.27,0.755,17,0,0,13.5,2,cash_advance,1513,0,0
95.73,1.677,9,0,1,8.8,0,grocery,125,0,0
25.46,0.571,5,1,1,82.3,1,online_retail,1968,1,0
45.47,2.422,12,0,1,32.0,1,dining,3238,0,0
94.54,1.166,16,0,1,25.0,0,grocery,2131,1,0
4.49,0.128,20,0,0,4.5,3,online_retail,726,0,0
249.67,7.183,21,0,1,62.1,0,gambling,148,0,1
11.9,0.482,16,0,0,23.8,1,online_retail,1037,0,0
60.29,2.616,10,0,1,119.3,0,online_retail,3522,0,0
2.96,0.045,9,0,0,1.2,0,grocery,1899,0,0
30.4,1.415,10,0,0,2.8,0,dining,3522,1,0
10.74,0.239,16,0,0,23.9,0,gas,317,0,0
321.47,13.35,18,0,0,27.1,0,cash_advance,821,1,1
20.87,0.63,5,1,1,70.9,1,travel,537,0,0
6.4,0.152,1,1,1,33.3,1,grocery,2466,0,0
17.79,0.725,1,1,0,1.6,1,electronics,1232,0,0
134.69,5.216,7,0,0,10.7,0,online_retail,1309,0,0
59.43,1.305,21,0,0,47.8,0,online_retail,2792,0,0
21.76,0.43,4,1,0,1.5,1,online_retail,2312,0,0
35.09,1.878,15,0,0,12.7,0,gambling,2279,0,0
81.06,1.375,16,0,0,15.4,0,dining,1365,0,0
11.62,0.265,4,1,1,17.2,0,grocery,3043,0,0
24.83,0.505,21,0,1,28.3,2,cash_advance,1833,0,0
59.97,1.986,5,1,0,2.2,1,travel,2400,0,0
44.83,1.309,10,0,1,48.9,2,electronics,3341,0,0
21.73,1.171,3,1,1,41.8,1,online_retail,2962,0,0
50.34,2.423,15,0,1,52.2,1,online_retail,2657,0,0
13.07,0.341,17,0,1,69.9,0,dining,2797,0,0
27.5,1.033,18,0,1,56.6,0,gambling,2749,0,0
12.31,0.545,8,0,0,2.4,0,dining,960,0,0
62.4,1.004,15,0,0,8.4,3,travel,833,0,0
175.45,7.709,5,1,1,33.7,0,gambling,2135,0,1
16.19,0.48,16,0,0,8.0,0,dining,1013,0,0
7.38,0.221,10,0,1,67.5,1,electronics,3388,0,0
81.17,3.383,2,1,0,5.3,0,travel,1175,1,0
14.15,0.845,8,0,1,81.0,0,electronics,1932,0,0
48.51,1.376,14,0,1,110.1,0,gas,3141,1,0
91.4,2.035,18,0,0,11.5,2,dining,769,0,0
60.56,1.702,21,0,1,64.1,4,travel,1875,0,0
20.41,0.822,14,0,1,73.8,0,online_retail,1911,0,0
18.41,0.709,7,0,0,10.9,2,gambling,1992,0,0
31.47,1.908,23,1,0,0.2,1,grocery,1656,0,0
149.87,9.373,2,1,1,26.6,0,travel,2886,0,1
5.09,0.22,17,0,1,36.9,0,dining,1956,0,0
23.04,0.625,5,1,1,82.4,0,gas,2471,0,0
53.38,1.842,15,0,0,11.9,1,online_retail,599,1,0
18.12,0.342,8,0,1,73.5,1,online_retail,3376,0,0
50.73,0.548,5,1,0,3.4,0,grocery,2620,0,0
44.55,1.81,9,0,0,13.8,0,dining,2645,0,0
81.9,3.569,15,0,0,29.4,0,gas,93,1,0
197.19,5.897,11,0,0,14.1,0,travel,3534,0,0
275.72,4.741,6,0,1,58.2,1,grocery,1855,0,0
52.27,1.753,20,0,1,4.8,1,gambling,2676,0,0
43.22,1.658,6,0,1,37.6,2,grocery,450,0,0
57.56,1.063,18,0,0,10.7,0,gas,1161,0,0
54.69,1.794,14,0,1,59.7,0,cash_advance,1647,0,0
5.7,0.319,13,0,0,6.2,0,online_retail,283,0,0
31.16,0.73,20,0,0,1.5,2,gambling,1102,0,0
29.77,0.693,15,0,1,17.1,1,dining,960,0,0
10.4,0.538,21,0,0,2.2,0,travel,1862,1,0
17.79,0.278,14,0,1,44.2,0,cash_advance,744,0,0
221.58,12.344,4,1,1,21.7,0,dining,1207,0,1
37.07,0.493,10,0,0,2.7,1,cash_advance,2598,0,0
106.06,2.029,23,1,1,113.5,0,dining,270,0,0
20.36,0.254,4,1,1,99.2,0,dining,501,0,0
130.74,3.275,9,0,1,73.1,2,electronics,915,0,1
29.04,0.802,4,1,0,19.0,0,online_retail,3103,0,0
78.65,2.62,17,0,1,12.8,1,gambling,3135,0,0
113.95,1.467,15,0,1,29.3,0,online_retail,2800,0,0
83.42,1.734,7,0,1,89.7,0,dining,1188,0,0
25.72,0.719,12,0,0,7.4,0,online_retail,3569,0,0
22.69,0.331,3,1,0,4.0,2,gas,2183,0,0
2.64,0.152,21,0,0,16.9,0,grocery,1383,0,0
64.28,1.745,16,0,0,9.5,0,online_retail,3053,0,0
7.08,0.059,7,0,0,31.4,1,gas,1284,1,0
106.0,4.26,5,1,0,14.8,0,gambling,32,0,0
93.95,4.461,23,1,0,20.1,0,cash_advance,471,0,0
79.13,2.278,18,0,0,4.4,0,dining,1680,0,0
206.8,7.766,13,0,1,12.4,1,dining,573,0,1
10.62,0.241,22,0,1,96.2,2,cash_advance,325,0,0
96.82,2.045,11,0,1,41.5,1,gambling,611,0,0
11.67,0.445,23,1,1,33.3,2,grocery,1959,0,0
36.91,1.19,23,1,0,2.3,0,gambling,479,0,0
38.51,1.539,10,0,1,20.7,0,travel,319,2,0
19.64,0.206,18,0,0,9.1,0,electronics,2841,1,0
30.51,0.868,2,1,1,81.7,0,gas,2913,0,0
44.14,0.955,14,0,1,34.1,0,grocery,1726,0,0
23.8,1.235,21,0,1,25.9,1,cash_advance,2631,0,0
50.09,1.252,16,0,0,5.2,0,online_retail,90,0,0
154.9,8.144,1,1,1,26.9,1,travel,573,0,1
160.93,3.085,0,1,0,2.7,1,dining,1822,0,0
32.36,0.925,23,1,1,21.0,0,grocery,1465,0,0
8.37,0.34,16,0,1,94.9,0,grocery,2137,0,0
29.72,0.658,21,0,1,14.3,2,dining,196,0,0
18.93,0.502,14,0,0,2.9,0,grocery,612,0,0
70.4,1.539,3,1,0,7.2,0,grocery,1362,0,0
35.24,1.143,11,0,0,3.0,2,grocery,92,0,0
216.94,6.911,12,0,1,97.4,1,online_retail,1017,0,1
57.09,1.585,3,1,1,38.5,1,online_retail,3096,0,0
36.53,1.021,10,0,0,18.9,1,grocery,498,0,0
9.7,0.279,13,0,0,11.3,1,grocery,3150,0,0
18.34,0.696,13,0,1,41.2,0,online_retail,933,0,0
21.94,0.689,20,0,0,6.1,1,dining,2789,0,0
4.46,0.122,10,0,1,56.7,1,grocery,690,0,0
8.49,0.296,7,0,1,74.8,0,gambling,986,0,0
12.41,0.385,8,0,0,32.7,8,dining,596,0,0
55.76,2.387,8,0,1,107.3,1,online_retail,2653,0,0
25.82,1.817,10,0,1,53.9,0,grocery,997,0,0
33.67,1.33,22,0,1,26.1,0,dining,3052,0,0
53.12,3.339,9,0,1,53.1,0,grocery,2036,0,0
17.92,0.568,20,0,1,51.1,3,dining,1073,0,0
14.73,0.526,4,1,1,44.2,1,cash_advance,375,0,0
14.22,1.004,11,0,1,18.5,1,grocery,243,0,0
29.92,0.799,22,0,1,70.7,0,grocery,3350,0,0
44.67,1.643,23,1,1,45.6,0,online_retail,2070,0,0
23.44,0.5,9,0,0,1.7,1,travel,3534,0,0
26.61,0.944,3,1,0,12.2,0,gas,1757,0,0
11.51,0.337,20,0,1,36.3,0,electronics,2313,1,0
42.43,1.574,5,1,0,18.0,1,gas,521,0,0
30.18,0.755,19,0,1,160.2,0,gas,2820,0,0
493.37,12.362,10,0,0,6.7,0,electronics,2671,0,1
29.75,1.064,13,0,0,4.8,1,grocery,513,0,0
138.06,4.491,14,0,1,86.9,0,cash_advance,1239,0,1
63.42,1.211,2,1,0,0.3,1,cash_advance,586,0,0
47.8,0.586,9,0,1,35.5,0,online_retail,3002,1,0
183.19,5.301,14,0,1,24.9,0,electronics,1389,0,0
26.49,1.315,4,1,1,46.0,0,gas,3338,0,0
21.79,1.08,13,0,0,20.3,0,cash_advance,1572,0,0
136.36,2.539,4,1,1,63.3,0,dining,2923,0,0
25.18,0.158,12,0,0,3.0,0,online_retail,2576,0,0
28.88,0.671,16,0,1,95.9,0,cash_advance,1240,0,0
15.23,0.314,2,1,1,73.8,1,gas,1900,0,0
15.16,0.723,6,0,1,49.7,1,online_retail,3308,0,0
8.54,0.15,16,0,1,36.8,0,online_retail,2158,0,0
71.36,1.766,8,0,0,12.5,1,gambling,1006,0,0
27.15,1.015,18,0,0,10.4,0,gas,1065,0,0
34.75,0.417,6,0,0,12.4,0,gas,1511,0,0
50.05,3.49,7,0,0,10.9,0,dining,1124,0,0
15.79,0.616,3,1,0,10.8,0,dining,134,0,0
283.29,8.671,19,0,1,33.2,0,grocery,1425,0,1
46.67,1.46,7,0,1,49.0,6,gas,522,0,0
47.82,2.831,20,0,1,59.0,0,cash_advance,3442,0,0
47.84,2.265,9,0,1,55.5,0,grocery,669,0,0
19.1,0.364,1,1,1,29.4,2,grocery,1729,0,0
37.58,0.682,8,0,1,70.7,0,dining,1073,0,0
68.65,1.836,10,0,0,13.2,0,travel,2236,1,0
236.35,6.776,2,1,0,1.8,1,travel,2657,0,0
54.02,1.057,14,0,1,15.3,1,electronics,3280,0,0
134.21,7.477,17,0,1,24.8,4,dining,2600,0,1
26.11,0.484,4,1,0,11.6,1,gambling,1622,0,0
29.75,0.653,14,0,1,9.0,1,grocery,3517,0,0
188.46,5.175,1,1,1,51.8,0,electronics,1806,1,1
63.81,2.176,1,1,1,48.3,0,gas,654,0,0
116.51,9.232,1,1,1,51.0,1,dining,1065,0,1
14.88,0.712,3,1,0,10.6,0,grocery,820,0,0
95.74,5.838,4,1,0,3.4,0,cash_advance,1551,0,1
10.56,0.506,4,1,1,36.2,6,cash_advance,2171,0,0
14.19,0.967,21,0,0,15.7,0,travel,826,0,0
44.99,1.695,8,0,0,25.1,0,dining,720,0,0
31.88,1.406,3,1,0,10.8,0,gas,2953,0,0
176.15,7.603,19,0,0,1.0,2,gas,3357,0,0
302.99,5.339,2,1,1,53.6,0,grocery,1462,0,0
6.13,0.254,15,0,1,45.9,1,grocery,2344,0,0
22.43,0.711,0,1,1,19.2,1,gambling,2802,0,0
92.88,1.699,4,1,1,40.5,2,online_retail,2857,0,0
22.2,0.591,1,1,1,55.1,4,online_retail,2593,0,0
38.92,1.635,5,1,1,48.3,0,online_retail,3427,1,0
49.66,2.411,4,1,0,43.1,0,travel,2509,0,0
8.02,0.127,18,0,0,4.2,0,gambling,1269,0,0
25.49,0.408,4,1,1,18.0,0,cash_advance,2462,0,0
273.22,14.865,12,0,1,54.8,0,gas,1704,0,1
9.81,0.228,4,1,1,44.7,1,online_retail,3594,1,0
8.9,0.196,7,0,0,10.3,1,grocery,1205,0,0
22.23,0.535,7,0,1,66.8,0,electronics,1299,0,0
58.18,2.712,2,1,0,9.1,1,gas,1499,0,0
126.52,3.211,20,0,1,8.2,1,grocery,638,0,0
49.51,0.905,5,1,0,31.0,1,cash_advance,2874,0,0
30.55,1.357,7,0,0,15.2,0,dining,2274,0,0
292.1,9.029,19,0,0,15.5,1,grocery,2675,0,1
78.61,1.09,20,0,1,13.2,3,travel,921,0,0
19.65,0.547,20,0,1,79.0,1,gas,1979,0,0
50.14,1.906,7,0,0,0.8,0,online_retail,2189,0,0
27.66,1.503,4,1,0,11.9,0,gas,2271,0,0
179.68,5.47,15,0,0,11.5,1,dining,2810,1,0
25.64,0.903,12,0,0,1.7,0,grocery,3012,0,0
36.31,0.324,0,1,1,73.0,1,gambling,3117,0,0
55.99,1.243,1,1,1,49.6,0,online_retail,1578,1,0
59.93,1.038,9,0,1,13.6,1,gas,3415,0,0
57.92,1.77,2,1,1,54.9,1,grocery,1222,0,0
65.4,1.199,19,0,1,78.5,9,dining,132,0,0
59.69,1.449,13,0,0,10.6,1,cash_advance,511,0,0
77.09,2.747,20,0,0,12.3,1,gas,1672,0,0
54.36,1.472,6,0,1,11.6,0,dining,1957,0,0
133.69,3.198,22,0,0,22.7,0,dining,1692,2,0
31.6,0.757,10,0,0,3.8,0,online_retail,1574,0,0
66.05,1.829,16,0,1,28.7,2,gambling,2562,0,0
45.83,1.029,8,0,1,48.8,0,dining,438,0,0
28.88,1.579,21,0,1,28.9,1,online_retail,863,1,0
24.77,1.248,12,0,0,13.4,1,online_retail,1413,0,0
15.29,0.586,21,0,1,20.8,2,online_retail,3349,0,0
99.68,2.85,9,0,1,86.2,2,travel,2942,0,0
46.43,0.964,9,0,1,20.8,1,online_retail,1922,0,0
135.5,4.645,3,1,1,122.8,2,gambling,2759,0,0
22.16,1.067,19,0,1,22.7,1,gambling,404,0,0
335.22,12.536,1,1,0,2.3,0,dining,889,0,1
23.15,0.609,8,0,1,54.3,0,travel,2707,0,0
25.89,0.452,5,1,0,8.2,1,cash_advance,1615,0,0
32.53,1.209,7,0,1,40.8,2,grocery,1547,0,0
55.15,0.889,23,1,0,5.7,0,cash_advance,1636,0,0
8.31,0.372,21,0,1,30.6,0,online_retail,2352,1,0
151.82,5.982,18,0,0,10.8,1,dining,2739,0,0
15.42,0.402,8,0,0,25.1,1,grocery,3061,1,0
45.05,1.806,0,1,0,1.4,0,dining,2333,0,0
7.63,0.207,11,0,1,129.4,1,grocery,3301,0,0
57.4,1.721,13,0,1,67.2,2,grocery,773,0,0
22.5,0.512,4,1,0,19.3,0,gas,896,1,0
29.54,1.244,9,0,1,20.5,0,gas,2920,0,0
69.98,2.081,17,0,1,68.7,1,cash_advance,2355,0,0
4.25,0.129,8,0,1,83.1,0,gas,2800,1,0
36.36,1.661,3,1,1,25.9,0,online_retail,1272,0,0
31.16,0.908,17,0,0,23.8,0,online_retail,2794,1,0
146.1,4.357,6,0,0,10.8,0,gambling,2200,0,0
19.06,0.332,2,1,1,49.6,1,dining,457,0,0
357.04,5.572,17,0,0,23.4,3,travel,722,0,1
18.36,0.569,11,0,1,66.6,0,gas,1665,0,0
43.2,0.475,9,0,0,28.4,1,dining,3052,0,0
8.88,0.241,13,0,1,31.0,0,dining,907,0,0
8.21,0.322,5,1,1,27.9,2,online_retail,383,0,0
41.38,0.647,6,0,1,20.7,3,online_retail,3204,0,0
58.22,0.79,7,0,1,39.9,0,gambling,1960,0,0
13.51,0.428,20,0,0,6.9,1,cash_advance,120,0,0
9.82,0.471,13,0,0,9.9,0,dining,2451,0,0
140.29,5.766,21,0,0,32.3,1,grocery,457,0,0
12.89,0.244,19,0,1,64.0,0,online_retail,1262,0,0
33.98,0.644,10,0,0,0.5,1,dining,727,0,0
90.19,4.181,19,0,1,64.4,0,electronics,3155,0,0
17.98,0.737,12,0,1,44.4,2,gas,3035,0,0
11.79,0.395,18,0,1,127.3,0,gas,1962,0,0
78.81,2.039,19,0,1,7.5,1,cash_advance,2574,1,0
8.44,0.169,23,1,0,2.6,2,online_retail,2434,0,0
86.67,2.261,6,0,0,14.0,0,gambling,1329,0,0
20.36,0.553,13,0,1,13.7,0,grocery,2118,0,0
66.63,3.245,2,1,0,16.6,1,electronics,2208,0,0
16.75,0.493,19,0,1,111.4,0,gas,2487,1,0
17.48,0.632,3,1,1,49.8,1,electronics,2268,1,0
28.08,0.287,13,0,1,77.1,0,gambling,1411,0,0
14.88,0.35,9,0,1,36.6,0,online_retail,1038,0,0
17.91,0.407,12,0,0,6.2,0,grocery,730,0,0
15.92,0.636,2,1,1,24.1,0,grocery,2456,0,0
25.36,1.153,7,0,0,14.4,0,grocery,1498,0,0
25.49,1.136,22,0,1,42.5,0,dining,2576,0,0
10.41,0.36,17,0,1,53.8,0,online_retail,1871,0,0
24.87,1.145,17,0,1,42.5,0,gambling,1720,0,0
12.53,0.495,13,0,0,10.5,1,dining,314,0,0
104.94,4.301,17,0,0,8.8,1,electronics,283,0,0
11.4,0.409,8,0,1,38.5,6,grocery,2691,0,0
81.83,1.768,16,0,1,47.6,1,online_retail,858,0,0
31.82,1.46,17,0,1,28.2,1,travel,3514,0,0
24.12,0.605,8,0,1,56.2,0,dining,2127,0,0
19.36,0.845,12,0,1,89.4,1,dining,1803,1,0
7.14,0.155,2,1,0,9.8,1,grocery,1376,0,0
22.43,0.522,6,0,1,8.1,0,gas,3022,0,0
83.48,2.253,3,1,1,97.9,0,gambling,1131,0,0
39.23,2.102,1,1,0,31.9,2,online_retail,3175,0,0
37.18,1.047,7,0,0,9.8,1,grocery,2409,0,0
41.41,1.195,7,0,1,133.3,1,dining,2361,1,0
25.47,0.823,15,0,1,56.4,0,travel,1357,0,0
62.66,2.694,14,0,1,46.3,2,travel,1258,0,0
91.32,1.879,19,0,1,103.9,1,online_retail,2716,0,0
39.49,1.447,23,1,1,93.2,0,online_retail,384,0,0
14.64,0.74,0,1,0,0.3,1,grocery,619,0,0
39.82,0.744,22,0,1,43.3,0,electronics,3123,0,0
57.6,2.499,10,0,1,47.8,0,online_retail,1444,0,0
24.87,0.979,18,0,1,27.4,1,travel,1261,0,0
50.59,1.356,9,0,0,21.9,3,gas,1207,1,0
9.98,0.266,3,1,0,4.5,1,grocery,1058,0,0
46.84,1.378,12,0,1,89.8,2,travel,587,0,0
21.94,0.606,4,1,1,38.5,9,travel,173,0,0
24.47,0.593,8,0,0,3.8,0,gas,2985,0,0
26.55,1.187,1,1,0,5.9,0,online_retail,3564,0,0
8.12,0.406,0,1,0,6.6,0,dining,1378,1,0
6.78,0.189,11,0,1,28.4,1,online_retail,592,0,0
11.1,0.618,21,0,0,22.6,1,dining,2533,0,0
11.65,0.283,7,0,0,18.4,0,online_retail,536,1,0
81.22,1.569,5,1,1,68.7,1,online_retail,2472,0,0
31.3,0.669,20,0,1,20.8,1,grocery,3430,0,0
73.69,2.018,0,1,1,23.9,1,online_retail,1499,2,0
6.25,0.418,7,0,0,19.5,1,online_retail,1902,0,0
27.7,0.595,19,0,0,21.2,5,dining,201,0,0
19.51,1.195,11,0,0,9.8,0,electronics,3239,0,0
75.17,2.697,5,1,0,6.3,0,online_retail,1622,1,0
42.54,0.873,9,0,0,10.0,1,online_retail,3009,1,0
88.3,2.605,8,0,0,11.1,1,grocery,2006,0,0
19.95,0.679,23,1,1,23.9,0,online_retail,1899,0,0
19.7,0.441,15,0,0,12.4,0,travel,3186,0,0
12.17,0.338,12,0,0,19.8,1,gambling,3480,1,0
468.87,17.232,19,0,0,0.2,4,online_retail,1481,0,1
2.3,0.061,11,0,1,17.2,1,travel,2346,0,0
304.58,8.009,14,0,1,76.6,1,gambling,3306,0,1
30.9,0.947,15,0,0,9.1,1,dining,1201,1,0
39.81,0.787,8,0,0,6.7,0,online_retail,1877,1,0
66.99,1.56,15,0,0,0.3,3,gas,2637,0,0
60.12,0.878,10,0,1,13.6,1,online_retail,3294,1,0
66.19,3.422,10,0,0,2.8,2,gas,1712,0,0
25.68,0.563,18,0,0,10.9,1,online_retail,2892,0,0
67.58,1.834,8,0,0,9.2,0,gas,1836,0,0
46.23,1.517,20,0,0,28.5,0,grocery,339,0,0
102.82,4.811,9,0,1,68.2,0,grocery,2127,0,0
95.65,4.948,14,0,0,13.6,0,travel,102,0,0
14.03,1.105,12,0,0,13.0,0,gas,1503,0,0
38.12,1.687,21,0,1,39.0,0,gambling,463,0,0
5.65,0.197,2,1,0,13.0,0,dining,1310,0,0
6.89,0.296,3,1,1,83.3,0,dining,1174,0,0
128.7,2.683,3,1,1,34.4,0,cash_advance,1773,0,0
26.32,1.176,17,0,1,28.6,0,online_retail,1354,1,0
18.89,0.785,5,1,1,57.7,0,cash_advance,2498,0,0
50.87,1.652,21,0,1,98.5,2,electronics,225,0,0
29.84,0.399,16,0,1,84.0,0,dining,1500,0,0
12.24,0.391,19,0,1,36.6,0,dining,3493,1,0
16.78,0.345,17,0,1,103.6,0,dining,785,2,0
72.13,2.433,5,1,1,66.7,0,grocery,1148,0,0
46.7,1.15,4,1,0,2.6,1,online_retail,3322,0,0
55.01,0.935,0,1,0,9.1,0,dining,579,0,0
4.16,0.096,2,1,1,50.4,0,dining,2892,0,0
28.8,0.625,10,0,1,51.1,0,dining,2804,0,0
39.39,2.11,19,0,0,11.3,0,dining,144,0,0
31.23,0.367,5,1,1,15.7,5,online_retail,2195,0,0
21.25,0.506,0,1,1,33.8,0,gas,2091,1,0
36.04,0.744,21,0,1,53.6,1,dining,1752,0,0
99.5,5.692,8,0,0,3.1,0,online_retail,1552,0,0
15.68,0.423,6,0,0,1.7,0,gas,2175,0,0
159.04,6.339,2,1,1,27.3,0,online_retail,2557,0,1
63.46,0.757,20,0,0,16.2,0,travel,1626,1,0
21.4,0.3,21,0,1,17.9,8,dining,885,0,0
51.77,1.698,17,0,0,3.0,0,online_retail,3442,0,0
146.79,7.978,11,0,0,2.6,0,cash_advance,2961,0,0
71.76,3.113,17,0,1,48.5,0,grocery,826,0,0
7.45,0.398,20,0,0,12.2,0,gambling,1021,1,0
8.86,0.322,18,0,1,36.9,1,travel,1749,0,0
156.33,5.788,13,0,1,126.9,3,grocery,2656,0,1
81.66,0.966,0,1,1,44.7,0,electronics,2369,0,0
11.87,0.127,17,0,1,30.4,1,online_retail,1498,0,0
24.25,1.745,14,0,1,63.4,0,dining,1654,0,0
248.11,7.503,14,0,1,20.6,1,gas,1574,0,0
41.7,2.204,11,0,1,21.5,1,gambling,954,0,0
16.13,0.41,6,0,1,23.4,0,gas,3572,0,0
12.1,0.508,13,0,0,14.5,0,online_retail,462,0,0
54.54,1.232,6,0,0,24.4,0,online_retail,1391,0,0
150.6,4.51,17,0,1,23.9,0,electronics,399,0,0
8.09,0.324,15,0,0,13.7,0,grocery,2875,0,0
30.56,1.116,15,0,0,22.3,1,grocery,2637,0,0
207.59,4.923,9,0,0,1.5,1,dining,1144,0,0
21.05,1.161,3,1,1,28.6,1,grocery,1367,0,0
15.41,0.416,6,0,0,9.9,1,cash_advance,1950,1,0
80.67,2.278,3,1,0,13.9,1,online_retail,1928,0,0
14.68,0.244,6,0,1,22.5,1,travel,1568,1,0
75.14,1.532,22,0,0,12.1,0,travel,576,0,0
51.39,2.729,11,0,1,77.6,1,travel,3463,0,0
17.47,0.557,6,0,1,68.2,5,online_retail,1731,0,0
27.39,0.762,3,1,1,80.3,2,gas,1584,1,1
95.24,1.979,18,0,0,8.6,1,dining,3235,0,0
38.54,1.418,15,0,0,11.4,0,online_retail,2930,0,0
43.31,0.856,8,0,1,75.1,1,online_retail,1689,1,0
12.31,0.398,5,1,0,0.0,0,dining,1121,0,0
33.73,1.563,10,0,0,8.4,0,online_retail,2667,0,0
82.81,2.759,23,1,1,23.9,0,electronics,3566,0,0
8.49,0.351,18,0,1,69.4,2,cash_advance,993,0,0
76.99,3.535,2,1,0,5.9,0,gas,1253,0,0
16.76,0.561,9,0,1,48.0,3,gas,1425,0,0
41.65,1.293,0,1,1,61.1,1,travel,2116,0,0
50.44,2.293,0,1,0,1.4,0,gas,3286,0,0
59.49,1.18,12,0,1,105.8,0,travel,2341,0,0
8.79,0.303,1,1,0,21.6,1,dining,2294,0,0
36.44,1.174,7,0,1,16.2,0,online_retail,3399,1,0
47.27,1.235,12,0,1,70.6,1,dining,2720,0,0
30.26,1.846,0,1,0,5.1,0,dining,3164,0,0
36.16,1.824,8,0,0,21.8,2,grocery,2624,0,0
17.06,0.565,3,1,0,12.6,1,grocery,2402,0,0
212.44,7.748,17,0,1,18.1,2,online_retail,1129,0,1
13.02,0.552,23,1,0,11.5,1,gas,2214,0,0
20.12,0.568,1,1,1,46.4,0,dining,2342,0,0
6.77,0.297,8,0,0,13.9,0,cash_advance,222,0,0
58.07,3.678,14,0,0,13.2,0,online_retail,1873,0,0
61.61,2.77,4,1,0,16.2,1,dining,3115,0,0
106.18,5.013,1,1,0,7.4,1,dining,879,2,0
89.98,2.592,22,0,1,32.4,1,grocery,1686,0,0
7.61,0.16,2,1,1,28.4,0,dining,747,0,0
4.95,0.36,18,0,1,39.4,0,electronics,3218,0,0
13.43,0.682,10,0,1,104.2,0,travel,2528,0,0
71.49,1.338,21,0,1,38.5,0,travel,3252,0,0
94.09,2.383,9,0,1,65.6,4,grocery,3544,0,0
15.16,0.465,23,1,1,47.6,2,dining,1569,0,0
240.12,8.94,10,0,1,6.1,0,gambling,779,0,1
10.04,0.306,23,1,0,8.9,1,grocery,1980,0,0
2.48,0.085,16,0,1,54.0,0,cash_advance,678,0,0
56.68,1.558,13,0,0,14.6,0,grocery,355,0,0
16.89,0.351,15,0,1,84.6,1,cash_advance,3306,0,0
18.22,0.488,5,1,1,67.2,0,dining,2892,0,0
56.71,1.707,23,1,0,27.7,0,gas,3329,0,0
8.63,0.142,16,0,1,75.9,2,dining,1575,0,0
57.38,1.194,2,1,1,88.4,0,dining,378,0,0
52.59,1.303,2,1,0,22.4,0,dining,1852,0,0
14.95,0.347,12,0,1,56.4,0,grocery,1878,0,0
16.86,0.323,5,1,1,33.2,0,grocery,423,0,0
30.45,1.161,14,0,0,12.0,0,gas,585,0,0
13.02,0.458,4,1,0,12.9,0,grocery,1509,0,0
45.39,1.403,14,0,0,14.2,0,grocery,350,0,0
54.13,1.37,15,0,0,7.9,0,gambling,1156,0,0
77.12,4.335,12,0,1,28.9,9,gas,2915,0,1
17.37,0.788,22,0,1,53.0,0,grocery,1136,0,0
11.39,1.011,16,0,0,1.6,0,electronics,2474,0,0
80.93,2.235,0,1,0,15.5,0,travel,3074,0,0
12.91,0.185,11,0,0,19.5,0,dining,3043,0,0
57.07,2.301,6,0,1,15.9,1,travel,3451,0,0
33.4,0.757,9,0,1,54.6,0,grocery,3332,0,0
15.28,0.469,5,1,1,50.0,0,online_retail,46,0,0
17.54,0.806,1,1,0,12.9,0,travel,2411,1,0
33.75,0.806,1,1,1,107.2,6,gambling,2771,0,0
27.29,0.811,18,0,0,9.0,0,travel,3359,0,0
27.42,0.822,12,0,0,3.6,5,grocery,996,0,0
65.91,1.457,14,0,1,46.3,0,grocery,1417,0,0
12.33,0.525,15,0,1,70.1,0,travel,530,0,0
7.06,0.28,18,0,1,66.6,0,grocery,903,0,0
98.56,4.636,2,1,0,1.1,1,cash_advance,2497,0,1
134.37,4.395,8,0,1,87.7,0,grocery,2064,0,0
47.54,1.328,19,0,0,39.3,0,gas,2370,0,0
37.12,0.615,14,0,0,3.8,0,electronics,2895,0,0
32.5,0.491,20,0,0,41.3,0,grocery,2102,0,0
77.82,2.677,17,0,0,23.6,2,grocery,651,0,0
106.98,1.859,10,0,0,12.2,4,online_retail,709,0,0
275.41,5.038,21,0,1,22.3,2,gambling,942,0,0
23.19,0.346,18,0,0,6.4,1,cash_advance,1662,0,0
7.92,0.27,19,0,1,46.9,0,grocery,1446,0,0
26.46,1.302,15,0,1,103.4,0,dining,3325,0,0
32.16,0.472,9,0,0,8.3,0,dining,607,1,0
315.13,20.384,20,0,0,7.1,0,electronics,3395,0,1
23.6,1.501,17,0,1,108.3,1,cash_advance,2108,0,0
97.16,2.997,12,0,0,4.0,1,gas,2665,0,0
14.58,0.668,20,0,0,18.3,2,dining,872,3,0
15.21,0.686,9,0,0,14.4,1,gas,2087,0,0
69.29,3.618,21,0,1,14.3,1,gas,1596,0,0
26.11,0.691,12,0,1,57.7,6,cash_advance,2261,0,0
20.33,0.963,7,0,0,5.6,0,electronics,508,0,0
17.55,0.575,1,1,1,12.6,1,online_retail,1072,0,0
73.7,2.114,17,0,1,10.4,0,online_retail,2718,0,0
20.9,1.183,17,0,0,2.3,1,cash_advance,456,0,0
117.43,3.193,3,1,0,1.0,0,online_retail,3217,0,0
117.76,2.208,9,0,1,76.8,1,gambling,1389,0,0
8.68,0.429,5,1,0,26.2,2,online_retail,2027,0,0
64.09,1.227,5,1,1,21.1,0,cash_advance,1223,0,0
75.4,1.62,6,0,1,61.2,1,electronics,1757,0,0
82.32,3.075,20,0,0,1.3,0,dining,2365,0,0
50.73,2.566,16,0,1,70.3,1,gambling,1341,0,0
35.64,1.688,20,0,0,9.6,0,electronics,3594,0,0
46.74,1.454,1,1,0,0.1,0,online_retail,459,0,0
15.54,0.781,19,0,0,6.7,0,electronics,3481,0,0
15.56,0.578,20,0,1,60.1,1,dining,601,0,0
8.85,0.271,13,0,0,4.1,1,online_retail,2006,0,0
14.42,0.132,16,0,0,0.1,0,grocery,181,0,0
112.68,2.139,8,0,0,0.8,0,grocery,818,1,0
57.29,1.963,3,1,1,30.9,1,electronics,662,0,0
21.77,0.722,18,0,0,17.7,0,dining,838,0,0
27.8,0.878,8,0,0,0.7,1,dining,2749,1,0
14.27,0.214,15,0,0,17.5,0,dining,1030,0,0
17.24,0.661,9,0,0,8.8,1,gambling,301,0,0
240.42,5.872,20,0,0,10.5,1,gambling,484,0,0
152.73,5.034,19,0,0,13.5,0,electronics,1509,0,0
101.6,2.511,2,1,0,8.1,1,grocery,232,0,0
37.86,1.735,4,1,0,13.6,0,online_retail,3015,0,0
66.82,1.224,23,1,0,18.8,1,cash_advance,79,0,0
75.54,1.289,20,0,1,50.9,2,online_retail,364,0,0
71.09,3.068,17,0,1,46.2,0,online_retail,650,0,0
7.0,0.195,5,1,1,76.1,0,grocery,938,0,0
29.62,0.614,22,0,1,104.6,0,travel,1753,1,0
22.36,0.373,1,1,1,59.8,2,grocery,2791,0,0
25.58,0.748,11,0,1,32.9,1,grocery,3439,0,0
37.59,1.805,6,0,0,46.7,0,gas,1919,0,0
15.06,0.753,22,0,1,58.0,0,grocery,2713,0,0
75.34,1.962,7,0,0,17.7,0,gambling,695,0,0
77.21,2.572,18,0,0,4.2,1,online_retail,2146,0,0
23.8,1.165,8,0,1,58.9,0,gas,682,0,0
22.83,0.695,15,0,1,67.1,0,online_retail,1518,0,0
44.29,0.846,4,1,1,34.4,0,gambling,3320,0,0
31.75,1.391,17,0,0,21.5,1,electronics,740,0,0
42.71,1.636,4,1,1,63.3,1,gas,2140,0,0
39.27,2.077,16,0,0,31.6,0,travel,1358,0,0
34.87,2.186,21,0,1,43.9,1,cash_advance,1653,0,0
33.55,1.953,16,0,0,11.8,1,online_retail,74,0,0
58.44,2.459,4,1,0,3.8,7,dining,3451,0,0
32.4,1.02,8,0,1,110.1,1,gas,1261,0,0
55.4,2.053,14,0,0,9.9,0,gas,1041,0,0
15.81,0.257,18,0,0,21.7,1,electronics,3317,0,0
149.46,4.555,10,0,1,52.7,0,grocery,2948,0,0
31.04,1.112,14,0,0,15.8,0,travel,977,1,0
62.27,2.917,0,1,1,24.2,0,travel,723,0,0
19.93,0.45,17,0,1,81.9,1,grocery,1870,0,0
112.74,3.323,3,1,1,57.6,0,grocery,2361,0,0
11.4,0.428,10,0,0,14.3,2,gas,2501,0,0
121.91,5.71,6,0,1,33.7,0,gas,2625,0,0
35.47,1.252,0,1,1,22.8,2,dining,2436,1,0
8.89,0.204,13,0,1,33.5,1,gas,224,0,0
118.58,4.048,20,0,0,7.5,3,gambling,2332,1,0
83.19,3.181,3,1,0,22.5,1,gas,3046,0,0
278.53,2.877,1,1,1,44.1,1,online_retail,1773,0,0
9.9,0.397,6,0,1,98.9,0,online_retail,2367,0,0
45.82,1.32,8,0,1,25.1,1,cash_advance,2215,0,0
360.52,7.81,3,1,0,16.4,2,travel,1289,0,1
40.11,1.567,12,0,0,6.0,0,grocery,2882,0,0
3.21,0.077,22,0,1,77.7,1,cash_advance,2549,0,0
9.2,0.215,2,1,1,62.1,0,travel,817,0,0
76.5,1.475,10,0,0,15.9,0,dining,392,0,0
110.49,2.865,12,0,1,23.7,2,travel,765,0,1
13.61,0.305,3,1,1,49.0,0,electronics,297,0,0
79.93,1.822,0,1,0,10.8,0,travel,1503,0,0
19.86,0.776,15,0,1,28.2,0,gas,3199,0,0
85.3,1.981,3,1,0,2.4,0,dining,1055,0,0
107.67,3.362,13,0,0,11.7,0,gas,2691,0,0
34.86,1.686,20,0,1,42.8,0,dining,2879,0,0
32.21,1.043,19,0,0,14.0,1,travel,1323,0,0
19.98,0.694,12,0,0,27.5,1,grocery,781,0,0
16.43,0.698,6,0,0,6.3,8,cash_advance,648,0,0
130.04,3.104,23,1,1,2.9,1,gas,2590,0,0
39.97,2.247,10,0,1,131.4,4,grocery,54,0,0
11.27,0.272,17,0,1,55.0,1,travel,1840,0,0
72.24,1.956,18,0,1,15.6,0,gambling,1357,0,0
10.46,0.219,6,0,1,44.4,1,gas,1098,1,0
290.58,7.916,6,0,1,16.7,0,electronics,315,0,0
51.48,2.012,1,1,1,39.3,2,electronics,740,0,0
16.71,0.817,20,0,1,21.0,1,gambling,3064,0,0
18.63,0.8,9,0,0,5.8,0,gambling,1832,0,0
105.31,1.956,23,1,0,39.6,1,online_retail,1929,0,0
20.18,0.71,8,0,1,135.7,2,cash_advance,1355,0,0
79.46,3.406,19,0,0,2.7,0,gambling,2219,1,0
24.35,0.458,14,0,0,10.1,0,cash_advance,1180,1,0
22.37,1.163,11,0,1,85.8,0,gas,2572,0,0
215.77,8.136,7,0,0,23.8,0,grocery,2931,0,0
54.58,1.418,22,0,1,58.9,0,cash_advance,1294,0,0
7.59,0.118,23,1,0,23.0,1,dining,123,0,0
12.29,0.297,20,0,0,6.0,0,online_retail,3240,0,0
50.13,3.469,22,0,0,3.5,0,grocery,1674,0,0
10.73,0.676,20,0,1,21.3,0,online_retail,368,1,0
25.63,0.522,5,1,0,2.2,0,online_retail,3223,0,0
6.74,0.225,9,0,1,89.2,0,gas,2149,0,0
85.15,1.474,13,0,1,124.7,1,travel,702,0,0
78.75,1.714,17,0,1,73.7,0,grocery,725,0,0
13.14,0.565,22,0,0,1.9,2,dining,2830,0,0
135.68,3.794,7,0,0,0.4,0,electronics,451,0,0
12.6,0.248,13,0,0,32.1,0,online_retail,1966,0,0
30.53,1.22,5,1,1,42.3,1,gambling,2273,0,0
76.46,1.955,6,0,1,72.4,0,gambling,119,0,0
127.5,2.899,4,1,1,26.3,0,travel,3216,0,1
3.53,0.087,12,0,1,54.9,0,grocery,162,0,0
11.86,0.524,12,0,1,47.2,1,online_retail,1278,0,0
56.8,0.923,8,0,0,36.6,1,grocery,828,0,0
10.13,0.14,15,0,1,62.7,0,grocery,1890,0,0
234.26,6.85,14,0,1,76.9,2,gas,511,0,1
69.93,1.622,12,0,1,90.3,0,electronics,328,0,1
5.95,0.279,19,0,0,24.5,0,online_retail,1074,0,0
35.83,0.954,11,0,1,45.0,1,cash_advance,1889,0,0
36.56,1.425,11,0,1,9.0,9,dining,156,0,0
8.77,0.272,16,0,1,50.3,1,dining,2620,1,0
15.77,0.33,17,0,1,31.6,0,gambling,1547,0,0
120.26,1.897,1,1,1,33.3,1,grocery,2086,0,0
39.06,0.796,19,0,0,2.7,1,online_retail,2585,0,0
21.31,0.518,8,0,0,1.5,1,cash_advance,2311,0,0
28.92,0.605,3,1,1,36.8,0,online_retail,1884,0,0
42.41,1.693,11,0,0,3.9,2,travel,2939,0,0
103.0,2.798,0,1,1,23.2,0,online_retail,1989,0,0
8.17,0.193,6,0,0,33.6,0,dining,2151,0,0
16.96,0.457,5,1,1,10.3,0,dining,391,0,0
26.35,1.308,23,1,1,152.4,1,gambling,1067,0,0
85.12,2.614,9,0,0,5.5,0,gas,1110,0,0
8.79,0.142,1,1,1,19.5,1,grocery,1220,0,0
66.73,1.862,4,1,1,53.7,0,online_retail,1727,0,0
79.45,1.825,16,0,0,7.4,1,online_retail,2941,0,0
9.53,0.241,17,0,1,18.8,0,dining,3595,0,0
15.62,0.177,15,0,1,69.7,0,online_retail,1714,1,0
28.05,0.264,18,0,1,29.4,1,online_retail,1754,0,0
17.04,0.371,21,0,0,21.4,1,dining,185,0,0
8.79,0.303,21,0,1,72.7,2,dining,2731,0,0
33.81,1.323,14,0,0,3.0,1,travel,2204,1,0
34.64,1.194,9,0,0,38.5,1,dining,1977,0,0
15.97,0.457,19,0,1,139.2,1,dining,1224,0,0
57.52,0.949,19,0,0,20.5,2,online_retail,1312,1,0
44.55,2.328,1,1,1,40.5,0,gas,2900,0,0
10.75,0.165,14,0,0,20.0,0,cash_advance,1382,0,0
35.75,1.637,8,0,1,110.6,0,cash_advance,819,0,0
129.49,3.069,5,1,1,11.1,0,online_retail,636,0,0
51.5,1.224,21,0,0,31.0,0,gas,3000,0,0
89.0,3.757,17,0,0,13.8,1,gambling,1277,0,0
145.58,5.743,13,0,0,1.8,1,cash_advance,1834,0,1
35.77,1.574,14,0,1,105.2,2,cash_advance,141,0,0
21.75,0.351,20,0,0,4.2,1,gambling,3121,0,0
94.86,6.718,9,0,1,82.8,0,dining,2005,0,0
202.41,6.353,14,0,1,16.5,0,grocery,361,0,1
10.53,0.269,15,0,0,21.2,1,gas,189,0,0
38.76,1.197,3,1,1,4.5,1,online_retail,2634,0,0
57.93,2.204,9,0,0,14.7,1,gas,1662,0,0
64.44,1.467,7,0,1,101.2,0,gas,920,1,0
18.85,0.589,1,1,1,78.1,0,gambling,782,0,0
44.0,1.059,14,0,0,19.0,5,electronics,343,0,0
20.77,1.496,17,0,1,14.7,0,gas,1853,0,0
141.87,4.596,1,1,1,9.8,1,grocery,2581,1,0
102.14,3.056,0,1,1,83.8,0,cash_advance,1138,0,1
48.67,1.656,8,0,0,12.6,0,gambling,2780,0,0
396.92,22.917,14,0,1,103.3,1,online_retail,350,0,1
112.1,2.493,20,0,1,60.8,2,grocery,2274,0,0
33.4,0.406,4,1,1,40.3,0,grocery,392,1,0
48.94,1.648,10,0,0,10.1,1,dining,2334,1,0
25.48,2.323,16,0,0,19.5,0,online_retail,530,0,0
28.41,1.045,2,1,1,77.6,0,online_retail,22,0,0
28.39,0.621,7,0,0,9.9,0,grocery,1282,0,0
31.84,1.098,8,0,1,59.0,2,online_retail,2643,0,0
68.91,2.326,22,0,1,27.7,1,electronics,1250,0,0
46.58,2.647,15,0,1,12.9,0,electronics,193,2,0
23.07,0.841,16,0,1,55.2,1,grocery,373,0,0
48.56,1.267,3,1,1,106.5,0,travel,3415,0,0
65.54,2.876,4,1,0,12.1,0,dining,2612,0,0
16.51,0.302,23,1,0,4.2,1,grocery,117,0,0
110.38,2.522,10,0,1,14.5,0,dining,2557,0,0
30.14,1.137,10,0,0,28.3,1,grocery,1347,1,0
57.13,1.561,1,1,1,57.8,1,cash_advance,878,0,0
14.9,0.572,7,0,1,38.0,0,cash_advance,1204,1,0
41.25,2.567,15,0,0,5.7,0,cash_advance,916,0,0
21.31,0.963,14,0,1,44.4,0,gas,1743,1,0
35.59,0.75,8,0,1,48.0,1,gambling,3288,0,0
20.74,0.569,10,0,0,14.8,0,dining,2090,0,0
76.45,4.76,3,1,1,15.7,0,dining,636,0,0
38.9,1.944,22,0,0,4.3,2,online_retail,1953,0,0
15.19,0.327,14,0,0,11.1,0,grocery,1705,1,0
6.14,0.151,18,0,0,4.5,1,cash_advance,3096,0,0
40.62,0.858,16,0,0,9.4,0,online_retail,2646,0,0
31.85,0.964,7,0,0,2.1,0,electronics,219,0,0
15.63,0.553,9,0,1,58.6,1,travel,896,0,0
49.07,4.065,9,0,0,13.4,0,grocery,2549,1,0
34.0,0.591,23,1,0,0.7,1,gas,877,1,0
25.76,0.575,1,1,0,21.4,0,gambling,77,0,0
7.74,0.248,14,0,1,30.6,2,electronics,211,0,0
18.03,1.158,15,0,1,8.3,0,gambling,3532,0,0
26.89,1.28,0,1,1,19.1,0,gambling,2402,0,0
141.78,3.29,23,1,1,12.1,0,dining,2447,0,0
47.37,2.562,9,0,1,13.1,0,electronics,2469,1,0
24.44,0.905,11,0,0,2.0,1,dining,2991,0,0
11.14,0.284,4,1,0,13.4,1,gas,555,0,0
32.03,1.502,8,0,1,44.2,1,cash_advance,1705,0,0
64.69,2.534,2,1,0,1.7,1,gas,2208,0,0
53.77,2.686,2,1,0,1.0,0,dining,3298,1,0
40.46,1.216,22,0,0,3.2,1,electronics,2007,0,0
12.97,0.674,12,0,0,11.1,0,grocery,3352,0,0
34.95,0.865,12,0,0,25.9,0,gas,114,0,0
23.25,0.821,19,0,1,81.7,0,grocery,2225,0,0
60.57,2.987,2,1,1,37.8,1,online_retail,392,0,0
322.03,8.682,18,0,0,13.9,2,online_retail,1466,0,1
76.05,2.099,0,1,0,12.0,0,grocery,1845,0,0
24.8,1.091,8,0,0,7.8,0,electronics,1761,0,0
55.16,2.213,3,1,1,39.8,1,gas,2832,0,1
63.44,1.573,14,0,1,59.9,0,dining,812,0,0
100.26,2.842,9,0,0,24.8,0,grocery,1635,0,0
47.38,1.181,17,0,0,6.2,8,cash_advance,2496,0,0
3.62,0.143,15,0,1,42.4,0,grocery,243,0,0
11.84,0.372,20,0,0,16.6,0,cash_advance,1779,1,0
79.73,2.426,2,1,0,13.1,0,gas,2058,0,0
220.51,9.792,20,0,1,62.2,1,gas,524,0,1
43.62,1.036,7,0,1,16.4,0,gas,1080,0,0
38.24,1.104,21,0,1,103.7,1,grocery,154,0,0
89.99,4.164,6,0,1,39.5,0,dining,1734,0,0
17.65,0.565,1,1,0,29.2,1,grocery,3137,0,0
14.09,0.48,16,0,1,29.6,0,gas,69,0,0
344.72,21.345,9,0,1,17.4,0,grocery,1122,0,1
6.46,0.223,8,0,1,38.9,0,cash_advance,698,0,1
33.43,1.004,5,1,1,139.9,0,online_retail,2765,1,0
63.09,1.737,0,1,0,7.7,2,cash_advance,631,1,0
8.28,0.213,15,0,1,74.9,1,electronics,2563,0,0
25.25,1.251,9,0,0,27.8,5,gambling,3182,0,0
4.02,0.074,22,0,0,19.9,2,online_retail,2042,0,0
23.56,1.179,13,0,0,0.5,0,gas,3325,0,0
75.0,2.398,7,0,1,27.2,0,online_retail,2130,0,0
22.11,0.396,5,1,0,6.5,1,electronics,2101,0,0
13.53,0.57,23,1,0,23.3,0,dining,1002,0,0
235.45,6.12,23,1,0,8.4,0,online_retail,3138,0,0
42.75,1.753,3,1,0,12.9,2,online_retail,2096,0,0
114.11,2.621,6,0,0,2.3,5,online_retail,2476,0,0
82.74,1.121,10,0,1,73.0,0,dining,2217,0,0
30.27,0.96,18,0,1,36.3,0,online_retail,2165,0,0
144.77,4.254,4,1,1,80.3,0,travel,1855,0,1
54.24,1.449,15,0,0,24.5,1,grocery,277,0,0
209.95,1.418,0,1,0,8.6,0,online_retail,3547,0,0
25.11,0.558,14,0,1,29.2,1,cash_advance,907,0,0
16.04,0.697,0,1,1,51.0,1,online_retail,2410,0,0
28.48,0.748,22,0,0,2.7,0,gambling,553,1,0
54.89,1.538,22,0,0,0.8,0,electronics,1577,0,0
23.75,0.718,17,0,0,20.5,1,gas,2269,0,0
20.43,0.713,18,0,0,0.5,7,online_retail,2942,0,0
13.6,0.362,5,1,1,35.7,2,grocery,1699,0,0
68.18,1.491,2,1,1,21.5,0,dining,1054,0,0
100.45,1.201,8,0,1,97.6,1,travel,3353,0,0
46.19,0.552,14,0,1,75.5,1,dining,2310,0,0
9.96,0.28,9,0,1,7.7,0,cash_advance,1439,1,0
102.89,2.627,3,1,0,22.6,0,grocery,3030,0,0
74.65,1.505,2,1,0,1.3,0,online_retail,578,0,0
166.32,7.495,2,1,0,3.4,1,gambling,1320,0,0
51.89,1.819,23,1,0,29.0,0,online_retail,2180,0,0
25.02,0.764,22,0,1,63.5,1,gas,2475,0,1
21.38,0.679,23,1,1,73.4,0,grocery,314,0,0
4.08,0.193,18,0,1,20.3,1,travel,1405,0,0
29.87,0.94,17,0,1,114.0,0,travel,1281,1,0
49.21,1.742,20,0,1,34.6,2,online_retail,3318,0,0
47.67,1.623,18,0,0,4.1,1,electronics,829,0,0
95.61,3.507,12,0,1,22.8,0,cash_advance,1282,0,0
69.38,2.171,9,0,1,39.3,1,gas,1613,0,0
39.65,2.103,1,1,1,86.1,1,travel,3550,0,0
92.13,4.167,19,0,0,4.9,0,online_retail,1767,1,0
43.35,2.029,5,1,1,49.2,0,gas,1969,0,0
55.92,1.421,12,0,0,3.4,1,cash_advance,2542,0,0
159.99,6.493,1,1,0,2.1,1,online_retail,3094,1,1
18.34,0.434,17,0,0,7.4,1,grocery,2872,0,0
7.17,0.221,19,0,1,28.5,2,grocery,3359,0,0
19.08,0.976,6,0,0,1.3,0,dining,744,0,0
21.42,0.285,13,0,0,16.7,1,gas,2374,0,0
25.91,0.975,9,0,0,3.4,1,online_retail,2176,0,0
33.03,1.024,6,0,1,31.3,0,cash_advance,2554,0,0
56.64,1.927,21,0,1,62.8,5,online_retail,2888,0,0
25.1,0.591,5,1,1,41.5,1,gas,759,0,0
8.87,0.317,15,0,1,31.8,1,gas,1961,0,0
11.93,0.375,13,0,0,22.4,0,dining,1904,0,0
24.15,1.348,18,0,1,44.8,1,gas,493,0,1
20.11,0.892,5,1,0,4.4,0,online_retail,128,0,0
17.06,0.322,10,0,0,16.5,1,electronics,679,0,0
36.53,0.497,5,1,0,35.1,2,dining,2819,0,0
27.09,0.841,10,0,0,3.7,0,electronics,2950,1,0
40.94,0.895,14,0,0,2.4,0,dining,2894,1,0
7.33,0.373,14,0,1,80.5,0,cash_advance,1780,0,0
39.39,0.889,6,0,1,47.1,0,dining,793,0,0
22.9,0.771,1,1,1,20.2,1,grocery,3436,0,0
108.23,1.651,1,1,1,70.8,1,gas,2317,0,0
26.83,1.113,14,0,1,23.1,0,dining,3027,0,0
56.16,1.468,16,0,1,13.6,0,gas,3113,1,0
43.47,1.089,14,0,0,5.4,0,grocery,114,0,0
103.61,2.324,15,0,1,42.0,0,grocery,136,0,0
259.77,11.344,0,1,0,16.8,1,gambling,1819,0,1
22.82,0.653,22,0,1,25.2,1,online_retail,3411,1,0
22.03,0.856,18,0,1,80.6,1,online_retail,560,0,0
11.59,0.456,16,0,1,95.6,2,dining,989,0,0
83.85,2.913,13,0,0,27.4,0,dining,1909,0,0
87.49,3.592,5,1,1,39.9,0,cash_advance,2163,0,1
41.38,0.446,19,0,1,43.6,0,dining,1200,1,0
45.7,1.211,23,1,0,2.9,0,gas,1254,0,0
7.9,0.285,19,0,1,11.7,2,dining,72,0,0
44.27,1.936,8,0,1,11.9,0,online_retail,76,0,0
12.53,0.367,7,0,0,8.4,1,online_retail,1750,0,0
15.55,0.42,4,1,1,56.9,4,gas,1939,0,0
55.01,0.807,3,1,0,21.5,0,electronics,1785,0,0
14.67,0.444,19,0,1,27.0,0,gas,3392,0,0
28.38,0.652,17,0,1,28.4,0,gas,2304,0,0
21.66,0.597,13,0,1,106.8,8,grocery,705,0,0
6.7,0.289,19,0,0,13.3,3,grocery,37,0,0
101.96,4.28,5,1,0,3.2,0,grocery,2385,0,0
26.28,0.62,10,0,1,86.2,1,gas,2771,0,0
17.43,0.322,6,0,1,43.7,0,online_retail,1721,0,0
82.64,4.513,2,1,1,79.8,0,online_retail,2801,0,0
56.88,1.229,10,0,1,44.4,0,grocery,2795,0,0
15.93,0.758,11,0,0,9.2,1,cash_advance,3018,0,0
19.12,0.475,15,0,0,2.7,0,gas,895,0,0
64.43,2.501,15,0,1,34.9,2,gambling,2990,0,0
20.17,0.811,16,0,0,0.2,0,gas,2045,0,0
10.68,0.2,2,1,1,8.8,0,cash_advance,348,0,0
40.53,1.595,21,0,1,91.1,0,dining,3165,0,0
46.53,1.048,15,0,0,25.6,0,grocery,2209,0,0
68.19,2.451,5,1,1,41.0,0,travel,2729,0,0
53.15,0.875,2,1,1,95.8,0,online_retail,1221,0,0
34.32,1.072,2,1,1,61.7,1,cash_advance,840,0,0
89.87,3.066,19,0,0,11.5,0,gambling,2965,0,0
13.62,0.56,18,0,1,96.9,3,online_retail,2061,0,0
6.64,0.102,9,0,0,4.7,1,travel,721,0,0
32.93,1.24,16,0,0,13.3,2,grocery,2782,0,0
23.94,0.454,7,0,0,9.6,0,cash_advance,2774,0,0
9.9,0.429,21,0,1,51.0,2,cash_advance,1370,0,0
116.8,4.45,16,0,0,8.1,0,online_retail,2685,0,0
32.34,0.838,2,1,1,54.1,1,online_retail,895,0,0
10.35,0.351,1,1,1,28.4,1,cash_advance,3277,0,0
29.58,0.859,21,0,1,9.6,0,grocery,2321,0,0
10.75,0.209,7,0,1,73.7,0,dining,2494,0,0
16.05,0.973,11,0,1,62.1,2,online_retail,3201,0,0
21.93,0.766,0,1,1,29.6,0,cash_advance,3486,0,0
48.53,1.105,5,1,1,7.1,0,electronics,100,0,0
111.12,4.941,4,1,1,133.8,1,cash_advance,1849,0,1
89.83,4.698,6,0,0,0.8,0,gas,1302,0,0
25.36,0.408,16,0,1,86.4,0,online_retail,1547,0,0
15.52,1.278,18,0,1,86.6,1,dining,2325,0,0
22.09,0.217,8,0,1,50.3,0,travel,2842,0,0
22.35,1.018,22,0,1,39.8,0,dining,3306,0,0
89.52,6.473,21,0,1,36.9,1,gambling,2312,0,1
22.5,0.886,14,0,1,8.1,0,grocery,3159,0,0
47.94,1.344,23,1,0,15.4,1,dining,2326,0,0
15.82,0.4,16,0,1,9.0,8,gas,1728,0,0
47.53,1.198,1,1,1,72.2,1,online_retail,494,0,0
39.26,1.894,15,0,1,42.9,0,dining,2844,0,0
173.79,3.847,13,0,0,14.1,0,electronics,1916,0,0
23.35,0.296,11,0,0,11.4,2,electronics,1684,0,0
15.63,0.481,2,1,1,67.3,0,gas,656,0,0
33.81,0.573,2,1,0,9.0,1,dining,176,1,0
13.26,0.507,0,1,1,120.0,1,grocery,1354,0,0
90.14,3.151,14,0,1,39.3,0,grocery,639,1,0
77.52,1.453,18,0,1,129.5,1,electronics,3412,0,0
39.69,2.342,7,0,1,100.8,0,electronics,3395,0,0
14.71,0.202,5,1,1,122.4,2,gas,1905,0,0
36.3,1.891,17,0,0,14.3,0,electronics,191,0,0
17.92,0.573,0,1,1,98.2,0,grocery,528,0,0
125.92,5.065,23,1,0,10.5,8,grocery,957,0,0
73.8,1.387,20,0,0,30.0,1,grocery,2912,0,0
148.38,5.648,3,1,0,6.4,0,online_retail,414,0,1
77.26,1.413,19,0,1,32.6,0,online_retail,294,0,0
19.01,0.865,22,0,0,3.0,1,cash_advance,2929,0,0
229.5,8.019,9,0,1,117.0,0,electronics,1717,0,0
26.52,1.282,8,0,0,8.2,0,gambling,1157,0,0
87.55,2.451,15,0,1,26.0,0,online_retail,2404,0,0
92.17,2.121,16,0,1,38.8,0,grocery,3495,0,0
39.66,1.909,10,0,1,39.7,0,gas,3490,0,0
6.64,0.245,14,0,0,13.0,0,gambling,216,0,0
26.01,0.64,3,1,0,29.3,0,cash_advance,2709,0,0
239.69,4.942,6,0,1,111.5,0,online_retail,98,0,0
113.81,4.072,10,0,0,16.1,0,grocery,2033,0,0
16.96,1.083,16,0,1,18.4,0,dining,1251,0,0
17.5,0.515,14,0,0,22.7,1,online_retail,530,0,0
38.34,2.18,7,0,0,4.4,0,travel,663,0,0
139.84,6.694,13,0,0,1.0,0,online_retail,1736,0,0
101.55,3.6,1,1,0,13.2,0,electronics,1742,0,0
80.62,4.151,4,1,1,91.3,1,grocery,1229,0,0
57.92,0.444,0,1,0,23.9,0,online_retail,3358,0,0
19.28,0.283,16,0,1,16.9,0,electronics,199,0,0
16.1,0.339,18,0,0,3.2,2,dining,2893,0,0
88.94,4.503,9,0,0,5.3,2,online_retail,1060,0,0
28.49,1.939,6,0,1,57.6,2,travel,2298,0,0
18.98,0.566,4,1,1,88.6,0,online_retail,476,1,0
7.31,0.094,21,0,0,33.1,0,gas,2441,1,0
47.74,2.107,14,0,1,106.4,0,gambling,1728,0,0
20.68,0.261,4,1,0,8.9,0,gas,637,0,0
28.11,1.279,23,1,0,8.2,1,grocery,3399,0,0
41.13,1.522,15,0,0,20.1,0,cash_advance,3326,0,0
9.32,0.182,21,0,1,32.6,0,online_retail,695,0,0
58.55,2.577,5,1,1,29.5,0,online_retail,1046,0,0
18.73,0.544,12,0,1,29.8,1,gambling,3438,1,0
48.32,1.832,21,0,1,72.7,0,online_retail,88,0,0
49.64,1.307,23,1,0,6.5,0,online_retail,2592,0,0
8.27,0.323,12,0,0,10.2,0,gas,2872,0,0
27.79,0.866,21,0,0,12.5,1,travel,447,0,0
56.76,2.14,23,1,0,3.1,1,online_retail,1460,0,0
51.71,1.905,14,0,0,1.4,0,online_retail,1269,0,0
24.95,0.668,15,0,0,1.9,0,dining,3203,2,0
30.0,1.721,2,1,1,29.3,1,gas,1916,0,0
27.81,0.797,20,0,1,58.0,1,travel,1271,1,0
19.51,0.491,1,1,0,11.3,0,online_retail,2644,0,0
26.19,0.904,13,0,1,27.5,0,gas,91,1,0
14.53,0.323,11,0,0,2.1,1,gas,2350,0,0
20.23,0.36,9,0,1,47.2,0,online_retail,3164,0,0
15.24,0.81,16,0,1,7.2,1,gas,406,0,0
36.89,2.142,5,1,0,4.4,1,cash_advance,1506,0,0
52.35,1.226,23,1,0,3.3,0,gambling,133,0,0
117.2,3.399,13,0,0,0.6,0,online_retail,2012,0,0
97.96,4.063,22,0,1,3.7,1,dining,1621,0,0
21.89,0.356,11,0,0,16.3,0,dining,3382,0,0
19.93,0.279,18,0,0,6.6,0,grocery,3106,1,0
31.21,1.109,1,1,0,4.7,1,grocery,546,0,0
10.96,0.415,1,1,0,12.1,0,online_retail,2225,0,0
78.81,1.972,11,0,1,12.5,2,grocery,469,0,0
4.66,0.14,14,0,0,8.3,6,gas,1335,0,0
32.45,1.801,11,0,0,3.0,1,gambling,2110,0,0
14.2,0.556,14,0,0,8.4,1,dining,3291,0,0
43.7,1.49,8,0,0,18.8,0,gambling,3175,0,0
29.38,1.613,15,0,1,37.1,0,online_retail,1441,0,0
5.89,0.178,19,0,0,26.8,2,electronics,2177,0,0
72.46,2.395,15,0,0,0.3,1,online_retail,1120,0,0
29.97,0.616,14,0,1,53.4,3,dining,1660,1,0
42.32,0.885,5,1,0,20.3,1,travel,617,0,0
54.91,2.339,10,0,0,9.5,0,cash_advance,772,0,0
32.53,0.375,13,0,0,17.1,1,dining,2757,1,0
34.41,1.816,15,0,1,70.5,1,dining,951,1,0
31.8,0.947,4,1,0,13.2,1,electronics,996,0,0
19.53,0.391,23,1,0,13.5,1,online_retail,1704,0,0
52.58,2.504,15,0,1,77.5,0,electronics,1029,0,0
28.24,0.787,19,0,1,16.4,4,gambling,1046,0,0
24.33,0.809,11,0,0,0.9,0,gas,541,1,0
12.25,0.34,2,1,0,6.4,2,grocery,3347,0,0
19.91,1.401,14,0,0,4.9,0,gambling,3302,0,0
13.12,0.837,20,0,1,100.3,0,grocery,1651,0,0
12.54,0.371,12,0,1,121.7,8,electronics,529,1,0
23.24,0.677,6,0,0,8.6,0,grocery,341,0,0
13.8,0.385,14,0,0,3.6,1,grocery,3256,0,0
45.77,1.028,4,1,1,129.4,1,dining,1259,0,0
13.09,0.677,5,1,0,6.1,0,travel,903,0,0
18.81,0.382,20,0,1,24.0,0,cash_advance,699,0,0
14.32,0.518,12,0,1,98.1,2,online_retail,2925,0,0
16.84,0.688,4,1,0,15.4,0,dining,953,0,0
57.76,1.732,7,0,0,11.2,0,grocery,1144,0,0
60.73,1.622,11,0,1,21.9,0,grocery,2093,0,0
20.28,1.159,13,0,1,89.8,1,gas,313,0,0
63.03,1.556,7,0,0,7.8,0,gas,547,0,0
26.44,0.403,20,0,1,24.4,0,online_retail,3349,0,0
363.63,12.227,18,0,1,124.8,1,online_retail,1784,0,1
59.95,1.819,4,1,0,20.1,0,electronics,2012,0,0
73.09,2.202,2,1,0,36.3,3,cash_advance,1836,0,0
47.23,1.043,5,1,1,33.2,0,grocery,2742,0,0
61.58,1.546,2,1,1,38.5,1,online_retail,2358,1,0
88.35,3.889,9,0,0,10.3,0,dining,2219,1,0
4.43,0.142,16,0,1,17.4,1,grocery,1333,0,0
5.71,0.369,12,0,0,20.1,0,dining,2368,0,0
93.35,2.033,14,0,0,31.3,1,online_retail,3125,0,0
11.87,0.214,20,0,0,2.5,1,gas,2757,0,0
78.33,1.62,21,0,0,23.6,0,gambling,459,0,0
342.94,9.068,23,1,1,75.8,1,dining,734,1,1
13.26,0.322,19,0,1,55.2,0,gas,1421,0,0
12.24,0.369,5,1,0,43.6,0,gambling,3491,0,0
5.22,0.173,17,0,0,6.6,0,grocery,2331,0,0
28.96,1.016,23,1,0,10.1,0,dining,3289,0,0
27.63,0.336,20,0,1,93.4,1,grocery,635,0,0
60.09,4.594,23,1,1,65.4,0,gas,1690,0,0
118.34,2.209,5,1,0,17.4,2,online_retail,1560,0,0
118.13,2.997,17,0,0,13.7,0,electronics,1312,0,0
57.48,1.008,11,0,1,49.5,1,travel,2283,0,0
216.7,4.643,10,0,0,14.5,0,dining,1409,0,0
36.11,2.008,23,1,1,81.7,1,gas,595,0,0
38.6,2.198,20,0,1,85.7,0,gas,1872,0,0
36.18,1.354,1,1,0,2.8,1,online_retail,1083,0,0
33.27,1.171,16,0,0,10.3,0,online_retail,1794,0,0
43.13,1.147,0,1,1,52.7,2,cash_advance,1930,0,0
11.38,0.479,9,0,1,36.1,2,gas,627,0,0
44.56,0.88,4,1,1,32.4,0,travel,3460,0,0
35.25,1.391,3,1,1,21.2,0,travel,1842,0,0
104.29,5.454,8,0,1,30.5,0,cash_advance,3214,1,0
63.18,2.283,11,0,1,102.7,2,cash_advance,135,0,0
56.88,3.614,6,0,1,51.2,1,online_retail,2999,0,0
21.98,0.526,18,0,0,5.6,3,cash_advance,995,0,0
98.61,5.345,22,0,1,50.2,1,gambling,1215,0,1
27.29,0.39,10,0,0,9.1,1,gambling,465,1,0
36.24,2.484,4,1,1,46.1,1,travel,3533,0,0
327.27,6.477,20,0,1,59.6,1,online_retail,1962,0,0
5.98,0.136,19,0,1,99.3,0,travel,788,0,0
25.65,0.471,2,1,1,32.2,0,online_retail,3246,0,0
14.75,0.342,20,0,0,28.3,0,grocery,1318,0,0
42.13,0.534,11,0,0,12.6,0,gambling,998,0,0
4.93,0.084,19,0,1,62.7,0,gas,104,1,0
125.52,4.303,20,0,0,11.2,1,gambling,1988,0,0
23.05,0.732,17,0,1,56.7,0,electronics,1577,0,0
3.06,0.112,11,0,1,22.9,0,gas,41,0,0
22.87,0.429,22,0,0,10.1,0,gambling,2111,0,0
21.11,0.507,14,0,0,14.7,1,online_retail,199,0,0
12.35,0.455,12,0,1,114.2,1,cash_advance,1005,0,0
15.86,0.446,21,0,0,14.1,1,online_retail,2816,0,0
53.85,2.069,20,0,1,71.9,0,grocery,3426,1,0
52.36,1.457,19,0,0,11.1,1,cash_advance,451,1,0
23.27,0.686,23,1,1,63.6,3,dining,2315,1,0
176.41,11.165,6,0,0,24.5,2,cash_advance,2183,0,1
8.19,0.278,7,0,1,38.7,0,gambling,2931,0,0
79.99,1.339,14,0,1,52.3,1,grocery,2446,0,0
14.46,0.542,12,0,1,53.2,2,grocery,528,0,0
46.48,1.527,18,0,0,10.0,3,dining,3144,0,0
37.49,0.572,21,0,1,19.5,1,online_retail,3366,0,0
60.22,2.745,6,0,0,16.7,0,grocery,1834,0,0
6.65,0.191,23,1,1,58.6,1,online_retail,2863,0,0
111.43,5.209,19,0,1,38.2,1,cash_advance,2489,0,1
15.06,0.614,6,0,0,13.4,0,cash_advance,419,0,0
21.78,0.604,20,0,1,21.9,0,online_retail,2970,0,0
13.1,0.264,0,1,0,9.5,0,online_retail,1062,0,0
48.01,2.181,21,0,1,33.9,1,electronics,709,0,0
9.51,0.163,6,0,1,65.2,0,online_retail,1896,0,0
27.14,0.929,6,0,1,6.8,2,gas,1891,0,0
29.14,1.169,22,0,1,43.2,3,gas,772,0,0
32.86,0.474,4,1,0,5.3,1,online_retail,1476,0,0
24.57,0.649,5,1,1,59.3,0,cash_advance,1750,1,0
20.21,0.641,18,0,0,24.0,0,dining,234,0,0
47.5,2.657,10,0,0,2.7,0,dining,2035,0,0
30.84,1.868,15,0,1,11.5,0,grocery,1214,0,0
14.32,0.463,18,0,0,6.5,3,online_retail,868,0,0
29.09,0.686,4,1,1,55.3,1,electronics,2040,0,0
106.15,3.418,14,0,1,56.2,1,grocery,862,0,0
9.36,0.384,6,0,1,1.7,0,electronics,1272,0,0
66.16,0.762,13,0,1,99.0,0,dining,2882,0,0
20.78,0.672,23,1,0,45.3,1,online_retail,418,0,0
10.44,0.273,6,0,1,40.2,2,grocery,1101,0,0
19.66,0.69,10,0,0,4.3,0,online_retail,1182,0,0
26.2,1.183,23,1,0,9.9,0,grocery,1957,0,0
70.21,3.253,23,1,0,12.2,0,online_retail,1315,1,0
18.88,0.608,10,0,1,85.4,0,cash_advance,3490,0,0
66.49,2.157,21,0,0,5.3,0,dining,1977,1,0
27.72,0.661,20,0,1,26.0,0,grocery,680,0,0
13.14,0.496,16,0,1,36.8,1,dining,322,0,0
177.91,5.598,20,0,1,33.4,0,gambling,919,1,0
60.01,1.846,5,1,1,17.7,2,online_retail,3452,0,0
141.31,2.605,10,0,1,101.2,1,grocery,1464,0,0
9.69,0.184,8,0,0,7.6,0,grocery,80,0,0
11.78,0.371,17,0,1,86.7,0,dining,3033,0,0
32.2,1.163,20,0,0,11.2,1,cash_advance,1681,0,0
8.62,0.197,10,0,1,22.9,3,dining,2094,0,0
39.45,0.868,15,0,1,21.2,1,cash_advance,1944,0,0
74.82,4.494,11,0,1,53.7,0,electronics,115,0,1
308.28,7.897,23,1,1,67.3,0,travel,2934,1,1
23.47,0.448,6,0,1,30.6,0,dining,3423,0,0
40.16,0.809,22,0,0,22.1,0,grocery,3448,0,0
41.48,1.443,17,0,1,32.0,1,online_retail,1538,0,0
32.25,1.127,17,0,1,47.3,0,cash_advance,1675,0,0
33.81,1.135,5,1,1,4.9,5,online_retail,3151,1,0
14.55,0.664,22,0,0,3.2,0,travel,825,0,0
40.34,1.239,19,0,1,99.4,0,grocery,3345,0,0
20.6,0.924,7,0,1,87.6,4,gas,756,0,0
14.34,0.59,15,0,0,5.2,0,dining,186,0,0
111.06,2.591,21,0,1,27.7,0,dining,842,0,0
35.09,1.246,12,0,0,8.9,1,grocery,996,0,0
55.1,2.473,16,0,1,14.6,0,grocery,1323,0,0
36.62,0.974,2,1,1,38.1,1,online_retail,1948,0,0
190.98,15.062,10,0,1,12.1,0,dining,1014,0,1
15.81,0.707,4,1,1,61.2,1,online_retail,415,0,0
23.11,0.736,20,0,0,16.6,1,grocery,2947,0,0
23.07,1.344,1,1,1,58.3,0,gas,819,0,0
10.2,0.662,0,1,1,75.7,0,grocery,238,0,0
6.6,0.119,12,0,0,18.5,0,gas,3407,1,0
10.52,0.375,7,0,1,151.1,1,gambling,1676,0,0
35.83,0.618,19,0,1,98.8,0,cash_advance,1560,1,0
18.21,1.03,11,0,0,11.3,0,online_retail,2030,0,0
19.41,0.926,18,0,1,20.3,1,cash_advance,1040,0,0
15.15,1.111,14,0,0,18.8,1,online_retail,1215,0,0
66.12,2.23,6,0,1,45.6,0,cash_advance,2126,0,0
15.96,0.411,17,0,1,71.6,1,online_retail,1293,0,0
76.1,2.36,10,0,0,2.1,0,grocery,2047,0,0
6.63,0.221,7,0,1,42.3,0,cash_advance,1665,2,0
33.69,0.907,4,1,1,79.2,0,travel,2966,0,0
40.27,1.197,17,0,0,6.0,0,travel,1057,1,0
54.27,2.503,21,0,0,6.2,1,grocery,2239,1,0
29.75,0.979,7,0,1,20.8,0,online_retail,3377,0,0
51.54,1.052,20,0,1,56.0,0,grocery,975,0,0
28.85,2.601,15,0,0,14.9,0,cash_advance,1329,0,0
49.07,1.559,12,0,0,35.1,1,grocery,3402,0,0
45.55,2.865,10,0,1,36.1,1,electronics,2706,0,0
76.43,3.705,11,0,0,36.8,0,gas,3299,0,0
45.78,0.53,11,0,1,38.9,0,online_retail,1785,0,0
51.24,2.427,9,0,1,16.4,1,gambling,1560,0,0
10.31,0.262,5,1,0,23.4,0,cash_advance,1134,0,0
100.5,4.315,21,0,1,34.3,0,travel,1527,1,1
87.49,3.217,18,0,1,65.0,1,electronics,3489,0,0
225.78,6.3,12,0,0,5.4,1,grocery,1879,0,0
32.7,0.474,12,0,0,4.6,2,grocery,805,0,0
17.19,0.349,23,1,0,2.9,0,cash_advance,2155,0,0
82.55,5.093,6,0,0,20.3,0,online_retail,2471,0,0
48.63,1.506,0,1,1,64.7,0,grocery,2538,0,0
26.91,0.486,13,0,1,19.1,0,online_retail,3103,1,0
65.18,2.577,5,1,1,45.3,3,electronics,351,0,1
335.51,7.75,23,1,1,21.4,0,online_retail,3510,1,1
10.43,0.482,6,0,0,10.1,0,grocery,3481,1,0
15.76,0.281,19,0,1,54.5,1,travel,1432,0,0
100.42,1.166,9,0,1,9.0,0,gas,2827,0,0
54.6,4.256,5,1,0,1.4,0,gas,2425,0,0
51.85,2.215,1,1,0,15.2,1,grocery,1383,0,0
62.92,1.646,14,0,0,5.3,1,grocery,2848,0,0
9.64,0.419,2,1,1,11.9,0,grocery,2828,0,0
27.55,1.089,4,1,1,81.2,1,dining,1002,0,0
9.66,0.179,17,0,0,13.5,0,grocery,981,0,0
30.6,0.551,17,0,1,59.2,1,cash_advance,2237,0,0
3.31,0.103,3,1,0,7.7,3,travel,2432,0,0
29.54,0.449,1,1,1,44.1,0,grocery,1375,1,0
28.94,1.534,20,0,0,4.5,1,dining,1779,0,0
112.14,4.42,23,1,1,16.1,0,grocery,3070,0,0
51.43,1.421,8,0,0,10.9,0,gas,931,1,0
49.44,0.834,19,0,0,3.7,0,gambling,2857,0,0
16.34,0.586,0,1,0,1.7,0,electronics,1487,0,0
50.79,0.763,9,0,0,3.3,8,grocery,1033,1,0
23.19,0.492,11,0,0,24.5,1,online_retail,892,0,0
72.28,2.516,21,0,1,25.0,0,grocery,555,0,0
39.33,0.906,22,0,1,44.5,2,grocery,2315,0,0
12.0,0.266,9,0,1,43.4,2,gambling,1783,0,0
15.75,0.894,12,0,1,11.7,0,online_retail,1164,0,0
164.4,8.872,0,1,1,100.8,1,gambling,1925,1,1
81.92,6.878,22,0,1,21.7,1,gas,1894,2,0
25.22,1.114,19,0,1,20.3,1,online_retail,1620,1,0
67.91,1.706,16,0,0,2.3,1,gas,1599,1,0
21.49,0.627,23,1,1,24.5,0,online_retail,3199,0,0
16.46,0.662,23,1,1,6.1,1,online_retail,3212,0,0
80.6,3.557,2,1,0,3.5,1,grocery,2977,0,0
107.58,4.667,7,0,1,56.2,0,online_retail,2087,0,0
130.42,3.311,3,1,1,88.8,0,cash_advance,3118,0,0
14.36,0.643,23,1,1,96.9,1,grocery,1952,0,0
76.28,2.064,8,0,0,16.3,1,dining,1764,0,0
82.62,3.052,9,0,0,4.5,0,online_retail,820,0,0
4.01,0.16,15,0,0,16.3,0,gambling,1069,0,0
14.37,0.493,22,0,1,84.7,0,electronics,2822,1,0
110.07,2.461,1,1,1,6.2,0,grocery,3579,0,0
124.44,3.102,17,0,0,9.3,0,gambling,174,0,0
216.1,7.424,6,0,1,65.2,0,online_retail,1913,0,1
76.55,1.685,22,0,1,94.5,0,gas,2812,1,0
48.01,1.88,9,0,0,34.9,2,online_retail,211,0,0
59.37,3.683,1,1,1,46.8,1,grocery,1976,0,0
50.65,1.031,10,0,0,14.3,1,grocery,724,0,0
315.53,6.354,16,0,1,52.7,0,online_retail,1201,0,1
56.0,2.542,19,0,0,13.0,0,cash_advance,158,0,0
395.58,6.086,18,0,1,95.0,0,gas,55,0,1
35.22,0.963,22,0,0,19.4,0,gambling,64,0,0
50.4,0.587,21,0,1,32.0,1,travel,1364,0,0
49.27,0.91,10,0,1,54.6,1,online_retail,1875,1,0
5.87,0.258,17,0,0,16.9,0,gas,1320,0,0
56.16,1.937,10,0,1,80.8,0,online_retail,2580,1,0
83.2,3.733,20,0,0,24.2,3,online_retail,2017,0,0
18.77,0.489,12,0,0,2.3,0,grocery,1996,0,0
44.14,1.091,15,0,0,18.7,1,travel,353,1,0
41.18,0.84,12,0,1,31.3,0,travel,1638,0,0
52.89,0.862,21,0,1,22.4,0,online_retail,1131,0,0
25.62,1.744,10,0,1,10.7,1,grocery,734,0,0
23.45,0.659,21,0,1,5.4,2,online_retail,2612,0,0
38.46,1.464,18,0,1,78.7,0,gas,1886,0,0
24.28,0.63,3,1,0,16.3,0,online_retail,1184,0,0
84.96,3.827,10,0,1,45.8,1,dining,300,0,0
53.09,2.344,12,0,1,11.9,1,gas,920,0,0
10.51,0.609,17,0,0,3.8,0,gas,2434,1,0
52.87,1.859,15,0,0,7.8,1,dining,2475,0,0
7.97,0.278,14,0,1,82.5,0,dining,703,0,0
57.98,0.601,8,0,1,11.1,0,online_retail,78,0,0
14.33,0.312,9,0,1,29.3,1,gas,3595,0,0
60.27,2.078,10,0,0,17.8,0,online_retail,446,0,0
131.25,4.781,0,1,1,18.0,0,dining,2350,0,0
109.23,2.091,19,0,1,10.7,0,gambling,3412,0,0
39.74,1.274,3,1,1,86.0,1,gas,1893,0,0
17.42,0.218,23,1,1,28.8,0,cash_advance,1958,1,0
77.44,4.15,12,0,1,63.3,1,online_retail,2357,0,0
35.46,0.881,7,0,0,20.6,0,online_retail,2547,0,0
38.5,0.512,4,1,1,9.1,1,travel,1574,0,0
11.77,0.203,23,1,0,2.8,0,gas,925,0,0
237.78,6.43,20,0,0,8.8,0,grocery,264,1,1
23.25,0.44,13,0,0,24.1,1,grocery,2300,0,0
50.44,1.341,11,0,1,83.2,0,dining,2530,0,0
35.82,0.508,20,0,0,11.7,2,online_retail,608,0,0
45.6,1.729,1,1,0,23.7,2,electronics,2815,0,0
36.75,1.575,17,0,0,18.2,1,gas,3499,0,0
29.56,1.242,21,0,1,26.5,0,dining,2072,0,0
98.39,2.297,10,0,1,37.3,0,dining,559,0,0
50.76,2.479,2,1,1,46.3,1,online_retail,3166,0,0
105.74,2.322,15,0,0,22.6,0,online_retail,1451,0,0
269.01,4.694,3,1,1,25.6,1,online_retail,940,0,1
39.27,1.471,1,1,0,2.0,1,grocery,2721,0,0
60.33,3.167,0,1,1,60.9,2,cash_advance,572,0,0
55.11,1.281,23,1,0,13.4,1,grocery,1531,0,0
23.24,1.228,11,0,0,0.2,0,online_retail,149,0,0
16.85,0.869,1,1,0,8.4,0,cash_advance,1431,0,0
76.08,1.031,5,1,1,72.1,0,gambling,3106,0,0
56.25,4.304,7,0,1,42.6,0,grocery,2843,0,0
46.98,3.061,23,1,0,13.4,0,gas,2553,0,0
21.91,0.937,21,0,0,24.7,0,online_retail,2301,0,0
58.46,0.844,16,0,0,8.3,0,travel,1193,1,0
91.58,4.122,19,0,1,84.9,1,cash_advance,1813,0,1
18.97,0.584,17,0,1,98.0,1,cash_advance,746,0,0
133.22,5.866,3,1,1,83.1,2,travel,2048,0,1
16.36,0.93,18,0,1,20.4,6,dining,1440,0,0
54.51,1.651,21,0,0,1.1,1,cash_advance,24,0,0
22.13,0.675,14,0,0,6.2,0,grocery,1166,0,0
200.38,5.532,0,1,0,27.4,1,grocery,3588,0,0
12.96,0.243,3,1,0,8.9,0,cash_advance,2524,0,0
14.29,0.43,21,0,1,34.8,2,grocery,95,0,0
29.4,0.606,16,0,0,9.6,0,dining,2824,0,0
61.99,1.941,16,0,0,11.5,1,cash_advance,1484,0,0
29.97,1.073,12,0,0,29.3,2,grocery,770,0,0
9.37,0.258,3,1,1,48.8,1,gambling,2279,0,0
61.64,2.798,4,1,0,25.1,4,grocery,2812,0,0
41.05,1.598,9,0,0,30.2,0,grocery,1565,0,0
159.43,6.317,22,0,0,16.4,1,grocery,1307,0,0
22.25,0.343,22,0,0,19.8,1,dining,715,0,0
23.73,0.831,13,0,1,45.5,0,dining,250,0,0
37.29,1.225,13,0,0,19.5,1,grocery,754,0,0
12.04,0.508,12,0,1,52.6,3,cash_advance,1472,1,0
49.32,1.039,10,0,1,31.0,0,gas,1319,0,0
171.47,4.972,22,0,1,28.4,1,online_retail,631,0,0
75.96,3.23,1,1,0,4.7,8,grocery,774,0,0
60.31,1.828,20,0,1,30.6,2,travel,2428,0,0
60.65,1.638,23,1,1,14.0,1,travel,161,0,0
54.89,2.28,17,0,1,102.3,0,travel,1960,0,0
5.38,0.154,3,1,1,46.4,0,cash_advance,1249,0,0
31.81,1.518,9,0,0,7.4,0,grocery,1375,0,0
16.64,0.32,8,0,0,5.6,0,gas,1586,0,0
48.52,1.216,7,0,1,44.1,1,online_retail,1476,0,0
26.65,1.018,19,0,0,13.5,2,dining,2405,1,0
25.64,0.677,21,0,0,20.8,0,dining,532,0,0
18.72,0.469,8,0,0,1.9,1,cash_advance,1308,0,0
13.43,0.605,6,0,1,25.4,0,travel,3236,0,0
20.2,0.419,11,0,1,75.1,0,gas,2445,0,0
20.0,0.702,4,1,0,10.1,0,grocery,1661,0,0
14.44,0.355,14,0,0,8.8,0,online_retail,3575,0,0
13.05,0.16,5,1,0,0.0,0,gambling,625,0,0
26.72,1.784,17,0,0,7.3,0,gas,1538,0,0
8.08,0.213,9,0,0,7.5,0,grocery,2234,0,0
97.02,2.266,21,0,0,2.8,1,gambling,1514,0,0
7.05,0.233,4,1,0,1.4,1,gas,713,0,0
154.38,4.98,20,0,0,3.9,0,travel,2299,0,0
293.65,8.096,4,1,0,18.4,0,online_retail,943,0,1
37.28,1.304,1,1,0,4.9,0,online_retail,2812,0,0
24.19,1.059,2,1,1,11.7,1,grocery,120,0,0
8.2,0.22,9,0,0,8.3,2,electronics,499,0,0
13.35,0.404,1,1,0,3.7,0,gas,2006,0,0
232.75,7.659,16,0,1,38.1,1,dining,3561,0,1
117.66,2.045,22,0,1,59.9,0,online_retail,417,0,0
129.32,5.073,18,0,1,29.3,0,electronics,1417,0,0
91.19,1.942,11,0,1,59.2,0,dining,3334,0,0
30.38,1.753,10,0,0,23.5,0,gas,1321,0,0
94.4,4.463,5,1,1,18.3,0,gas,1484,0,0
21.48,0.824,10,0,1,32.2,0,grocery,1468,0,0
61.8,2.892,13,0,1,13.1,0,grocery,299,0,0
82.34,1.882,4,1,0,3.0,0,gambling,3196,0,0
95.09,4.594,20,0,0,0.2,0,travel,3283,0,0
85.78,3.47,16,0,1,59.7,0,cash_advance,3223,0,0
13.99,0.7,20,0,0,1.3,0,travel,1445,0,0
12.63,0.485,9,0,1,33.9,1,gambling,1963,0,0
7.49,0.259,18,0,0,12.8,0,gas,2937,0,0
35.1,1.03,3,1,1,43.2,0,gambling,2779,0,0
34.42,1.279,18,0,1,19.6,0,dining,2818,0,0
25.34,0.816,1,1,1,28.7,0,cash_advance,3520,0,0
12.28,0.261,16,0,0,3.5,1,grocery,1518,0,0
27.78,0.367,18,0,1,109.6,1,online_retail,3292,0,0
38.8,1.046,19,0,0,22.5,2,grocery,681,0,0
26.77,0.933,11,0,0,10.7,0,online_retail,3081,0,0
9.67,0.399,5,1,1,77.6,0,cash_advance,1066,0,0
26.22,1.347,0,1,1,93.5,1,travel,58,0,0
85.99,4.398,1,1,1,125.3,0,gas,3370,0,0
80.8,2.142,14,0,0,28.9,0,grocery,852,0,0
8.33,0.375,1,1,1,28.8,2,dining,1891,0,0
27.28,0.563,16,0,0,4.1,0,gas,73,0,0
19.01,0.273,13,0,0,12.5,1,online_retail,1688,0,0
14.63,0.351,12,0,0,0.9,0,dining,2089,0,0
13.93,0.811,1,1,0,9.4,1,online_retail,2874,0,0
216.38,6.252,23,1,1,10.9,0,gas,3229,0,1
83.76,3.457,20,0,1,59.4,0,cash_advance,774,0,0
106.02,3.095,12,0,1,14.1,1,online_retail,947,0,0
8.52,0.111,1,1,1,13.1,2,dining,3051,0,0
48.88,0.812,22,0,1,58.1,2,grocery,1881,0,0
3.04,0.202,14,0,1,37.1,0,grocery,832,0,0
20.72,0.804,23,1,1,19.8,2,gambling,1245,0,0
26.91,0.738,17,0,1,100.5,1,electronics,200,0,0
28.8,0.574,22,0,0,17.0,0,grocery,2459,0,0
42.16,0.905,17,0,1,34.5,0,dining,737,0,0
135.97,5.509,11,0,0,14.1,0,online_retail,811,1,1
39.58,1.834,19,0,1,50.5,0,grocery,2299,0,0
25.07,0.624,19,0,0,1.0,1,grocery,2266,1,0
15.8,0.553,16,0,1,39.5,0,grocery,2029,0,0
30.9,0.799,17,0,1,63.5,0,cash_advance,3172,1,0
12.4,0.372,6,0,0,10.7,1,gambling,2297,0,0
9.0,0.292,15,0,0,8.3,0,gas,3168,0,0
10.16,0.293,17,0,1,57.0,0,cash_advance,1241,2,0
31.69,1.367,0,1,0,2.1,1,gambling,951,0,0
61.57,1.903,18,0,0,8.6,2,electronics,2832,2,0
19.42,0.404,23,1,1,17.6,0,dining,2971,0,0
106.67,2.308,7,0,1,100.9,1,gas,1631,0,0
74.87,2.548,13,0,1,5.7,1,dining,2794,0,0
16.22,0.357,8,0,0,5.1,0,grocery,63,0,0
123.59,3.658,5,1,1,80.1,0,grocery,1986,0,0
17.61,0.268,15,0,1,100.6,0,gas,1674,0,0
116.06,5.434,17,0,1,29.0,1,cash_advance,2021,0,1
45.65,1.892,2,1,1,45.1,0,travel,868,0,0
31.63,0.429,4,1,0,24.1,1,grocery,570,0,0
20.56,0.361,9,0,1,38.8,0,gas,354,0,0
35.73,0.994,23,1,0,7.5,0,dining,3174,0,0
79.48,1.496,15,0,0,10.5,0,online_retail,3390,0,0
43.19,1.44,9,0,0,1.0,0,travel,2275,0,0
15.83,0.679,21,0,0,10.9,2,electronics,2718,0,0
13.11,0.512,0,1,1,42.4,0,cash_advance,2812,0,0
68.75,1.331,1,1,1,87.8,1,dining,2986,0,0
11.14,0.338,12,0,1,126.1,0,cash_advance,255,0,0
23.69,0.494,14,0,0,19.8,1,travel,1615,0,0
710.63,14.5,0,1,0,6.4,2,grocery,1062,0,1
106.68,3.567,6,0,1,44.1,2,electronics,2102,0,0
94.36,5.266,1,1,0,9.2,0,online_retail,1041,0,0
61.99,1.934,6,0,0,10.7,1,grocery,1977,0,0
45.33,0.768,22,0,1,61.9,0,grocery,999,0,0
67.54,1.878,18,0,1,94.9,1,online_retail,1954,1,0
144.96,3.347,0,1,0,9.0,0,dining,1507,0,0
230.0,18.459,16,0,1,45.5,0,grocery,242,0,1
295.25,6.083,19,0,1,99.0,1,cash_advance,2311,0,1
40.91,1.466,21,0,1,72.6,0,travel,2988,0,0
52.59,1.034,15,0,0,12.8,0,gambling,1377,0,0
7.61,0.21,6,0,1,85.8,0,electronics,1110,0,0
190.09,12.201,19,0,0,7.3,7,grocery,1828,0,1
125.16,3.16,17,0,1,80.8,2,online_retail,3108,0,0
842.92,14.333,8,0,1,64.9,2,gas,1929,0,1
268.82,5.115,11,0,0,7.7,1,gas,2014,0,0
17.15,0.501,20,0,1,25.8,0,electronics,1771,0,0
7.39,0.101,22,0,0,9.2,0,online_retail,995,0,0
12.14,0.542,0,1,0,12.5,0,travel,3234,0,0
26.73,0.963,13,0,1,58.7,1,grocery,2709,1,0
67.08,3.735,0,1,1,116.3,0,grocery,794,0,0
53.8,1.447,18,0,1,22.7,0,dining,2868,0,0
20.78,0.56,23,1,1,43.1,1,online_retail,753,0,0
99.03,3.004,5,1,1,25.1,0,travel,2978,0,0
14.48,0.268,21,0,1,21.8,1,electronics,2586,1,0
152.34,3.733,9,0,0,4.6,0,gambling,3586,0,0
15.89,0.439,2,1,1,41.2,1,cash_advance,2893,2,0
377.72,5.876,1,1,1,61.7,0,dining,1146,0,1
12.59,0.405,4,1,0,27.8,2,electronics,2541,1,0
20.42,0.662,14,0,1,43.7,1,online_retail,25,0,0
35.98,0.765,16,0,0,5.8,0,gambling,2204,0,0
39.53,1.629,14,0,1,22.3,0,online_retail,1253,0,0
257.46,8.166,19,0,1,38.0,2,grocery,412,0,0
38.65,1.12,23,1,0,10.5,0,cash_advance,2496,0,0
16.08,0.271,20,0,1,36.8,1,gambling,2930,1,0
16.35,0.393,20,0,1,84.5,0,dining,1199,0,0
21.57,1.708,14,0,0,4.3,0,online_retail,1091,0,0
26.65,0.889,14,0,0,26.4,2,online_retail,2370,0,0
66.86,2.498,20,0,0,7.5,0,cash_advance,528,0,0
34.04,0.576,19,0,0,8.9,0,online_retail,271,0,0
98.1,4.301,10,0,0,1.1,0,travel,3426,1,0
10.63,0.361,22,0,1,99.2,0,online_retail,1661,0,0
484.52,4.573,0,1,0,6.6,0,electronics,2394,0,0
101.39,3.107,11,0,1,18.1,0,online_retail,2952,1,0
59.91,2.559,7,0,1,16.4,0,online_retail,732,0,0
61.71,0.904,10,0,1,28.6,1,dining,2985,0,0
11.04,0.503,4,1,0,27.1,1,gambling,3017,0,0
18.74,0.754,3,1,0,8.4,0,online_retail,2344,0,0
67.66,0.723,15,0,1,46.1,3,grocery,456,0,0
30.35,1.074,4,1,0,9.3,0,online_retail,1349,0,0
35.25,0.775,19,0,1,107.4,0,cash_advance,786,0,0
68.02,1.931,16,0,0,4.8,0,cash_advance,1541,0,0
100.72,3.572,21,0,0,6.2,0,cash_advance,1108,0,0
86.7,3.043,20,0,1,32.8,0,dining,2207,0,0
9.84,0.45,19,0,0,5.7,1,cash_advance,3023,0,0
5.24,0.222,10,0,0,4.5,0,cash_advance,93,0,0
11.99,0.566,4,1,1,7.7,0,grocery,3383,0,0
30.7,1.287,20,0,0,4.2,1,cash_advance,2683,0,0
30.86,1.391,14,0,1,24.9,1,gambling,450,0,0
77.73,2.11,15,0,0,6.8,2,cash_advance,2448,0,0
12.91,0.32,9,0,0,7.7,0,travel,243,1,0
8.5,0.367,13,0,1,107.1,0,grocery,2761,0,0
21.79,0.78,19,0,0,0.0,1,online_retail,957,0,0
83.27,2.977,4,1,0,10.7,1,electronics,1093,0,1
5.83,0.396,2,1,0,11.5,1,gambling,441,0,0
23.79,0.484,6,0,1,39.6,0,dining,2804,0,0
205.97,7.559,21,0,0,26.8,0,cash_advance,3473,0,1
108.98,1.366,8,0,0,30.9,0,dining,1492,0,0
17.05,0.432,6,0,1,23.2,0,cash_advance,2008,0,0
66.3,2.698,12,0,1,27.0,1,gambling,961,0,0
20.41,0.949,6,0,1,79.6,1,online_retail,1703,0,0
8.3,0.351,8,0,1,37.6,2,gas,2536,0,0
30.58,0.834,19,0,1,29.1,1,gas,1341,0,0
38.48,1.58,7,0,1,109.6,1,online_retail,2142,0,0
19.13,0.703,3,1,1,40.0,0,gas,2596,0,0
147.35,3.163,10,0,0,17.0,0,dining,2142,1,0
33.29,0.881,11,0,0,6.2,0,grocery,2227,0,0
12.68,0.624,20,0,0,4.4,0,cash_advance,455,0,0
158.85,6.434,21,0,0,15.8,0,grocery,855,0,0
8.67,0.384,21,0,1,43.8,0,gambling,393,1,0
15.88,0.94,13,0,0,13.7,2,grocery,2279,0,0
1102.4,44.47,19,0,0,18.8,1,dining,722,0,1
78.89,1.949,9,0,1,118.8,0,grocery,1230,1,0
10.66,0.38,3,1,1,23.5,1,online_retail,740,1,0
49.06,1.068,8,0,0,28.2,1,grocery,2396,0,0
32.4,0.838,2,1,1,77.6,0,gas,2230,0,0
5.94,0.09,9,0,0,7.4,0,travel,818,0,0
107.51,4.221,3,1,0,16.0,0,travel,3031,0,1
29.83,0.893,22,0,1,77.1,0,online_retail,2498,0,0
4.18,0.168,7,0,1,40.9,2,gas,3287,0,0
36.63,1.195,2,1,0,10.5,0,travel,3572,0,0
77.36,6.204,11,0,1,67.8,0,gas,1615,0,0
10.18,0.206,11,0,1,18.3,0,grocery,640,0,0
12.5,0.471,11,0,1,176.2,1,gambling,3481,0,0
106.48,2.591,17,0,1,24.5,0,grocery,2066,0,0
11.28,0.525,16,0,1,106.2,1,gas,3527,0,0
67.0,2.182,3,1,0,1.1,0,grocery,3535,1,0
4.06,0.102,22,0,1,78.9,1,gas,177,0,0
53.24,1.185,13,0,1,31.9,0,online_retail,2453,0,0
38.43,0.993,20,0,1,53.5,1,travel,2969,0,0
12.1,0.28,17,0,0,6.6,1,grocery,660,0,0
512.17,12.183,6,0,0,5.9,2,grocery,3554,0,1
72.6,3.011,9,0,1,76.1,0,gas,1018,0,0
52.68,1.616,8,0,1,94.8,0,dining,2896,0,0
35.72,0.898,7,0,0,7.9,1,online_retail,1332,0,0
7.19,0.243,23,1,1,62.6,0,electronics,2751,0,1
11.56,0.155,8,0,0,7.5,0,online_retail,2338,0,0
21.72,0.952,4,1,0,17.8,0,gas,436,0,0
147.67,4.059,12,0,1,69.7,0,dining,1758,0,0
107.0,3.352,7,0,0,7.8,0,gas,1091,0,0
85.34,3.575,10,0,1,36.4,0,gas,1731,0,0
58.79,1.357,0,1,1,12.0,0,electronics,1232,0,0
113.59,4.777,11,0,0,15.4,0,gambling,125,0,0
14.81,0.552,4,1,1,49.1,0,dining,1614,0,0
264.03,9.956,19,0,0,3.8,0,grocery,3332,0,0
7.82,0.396,4,1,1,119.4,0,grocery,1355,0,0
11.76,0.366,0,1,0,4.1,0,dining,668,0,0
17.23,0.271,2,1,0,4.0,0,dining,3525,0,0
23.75,0.73,0,1,1,24.7,1,gas,2654,0,0
2.41,0.084,10,0,0,2.6,2,online_retail,2463,0,0
15.17,0.425,21,0,1,11.0,0,dining,1674,0,0
24.34,0.43,14,0,0,12.7,1,cash_advance,1080,0,0
175.42,5.461,11,0,0,7.8,0,online_retail,911,0,0
25.03,1.078,15,0,0,11.2,1,online_retail,3198,0,0
27.5,1.08,19,0,1,10.3,0,gas,591,0,0
17.51,1.036,3,1,0,11.1,0,online_retail,1827,0,0
191.84,3.13,15,0,1,88.8,0,online_retail,2305,2,0
11.98,0.176,1,1,1,6.1,1,gas,3141,0,0
20.84,0.981,17,0,1,52.3,1,grocery,2547,1,0
22.09,1.168,11,0,1,77.0,1,gas,3416,0,0
32.03,1.271,12,0,1,21.2,0,dining,3505,0,0
34.07,0.668,7,0,1,39.0,0,dining,914,0,0
19.78,0.926,12,0,1,48.7,0,dining,605,0,0
172.48,5.865,8,0,0,12.3,0,cash_advance,1629,0,0
44.94,1.017,17,0,1,84.2,0,grocery,528,0,0
92.75,2.795,2,1,0,4.7,1,gas,2521,0,0
19.03,0.649,4,1,1,74.5,1,online_retail,1699,0,0
287.24,10.266,10,0,1,106.5,1,grocery,244,0,1
14.01,0.551,6,0,0,24.8,2,gas,2525,0,0
16.21,0.253,23,1,0,6.6,0,travel,2521,0,0
25.18,0.797,16,0,1,72.3,0,grocery,943,0,0
22.87,0.725,15,0,1,97.0,1,travel,2717,0,0
18.65,0.456,23,1,1,20.7,1,cash_advance,2338,0,0
33.47,1.321,4,1,1,15.7,0,grocery,52,0,0
17.81,0.768,2,1,0,8.4,1,gas,998,0,0
29.75,1.008,20,0,0,13.9,1,dining,3088,0,0
13.08,0.349,6,0,1,157.5,1,cash_advance,2033,1,0
9.31,0.288,23,1,0,6.2,0,gas,1400,1,0
13.18,0.355,6,0,1,73.9,2,dining,1055,0,0
63.51,2.354,11,0,0,17.3,0,travel,1050,0,0
13.29,0.461,0,1,1,114.9,1,online_retail,709,0,0
235.78,8.361,10,0,0,8.4,0,cash_advance,518,1,1
31.25,0.63,8,0,0,16.1,2,dining,475,0,0
16.61,0.357,6,0,1,81.2,2,grocery,3349,0,0
35.05,1.335,2,1,1,20.7,0,online_retail,42,0,0
84.16,3.021,21,0,0,43.9,0,grocery,3268,1,0
16.43,0.454,4,1,0,17.3,0,cash_advance,1521,0,0
61.85,1.736,4,1,1,14.1,1,dining,732,0,0
89.08,1.372,10,0,0,4.2,1,online_retail,3383,0,0
58.53,1.47,15,0,0,13.1,0,cash_advance,267,0,0
20.04,0.536,0,1,0,7.6,1,grocery,1687,0,0
210.52,9.29,6,0,0,12.5,0,gas,58,0,1
32.6,0.53,8,0,1,42.5,1,dining,1627,0,0
23.48,0.417,15,0,0,2.0,0,gas,3313,0,0
38.26,1.643,20,0,1,68.6,0,online_retail,3344,0,0
61.68,0.762,5,1,0,10.8,1,online_retail,1582,0,0
77.88,2.072,12,0,1,16.3,0,gambling,1437,0,0
13.27,0.581,14,0,0,9.5,3,gambling,1401,0,0
78.64,2.797,22,0,1,57.4,0,grocery,1437,0,0
6.26,0.186,3,1,0,14.3,0,dining,1227,1,0
12.79,0.451,6,0,0,2.6,0,electronics,1448,0,0
23.37,0.349,4,1,0,7.0,2,gambling,2005,0,0
21.03,0.708,12,0,1,3.1,1,gas,1028,2,0
8.19,0.335,22,0,1,79.3,0,grocery,3420,0,0
40.45,0.853,0,1,0,28.5,0,grocery,3204,0,0
33.89,1.578,13,0,0,27.9,0,online_retail,2211,1,0
23.57,0.84,3,1,0,12.6,1,grocery,627,0,0
79.29,1.561,12,0,1,10.3,2,online_retail,1151,0,0
14.9,0.575,20,0,0,5.5,1,online_retail,1293,0,0
157.97,6.097,23,1,1,114.3,0,grocery,3121,0,1
32.89,1.708,8,0,0,14.5,1,travel,885,0,0
342.54,17.309,17,0,0,14.5,0,cash_advance,1331,0,1
62.03,1.484,12,0,0,3.7,2,cash_advance,2105,0,0
104.29,2.228,20,0,0,10.3,1,dining,646,1,0
167.79,4.883,15,0,1,13.7,2,online_retail,2792,1,0
37.98,1.257,11,0,0,14.6,0,online_retail,1079,1,0
149.67,2.762,8,0,1,3.2,0,grocery,2831,0,0
4.92,0.139,16,0,1,131.2,1,dining,1123,0,0
98.57,1.784,1,1,0,3.4,1,gas,1736,0,0
14.47,0.803,3,1,0,12.6,1,online_retail,2937,0,0
31.86,0.443,11,0,0,12.5,3,dining,2618,0,0
20.91,0.641,19,0,0,0.5,2,gambling,2835,1,0
19.71,1.023,1,1,1,57.6,0,online_retail,1843,0,0
20.29,0.85,1,1,1,49.5,0,dining,927,0,0
19.88,0.513,0,1,0,1.9,1,travel,3149,0,0
29.47,0.906,17,0,1,31.7,5,gas,961,0,0
19.78,1.111,0,1,0,23.9,0,travel,1861,0,0
39.91,1.836,12,0,0,7.7,1,gambling,1998,0,0
56.09,1.702,3,1,0,24.3,1,grocery,3555,1,0
410.16,7.868,22,0,1,32.6,1,dining,3589,0,0
106.86,5.003,7,0,1,41.3,0,online_retail,542,0,1
75.06,2.524,12,0,0,17.9,0,gambling,1673,0,0
18.83,0.471,15,0,0,17.1,1,dining,3567,1,0
58.34,2.105,1,1,0,5.8,2,online_retail,266,1,0
13.33,0.698,23,1,1,84.2,1,grocery,1452,0,0
71.09,1.806,4,1,1,83.5,0,grocery,738,0,0
30.22,0.608,3,1,0,6.3,1,grocery,2213,1,0
198.24,6.745,22,0,0,33.7,0,grocery,2035,0,0
68.45,2.723,1,1,1,28.4,0,online_retail,1417,0,0
15.72,0.658,13,0,0,13.5,0,dining,905,0,0
18.08,0.6,2,1,0,6.7,0,grocery,2875,0,0
43.09,0.996,2,1,1,112.5,0,online_retail,2123,0,0
29.19,1.199,20,0,1,59.2,0,electronics,247,0,0
54.53,2.412,17,0,1,44.1,1,cash_advance,3340,0,0
27.54,1.212,15,0,1,84.8,0,grocery,873,0,0
7.61,0.369,21,0,1,105.8,0,travel,3199,0,0
39.48,1.523,21,0,0,1.7,2,grocery,1434,0,0
36.81,1.525,0,1,1,84.8,2,online_retail,867,0,0
6.36,0.123,4,1,0,2.7,0,online_retail,263,0,0
18.7,1.017,22,0,1,9.9,2,grocery,888,0,0
60.27,0.94,18,0,0,11.9,0,grocery,1059,0,0
13.28,0.639,17,0,0,12.1,1,online_retail,1022,0,0
24.42,0.748,22,0,0,15.3,1,online_retail,159,0,0
29.05,0.566,1,1,1,33.1,1,travel,688,0,0
13.14,0.618,12,0,0,26.3,0,grocery,341,0,0
78.04,4.704,22,0,1,123.6,1,grocery,675,1,0
62.74,3.325,5,1,1,125.7,0,grocery,2117,0,0
91.71,2.339,21,0,1,19.6,2,grocery,2049,0,0
61.34,3.19,14,0,0,8.6,0,gambling,2930,0,0
23.72,0.481,14,0,1,35.2,0,online_retail,3189,1,0
25.96,0.815,16,0,1,32.0,1,grocery,713,0,0
143.84,2.115,12,0,0,8.4,0,online_retail,2986,0,0
11.43,0.355,23,1,0,3.2,1,cash_advance,3570,0,0
16.57,0.24,22,0,1,94.7,0,online_retail,1777,1,0
12.73,0.394,3,1,0,10.3,1,gas,3349,0,0
64.56,1.923,9,0,0,3.6,1,grocery,1825,0,0
6.47,0.25,14,0,0,13.0,0,online_retail,1545,0,0
46.44,1.455,17,0,0,22.1,2,electronics,1474,0,0
45.31,1.069,10,0,0,17.6,0,online_retail,763,1,0
44.3,0.759,5,1,0,2.7,0,electronics,3307,0,0
19.31,0.75,12,0,1,10.8,0,electronics,2445,0,0
88.17,1.785,3,1,0,16.4,0,travel,1067,0,0
98.02,2.591,6,0,0,31.5,0,dining,871,0,0
25.68,0.465,19,0,1,10.1,0,grocery,1223,0,0
8.42,0.307,2,1,0,9.5,2,online_retail,59,0,0
87.71,1.261,12,0,0,16.0,0,online_retail,3091,0,0
56.97,0.762,17,0,0,9.3,0,dining,382,0,0
109.1,1.652,23,1,1,29.0,0,electronics,2561,0,0
22.11,1.35,17,0,1,137.2,0,online_retail,1952,0,0
11.86,0.43,13,0,1,32.2,0,dining,667,0,0
24.3,1.045,13,0,0,24.4,0,electronics,440,0,0
40.03,0.665,17,0,1,71.2,2,travel,3321,1,0
18.27,0.61,23,1,0,3.5,0,gas,1603,1,0
61.64,1.287,20,0,1,29.3,0,cash_advance,3487,1,0
14.16,0.496,10,0,0,2.6,1,gas,3473,0,0
37.01,1.12,8,0,1,41.8,1,cash_advance,2988,0,0
120.15,3.906,16,0,1,22.0,0,dining,469,0,0
23.78,1.134,16,0,1,26.4,0,gambling,2802,0,0
24.6,0.583,19,0,0,7.2,0,travel,349,0,0
12.05,0.859,15,0,0,13.7,2,gambling,566,0,0
22.67,0.55,9,0,1,56.3,1,gas,2465,0,0
116.28,3.975,1,1,1,35.6,0,dining,2555,0,0
11.86,0.406,12,0,0,6.4,0,cash_advance,3460,0,0
16.19,0.396,4,1,1,46.8,1,grocery,2139,0,0
39.79,1.834,15,0,1,74.9,0,gambling,2419,1,0
30.23,0.702,15,0,0,5.6,2,cash_advance,1838,0,0
6.58,0.442,5,1,0,6.1,0,cash_advance,406,0,0
180.59,4.795,3,1,1,33.4,2,electronics,1164,0,1
5.67,0.205,11,0,1,51.8,1,online_retail,337,0,0
39.62,1.437,18,0,1,61.3,0,cash_advance,2852,1,0
255.92,9.212,0,1,0,12.0,1,online_retail,1477,0,1
11.59,0.226,3,1,0,17.2,1,cash_advance,1339,0,0
58.2,3.071,11,0,1,90.3,1,cash_advance,415,0,0
43.52,1.297,3,1,1,22.4,1,grocery,884,0,0
86.27,3.34,23,1,1,16.8,0,dining,1676,0,0
63.98,3.718,9,0,0,10.9,0,cash_advance,3241,0,0
22.55,1.258,13,0,1,46.2,0,gas,3527,0,0
9.99,0.521,4,1,0,0.4,1,online_retail,2743,1,0
207.27,6.736,15,0,0,6.2,0,gas,2947,0,0
11.49,0.206,20,0,1,63.5,1,online_retail,2489,0,0
86.18,1.368,20,0,1,128.4,0,grocery,2043,0,0
55.91,1.951,23,1,0,13.0,0,gambling,609,0,0
33.66,0.798,4,1,1,87.7,1,gas,1813,0,0
7.41,0.244,9,0,1,43.6,0,travel,1153,0,0
23.41,1.092,15,0,1,81.7,0,dining,2225,0,0
37.96,0.998,9,0,0,11.0,1,grocery,2842,0,0
21.79,0.442,13,0,1,69.9,0,grocery,1454,0,0
31.28,1.192,18,0,0,6.9,1,electronics,1766,0,0
37.21,1.516,20,0,0,13.0,0,grocery,511,0,0
57.27,1.118,4,1,0,4.5,2,gas,3142,0,0
15.53,0.355,16,0,1,32.8,0,dining,384,0,0
21.85,0.818,5,1,1,18.5,0,dining,3552,0,0
522.87,20.724,8,0,1,89.3,0,online_retail,1485,0,1
164.83,6.7,2,1,0,26.7,2,grocery,2874,0,0
33.4,1.381,5,1,1,59.8,0,travel,1078,1,0
39.53,0.78,13,0,1,82.1,3,travel,298,0,0
62.62,2.075,5,1,1,50.6,0,travel,2261,0,0
20.88,0.81,19,0,1,38.2,2,gas,2631,2,0
69.55,1.879,15,0,0,12.1,0,online_retail,2163,0,0
85.85,2.457,4,1,1,77.2,0,grocery,1020,0,0
38.37,0.831,9,0,0,6.4,2,online_retail,1391,0,0
272.65,5.006,12,0,0,14.4,2,grocery,948,0,0
31.56,0.529,8,0,0,8.6,0,cash_advance,1785,0,0
46.59,1.457,10,0,1,14.5,0,electronics,191,0,0
57.27,3.522,3,1,1,50.8,1,dining,2124,0,0
240.01,5.031,3,1,1,18.3,0,gas,1471,0,1
36.93,1.48,17,0,0,23.7,1,grocery,1402,0,0
16.42,1.137,18,0,0,12.1,0,online_retail,3206,0,0
40.04,1.567,12,0,1,26.0,1,gambling,896,0,0
34.63,0.754,8,0,0,21.3,0,cash_advance,2438,0,0
44.98,2.418,22,0,0,19.1,1,cash_advance,61,1,0
9.95,0.215,10,0,0,26.0,1,electronics,372,0,0
97.8,1.754,17,0,0,31.6,1,online_retail,457,0,0
11.82,0.454,6,0,1,30.3,0,gas,1443,0,0
9.68,0.282,21,0,0,19.9,0,online_retail,892,0,0
32.27,1.342,10,0,0,11.4,2,gas,3575,0,0
103.1,3.204,13,0,0,9.8,1,dining,1470,0,0
83.18,2.354,16,0,0,3.0,3,cash_advance,369,0,1
155.63,3.871,9,0,1,27.0,1,electronics,1886,0,0
15.46,0.657,3,1,1,47.9,2,grocery,1929,0,0
30.96,1.276,10,0,1,47.2,0,grocery,1534,0,0
15.52,0.526,23,1,0,10.1,0,gas,3458,0,0
134.26,6.059,23,1,0,18.3,0,online_retail,1135,0,0
24.5,0.777,16,0,0,0.9,0,grocery,3591,0,0
99.22,2.962,15,0,1,10.8,0,gas,50,0,0
32.59,1.147,16,0,1,66.1,0,cash_advance,1604,0,0
82.85,5.451,7,0,1,8.8,0,grocery,675,0,1
38.58,0.556,22,0,1,43.0,0,gambling,3236,0,0
20.98,0.374,21,0,1,27.8,0,grocery,1089,0,0
40.68,2.086,6,0,0,26.2,3,online_retail,3540,0,0
36.86,1.84,23,1,1,16.6,1,cash_advance,2572,0,0
20.84,0.345,11,0,1,60.0,0,grocery,3423,0,0
52.12,1.313,9,0,1,137.9,1,cash_advance,2006,2,0
12.36,0.471,23,1,0,3.2,0,grocery,2153,0,0
54.56,2.747,13,0,0,9.1,0,grocery,601,0,0
29.36,0.554,12,0,0,0.1,1,travel,2101,0,0
195.03,4.698,10,0,1,63.8,0,grocery,1041,0,0
33.53,1.226,19,0,0,10.9,0,gambling,2342,0,0
183.8,3.795,4,1,1,119.0,0,dining,1183,0,1
55.85,1.647,14,0,1,34.4,0,online_retail,2623,0,0
60.46,1.387,4,1,1,20.5,0,grocery,1332,0,0
19.19,1.022,12,0,1,39.5,1,online_retail,272,0,0
175.93,4.545,2,1,1,69.8,0,cash_advance,3569,1,0
35.93,1.212,13,0,1,12.6,0,travel,1084,0,0
98.71,5.034,4,1,1,11.4,0,gas,3506,0,0
35.85,2.252,19,0,0,11.8,1,dining,2485,0,0
33.8,0.528,9,0,0,21.4,1,dining,1781,1,0
62.13,3.193,8,0,1,117.2,0,cash_advance,2557,0,0
51.84,1.375,1,1,1,25.8,1,dining,326,1,0
23.75,0.68,17,0,0,1.7,0,gas,729,0,0
65.46,1.522,18,0,0,40.3,0,gambling,1241,0,0
37.2,1.389,4,1,0,9.8,0,grocery,284,0,0
25.87,1.25,17,0,1,60.2,1,online_retail,2853,0,0
198.41,9.618,1,1,1,106.4,0,gas,3076,0,1
18.78,0.503,16,0,0,14.2,0,travel,2869,0,0
74.17,4.172,12,0,1,19.2,0,grocery,2865,0,0
21.28,0.715,17,0,0,10.2,8,grocery,2838,0,0
34.77,1.229,11,0,0,2.4,1,grocery,2939,0,0
5.81,0.136,12,0,1,38.6,0,gas,85,0,0
25.17,1.625,9,0,1,10.3,1,travel,1708,0,0
13.14,0.609,5,1,1,85.9,0,electronics,40,0,0
118.81,5.413,10,0,1,73.0,0,gas,994,0,0
17.54,0.565,11,0,0,5.9,1,gas,2899,0,0
166.67,3.458,15,0,1,58.9,1,grocery,1019,0,0
376.74,13.09,2,1,0,5.0,1,online_retail,121,1,1
70.48,1.658,18,0,0,3.5,0,gambling,1613,0,0
160.91,4.47,19,0,1,40.6,0,online_retail,3524,0,0
42.34,1.239,0,1,1,50.3,0,electronics,2801,1,0
49.79,2.535,8,0,0,35.5,0,gambling,435,0,0
23.77,1.064,23,1,0,14.3,0,travel,235,0,0
22.72,0.995,22,0,0,5.1,0,electronics,1598,0,0
16.62,0.799,22,0,1,46.3,0,dining,998,1,0
788.01,34.883,3,1,1,88.3,1,gambling,2786,0,1
442.82,9.262,12,0,1,51.6,0,dining,427,0,1
22.93,0.623,20,0,1,15.4,0,cash_advance,3092,0,0
30.59,0.541,10,0,1,44.4,0,grocery,1820,0,0
75.73,2.527,4,1,0,19.7,0,online_retail,2840,0,0
62.76,1.516,5,1,0,26.0,1,gas,1725,1,0
18.13,0.56,4,1,1,50.1,0,grocery,1204,0,0
172.95,5.366,23,1,1,84.4,1,grocery,3238,0,1
11.9,0.597,12,0,0,0.9,0,travel,2339,0,0
31.22,0.855,22,0,1,49.3,1,gambling,619,0,0
70.32,1.142,0,1,1,44.7,0,online_retail,1537,0,0
11.81,0.516,6,0,0,5.6,1,online_retail,183,0,0
24.73,0.67,8,0,0,30.5,0,dining,439,0,0
6.66,0.173,1,1,0,10.4,1,online_retail,2081,1,0
76.28,3.065,3,1,0,7.1,0,gambling,1397,0,0
29.71,0.826,3,1,1,56.7,2,gas,1006,0,0
26.56,0.751,14,0,1,47.7,0,grocery,136,0,0
19.07,0.658,18,0,1,73.4,2,dining,3576,1,0
110.25,3.899,15,0,1,80.7,0,online_retail,1609,0,0
64.75,1.569,1,1,0,20.8,0,online_retail,3480,0,0
50.49,1.13,10,0,0,13.4,0,gas,2202,0,0
30.13,0.86,11,0,1,34.1,0,cash_advance,2298,1,0
25.3,0.704,23,1,1,53.0,1,dining,2428,0,0
6.02,0.153,0,1,0,0.6,0,gas,3292,0,0
42.63,0.953,6,0,1,13.2,0,online_retail,2259,0,0
30.99,0.442,18,0,1,37.2,0,dining,3108,0,0
20.34,0.322,15,0,1,49.6,1,dining,1442,0,0
109.96,5.883,12,0,1,27.2,1,dining,3048,0,0
23.5,0.543,4,1,1,36.7,0,cash_advance,136,0,0
25.99,0.776,1,1,0,3.6,1,online_retail,3182,0,0
30.87,1.587,12,0,1,44.8,2,dining,2901,1,0
34.95,1.124,22,0,0,10.4,1,electronics,2265,0,0
37.16,1.306,5,1,0,1.6,1,electronics,672,0,0
92.63,4.724,0,1,0,12.1,0,dining,3547,0,0
41.54,0.873,15,0,0,4.5,0,gambling,857,0,0
46.56,0.41,18,0,1,81.6,0,dining,942,0,0
138.51,7.699,11,0,0,25.5,1,dining,1894,0,0
17.12,0.262,21,0,0,19.0,0,gambling,1810,1,0
30.48,0.557,17,0,1,18.1,0,grocery,3213,1,0
9.07,0.278,6,0,1,88.7,1,gas,788,0,0
29.09,0.602,15,0,0,4.8,1,grocery,890,0,0
59.42,3.134,21,0,1,104.5,0,online_retail,1484,0,0
11.61,0.209,0,1,0,7.6,1,online_retail,768,0,0
20.99,1.308,8,0,1,47.9,1,grocery,764,0,0
37.55,1.066,17,0,0,14.7,0,grocery,1473,0,0
48.31,0.869,9,0,1,36.8,0,cash_advance,1185,0,0
13.88,0.474,20,0,1,105.4,0,gas,277,0,0
34.54,0.724,20,0,0,7.1,1,online_retail,1689,0,0
516.88,12.079,10,0,1,41.9,2,online_retail,1851,0,1
24.42,0.754,7,0,0,8.9,0,grocery,2291,0,0
142.8,5.08,12,0,1,53.0,0,gambling,1639,0,0
78.66,2.412,11,0,0,4.4,2,gambling,3302,0,0
11.56,0.404,19,0,1,3.1,0,grocery,1415,0,0
3.05,0.061,13,0,0,11.6,1,gas,826,0,0
4.64,0.116,18,0,0,21.0,0,gambling,1647,0,0
13.81,0.498,11,0,1,18.1,1,grocery,1819,0,0
15.08,0.548,1,1,1,13.0,0,online_retail,306,0,0
7.8,0.163,19,0,1,54.2,0,gas,611,0,0
5.15,0.194,2,1,0,9.2,1,gas,1642,0,0
183.95,4.903,15,0,1,44.4,0,online_retail,204,0,1
23.28,0.625,0,1,1,63.4,1,grocery,537,0,0
116.03,2.61,19,0,1,31.6,0,online_retail,201,0,0
48.95,2.539,17,0,0,0.0,0,dining,1812,1,0
36.58,0.356,1,1,0,3.1,0,online_retail,462,0,0
38.89,0.729,14,0,0,36.9,1,dining,1365,0,0
23.76,0.751,1,1,0,12.8,4,travel,651,0,0
18.1,0.212,16,0,1,8.7,0,online_retail,1188,1,0
47.11,2.739,20,0,1,83.9,1,gas,1457,0,0
16.45,0.879,12,0,0,3.0,1,online_retail,1912,0,0
6.86,0.159,3,1,0,12.9,0,gambling,3088,0,0
61.03,3.497,12,0,1,78.6,2,cash_advance,2030,0,0
29.96,1.398,9,0,1,24.7,2,dining,2759,0,0
9.85,0.339,1,1,1,23.4,0,travel,495,0,0
9.07,0.251,16,0,0,7.3,0,dining,2877,0,0
114.14,6.026,6,0,1,56.3,0,gas,1914,0,1
16.34,0.482,7,0,0,15.2,1,gambling,3427,0,0
37.7,0.903,8,0,1,37.1,0,online_retail,79,0,0
30.94,1.011,8,0,1,81.8,0,gambling,2930,0,0
111.12,5.329,20,0,1,18.4,1,online_retail,328,0,0
39.38,1.404,17,0,1,64.3,0,grocery,1489,0,0
76.43,4.517,23,1,1,48.6,0,dining,639,0,0
23.24,1.165,17,0,1,58.3,2,electronics,1688,0,0
36.31,0.778,1,1,0,0.1,3,cash_advance,3529,0,0
20.46,0.765,16,0,1,78.2,1,gambling,3569,0,0
5.82,0.064,13,0,1,26.2,1,gas,2968,0,0
26.88,0.529,6,0,1,12.6,0,cash_advance,996,0,0
36.67,0.887,18,0,0,1.9,1,cash_advance,1422,0,0
14.45,0.342,17,0,0,25.4,6,travel,703,0,0
239.4,7.658,1,1,1,98.8,0,dining,2395,0,1
24.59,0.585,14,0,1,67.3,1,travel,253,0,0
86.29,1.636,13,0,0,9.6,2,dining,227,0,0
63.64,1.849,13,0,0,9.8,1,gambling,3213,0,0
35.26,0.357,10,0,1,14.6,3,grocery,1869,0,0
11.79,0.317,6,0,1,22.1,0,cash_advance,1284,0,0
66.11,1.724,0,1,0,20.2,1,online_retail,2561,0,0
40.51,1.431,7,0,1,3.2,0,travel,843,0,0
179.78,4.516,3,1,0,7.9,0,travel,2430,1,0
9.38,0.231,9,0,0,9.4,0,gambling,2635,0,0
17.14,0.402,6,0,1,43.2,1,dining,759,1,0
12.81,0.409,14,0,1,26.7,0,electronics,2021,0,0
59.88,2.407,22,0,0,11.8,2,online_retail,3547,0,0
26.98,0.693,16,0,1,41.9,0,gas,2953,0,0
42.31,2.058,20,0,1,29.9,0,electronics,1226,0,0
15.19,0.224,6,0,0,12.5,0,grocery,1191,0,0
29.88,1.132,8,0,1,28.8,2,gambling,89,0,0
17.9,0.31,20,0,0,6.4,0,electronics,148,0,0
18.29,0.73,1,1,0,20.3,0,online_retail,1924,0,0
28.64,0.802,10,0,0,7.0,0,dining,660,0,0
14.97,0.343,18,0,1,91.5,0,electronics,322,0,0
12.04,0.447,2,1,1,50.3,2,grocery,2666,0,0
68.13,4.077,11,0,0,1.1,2,cash_advance,3154,0,0
50.6,0.815,19,0,0,18.5,3,travel,2027,0,0
29.6,1.566,0,1,0,10.3,0,grocery,1305,0,0
11.19,0.228,19,0,1,53.8,1,online_retail,1002,0,0
20.71,0.632,7,0,0,19.7,1,cash_advance,1665,0,0
12.45,0.653,3,1,1,34.6,0,cash_advance,845,0,0
7.67,0.41,3,1,1,43.5,0,electronics,148,0,0
48.02,2.05,3,1,1,83.9,0,gambling,1730,0,0
115.94,2.575,6,0,1,105.3,0,electronics,391,0,0
4.18,0.147,15,0,1,50.1,0,online_retail,3201,0,0
311.43,10.419,19,0,0,21.7,0,gas,1501,0,1
27.0,0.723,6,0,1,53.7,0,dining,1842,0,0
140.7,6.931,0,1,0,5.1,0,grocery,1426,0,0
8.9,0.266,3,1,1,50.1,0,dining,2109,0,0
52.07,2.836,0,1,1,26.2,3,online_retail,1454,0,0
10.6,0.294,3,1,0,10.8,0,travel,1511,0,0
8.99,0.208,4,1,0,5.1,1,cash_advance,2457,0,0
44.3,1.198,7,0,1,24.5,1,gas,929,0,0
47.01,2.182,23,1,1,111.2,0,gambling,718,0,0
73.3,1.831,6,0,0,3.0,1,grocery,321,0,0
14.23,0.579,7,0,1,48.5,1,grocery,1404,0,0
26.01,0.743,13,0,1,40.6,1,online_retail,2748,0,0
18.54,0.734,19,0,1,63.1,2,grocery,1959,0,0
47.34,2.752,2,1,0,13.0,8,cash_advance,1705,1,1
15.16,0.268,5,1,1,45.2,1,grocery,3340,0,0
22.7,1.065,10,0,0,7.1,2,grocery,772,0,0
18.42,0.72,14,0,1,98.9,1,gas,2981,0,0
28.39,0.429,15,0,0,5.5,1,grocery,2600,0,0
79.07,2.958,0,1,1,78.1,2,gambling,513,0,0
40.85,1.284,11,0,0,2.1,1,dining,2242,0,0
44.57,0.847,14,0,0,3.4,0,grocery,936,0,0
24.3,0.991,21,0,0,8.0,0,gambling,3412,0,0
37.04,1.181,11,0,1,82.1,0,electronics,2271,0,0
15.2,0.562,16,0,1,65.8,0,gas,1939,0,0
4.3,0.091,17,0,0,9.2,1,online_retail,3036,0,0
48.45,2.283,21,0,0,0.3,1,grocery,959,1,0
53.58,2.119,1,1,0,22.4,0,travel,1079,0,0
60.87,0.846,10,0,1,35.4,0,grocery,2630,0,0
35.4,1.566,6,0,0,6.6,0,gas,1160,0,0
71.19,1.492,17,0,0,13.0,3,online_retail,1518,0,0
87.63,3.023,10,0,1,69.7,1,cash_advance,100,0,1
22.98,0.519,15,0,0,35.8,0,dining,3299,0,0
64.28,2.987,7,0,1,13.5,0,cash_advance,1996,0,0
19.14,0.61,10,0,0,3.0,0,grocery,2755,0,0
5.27,0.147,7,0,0,7.6,1,dining,3191,0,0
12.46,0.62,17,0,0,1.3,2,grocery,615,0,0
3.5,0.084,21,0,1,76.9,1,online_retail,2670,0,0
21.88,0.68,18,0,0,18.5,1,gambling,1179,0,0
40.33,2.732,0,1,1,40.2,1,dining,918,0,0
23.44,1.48,6,0,1,16.5,1,electronics,2764,0,0
23.46,1.41,12,0,1,30.5,0,gas,2975,0,0
31.65,0.536,7,0,1,37.5,0,gas,1134,0,0
33.0,0.494,15,0,1,105.9,0,gambling,1582,1,0
15.96,0.314,19,0,0,7.5,0,online_retail,2376,0,0
96.96,3.404,15,0,1,38.9,0,travel,966,1,0
192.38,6.096,20,0,0,9.8,0,online_retail,1976,1,0
21.43,0.349,0,1,1,78.7,1,online_retail,3401,0,0
126.27,2.155,7,0,1,47.2,2,grocery,2407,0,0
56.47,1.832,21,0,1,55.6,0,grocery,2131,0,0
32.32,1.402,23,1,0,7.1,1,grocery,1258,0,0
64.67,2.017,19,0,0,2.1,1,gas,2001,0,0
53.75,2.205,21,0,1,57.2,0,grocery,999,0,0
9.0,0.154,6,0,1,38.8,0,grocery,1026,1,0
189.05,13.193,10,0,0,13.7,0,gas,42,1,1
9.13,0.345,12,0,1,21.8,0,dining,82,0,0
23.29,0.741,23,1,1,30.7,0,dining,3551,0,0
23.49,0.796,17,0,1,137.7,1,grocery,1901,0,0
22.42,0.679,20,0,1,28.6,1,travel,968,0,0
41.38,1.431,14,0,0,21.6,0,electronics,463,0,0
21.75,0.387,12,0,1,42.6,1,grocery,2391,1,0
116.99,2.936,0,1,1,66.2,0,dining,1429,0,0
37.24,1.137,0,1,1,6.8,2,electronics,2297,0,0
14.69,0.381,0,1,1,79.7,0,cash_advance,3435,0,0
57.83,0.966,21,0,0,4.6,0,electronics,867,0,0
8.08,0.225,2,1,0,26.7,7,travel,282,0,0
14.09,0.482,16,0,1,27.3,0,online_retail,731,0,0
113.04,2.295,16,0,0,43.7,0,grocery,2599,0,0
37.28,1.275,13,0,1,78.7,1,grocery,3159,0,0
67.83,1.66,7,0,1,5.9,0,dining,1278,0,0
14.15,0.432,8,0,1,19.2,0,online_retail,2111,0,0
82.23,2.05,16,0,1,13.5,1,gambling,1382,0,0
20.52,0.503,13,0,1,34.5,0,online_retail,698,0,0
32.1,0.869,9,0,0,3.7,1,travel,2542,0,0
44.97,1.518,13,0,1,36.6,2,online_retail,24,0,0
48.21,0.441,10,0,0,13.6,0,gas,3441,0,0
17.03,0.522,4,1,1,80.1,0,gambling,674,0,0
49.22,1.484,14,0,0,6.9,0,gas,3121,0,0
10.4,0.202,12,0,1,27.5,1,cash_advance,97,1,0
59.98,2.266,13,0,1,22.5,0,grocery,1433,0,0
29.58,0.723,14,0,1,42.2,0,gas,2151,0,0
6.41,0.194,7,0,1,46.8,0,dining,3066,0,0
43.75,1.19,12,0,1,79.5,0,grocery,3482,0,0
17.9,1.375,17,0,0,13.3,1,online_retail,2648,0,0
37.07,0.507,1,1,1,33.9,3,travel,916,0,0
54.41,2.052,16,0,0,9.4,1,cash_advance,575,0,0
3.47,0.069,4,1,0,12.8,1,gas,865,0,0
11.71,0.282,10,0,0,14.3,1,online_retail,503,0,0
72.15,2.504,16,0,1,141.9,0,gambling,22,0,0
29.63,0.881,23,1,0,9.1,1,gas,204,0,0
52.4,2.522,0,1,0,2.6,0,travel,877,0,0
20.69,0.716,15,0,1,67.9,1,grocery,2546,0,0
74.98,2.824,23,1,1,42.0,1,online_retail,3438,0,0
9.28,0.335,5,1,0,12.9,2,travel,3389,0,0
13.4,0.275,21,0,1,107.8,0,online_retail,2749,0,0
74.41,5.274,10,0,1,44.6,0,grocery,1968,0,0
3.67,0.196,16,0,1,29.8,1,travel,2712,0,0
34.72,0.624,10,0,0,14.5,0,gambling,216,1,0
24.96,0.94,15,0,1,85.6,1,grocery,3149,0,0
28.43,1.177,6,0,0,3.2,1,travel,1466,0,0
18.52,0.561,5,1,0,2.3,2,cash_advance,2987,0,0
117.73,4.403,7,0,1,50.1,1,travel,3161,2,0
468.28,18.108,18,0,0,10.9,0,gas,1166,0,1
53.92,2.765,20,0,0,1.2,0,dining,1014,0,0
241.55,16.039,20,0,1,73.3,1,gambling,2856,0,1
9.65,0.223,23,1,0,8.2,0,dining,1358,0,0
17.25,0.713,16,0,0,2.7,2,online_retail,2520,1,0
95.74,3.15,5,1,1,13.0,0,gas,581,0,0
8.5,0.433,1,1,0,12.3,1,dining,1433,0,0
297.96,2.468,4,1,1,52.3,0,dining,1337,0,0
20.6,0.521,3,1,0,23.5,0,electronics,3504,0,0
379.01,21.633,12,0,1,28.6,0,dining,2049,1,1
436.44,7.995,22,0,0,35.2,1,dining,1609,0,1
154.95,7.396,16,0,1,31.6,0,dining,1980,0,0
74.29,3.076,17,0,0,4.7,0,grocery,2004,0,0
7.81,0.204,5,1,1,40.8,0,grocery,3427,1,0
12.37,0.664,3,1,0,15.5,1,travel,56,0,0
21.12,0.389,6,0,1,43.9,0,grocery,667,0,0
15.59,0.503,12,0,0,11.1,0,online_retail,443,1,0
255.94,6.238,20,0,0,37.6,0,gas,1408,0,1
22.68,0.459,22,0,0,15.6,2,electronics,25,0,0
30.43,1.889,13,0,1,42.2,2,cash_advance,1454,0,0
33.58,0.408,20,0,0,26.5,0,travel,532,0,0
12.48,0.248,19,0,1,41.2,0,electronics,3138,0,0
40.07,0.663,0,1,1,77.7,0,grocery,2384,0,0
74.46,1.32,7,0,0,15.9,0,dining,1721,0,0
19.56,0.566,1,1,1,83.8,0,cash_advance,164,0,0
38.66,0.965,21,0,0,18.4,8,dining,2870,0,0
39.9,0.938,7,0,0,7.5,0,gas,1880,1,0
307.54,5.743,14,0,1,49.5,5,dining,3241,0,1
27.89,0.677,16,0,0,36.8,0,gas,3392,0,0
109.34,2.542,20,0,0,8.7,0,gas,722,0,0
147.29,4.155,16,0,0,10.0,0,travel,2947,0,0
57.88,1.729,21,0,1,65.6,1,dining,3476,1,0
46.61,2.813,16,0,1,22.7,2,electronics,2909,0,0
16.48,0.839,1,1,1,102.6,3,electronics,1588,0,0
18.15,0.369,19,0,1,27.1,1,cash_advance,2583,0,0
110.75,1.368,18,0,0,6.9,0,grocery,1979,2,0
89.42,1.884,23,1,1,88.9,0,dining,1697,0,0
66.56,2.545,2,1,1,45.0,0,gas,3235,0,0
89.24,3.639,16,0,1,59.0,0,dining,2593,1,0
267.49,8.719,21,0,1,93.1,1,gambling,3331,0,1
47.15,1.912,6,0,1,34.7,0,grocery,3150,0,0
34.79,0.688,0,1,1,105.9,1,grocery,2290,0,0
289.09,6.686,9,0,1,71.4,0,electronics,1101,0,1
39.09,1.185,19,0,1,18.9,0,dining,833,1,0
19.12,0.351,6,0,1,66.2,0,travel,2875,0,0
69.21,2.352,15,0,0,6.5,0,gambling,2923,1,0
62.74,1.391,4,1,0,10.4,1,gambling,3419,0,0
159.08,3.342,10,0,1,90.1,0,grocery,2505,0,0
10.62,0.193,4,1,1,45.4,1,gas,399,0,0
56.64,2.986,17,0,0,2.0,1,cash_advance,1630,0,0
25.04,0.906,23,1,1,6.2,3,grocery,530,0,0
18.82,0.963,18,0,1,67.1,0,travel,2629,0,0
7.29,0.269,7,0,1,90.8,0,gambling,3286,0,0
76.71,5.117,9,0,0,7.9,0,online_retail,3311,0,0
21.45,0.374,18,0,1,58.7,0,cash_advance,1348,0,0
13.52,0.483,6,0,1,53.1,1,gambling,2110,0,0
91.56,2.296,1,1,1,48.7,1,online_retail,3135,0,0
68.02,2.642,23,1,1,45.7,1,cash_advance,1700,0,0
32.41,0.798,15,0,0,30.8,1,online_retail,1799,0,0
80.65,1.719,1,1,0,6.3,0,online_retail,2074,0,0
47.92,1.915,2,1,1,107.6,0,cash_advance,2579,0,0
268.1,7.778,16,0,1,33.6,1,gambling,2333,0,0
27.88,1.586,22,0,1,117.1,0,grocery,3586,0,0
13.12,0.229,20,0,1,22.0,2,travel,983,0,0
24.93,1.254,10,0,0,1.6,0,online_retail,3077,0,0
172.65,7.667,8,0,1,11.6,1,dining,966,0,0
25.26,0.779,11,0,0,9.0,1,gas,2916,0,0
104.13,3.556,8,0,0,0.2,0,gambling,1191,0,0
28.18,1.394,21,0,1,34.1,2,online_retail,2233,0,0
16.81,0.914,3,1,1,84.5,1,grocery,2942,0,0
5.16,0.196,8,0,0,10.5,0,gambling,2693,0,0
556.49,19.903,17,0,0,4.8,0,travel,3183,0,1
15.96,0.768,10,0,1,25.1,0,cash_advance,2910,0,0
115.53,4.82,13,0,0,20.8,1,grocery,2768,1,0
26.75,0.906,0,1,1,95.3,7,grocery,881,1,0
9.08,0.326,8,0,1,42.5,2,gambling,966,0,0
21.14,0.687,12,0,1,10.2,1,travel,1808,0,0
83.84,3.672,6,0,1,84.0,2,grocery,3539,0,0
19.49,0.386,22,0,1,53.1,1,grocery,164,0,0
4.68,0.261,5,1,0,0.7,1,cash_advance,107,0,0
74.7,2.113,23,1,0,32.5,1,dining,3195,0,0
22.76,1.158,6,0,0,17.6,0,online_retail,3099,0,0
11.61,0.342,19,0,0,9.5,1,grocery,1084,0,0
13.68,0.442,13,0,0,4.7,0,online_retail,174,0,0
61.51,1.695,0,1,0,21.9,0,dining,1683,0,0
36.9,1.566,12,0,0,4.7,1,grocery,1103,0,0
59.53,3.415,8,0,0,2.5,1,gambling,2213,0,0
17.81,0.492,18,0,0,12.5,0,online_retail,2620,0,0
88.35,2.674,12,0,0,22.9,1,online_retail,3149,1,0
49.04,1.04,23,1,0,7.2,0,dining,1169,0,0
79.09,1.793,15,0,0,14.1,2,dining,1708,1,0
23.7,1.196,17,0,0,23.4,1,online_retail,2095,0,0
58.6,1.32,14,0,0,22.1,2,dining,816,0,0
35.99,1.541,10,0,1,115.0,0,gambling,2792,0,0
12.92,0.372,5,1,1,40.0,1,dining,2911,0,0
12.53,0.491,13,0,0,33.2,0,electronics,1877,0,0
23.1,0.767,16,0,1,25.8,0,electronics,2358,0,0
79.15,1.753,4,1,1,36.3,6,dining,2825,0,0
215.66,5.939,4,1,0,2.0,0,dining,407,0,0
31.84,1.656,3,1,0,19.8,0,gambling,491,0,0
42.05,1.685,5,1,0,4.9,1,gambling,1555,0,0
22.74,0.949,23,1,1,25.8,1,grocery,2661,0,0
43.57,1.631,4,1,1,12.1,1,electronics,1112,0,0
110.54,2.891,9,0,0,6.6,0,gambling,789,0,0
50.74,1.229,7,0,1,37.9,1,dining,2846,1,0
40.59,1.612,2,1,1,39.6,0,dining,2411,1,0
63.24,1.763,16,0,0,10.8,1,electronics,988,0,0
74.36,4.694,18,0,1,89.1,0,gas,1283,0,0
37.07,1.355,20,0,0,12.4,2,gas,437,0,0
21.23,0.443,22,0,0,15.8,1,online_retail,2384,0,0
43.42,2.323,23,1,1,53.7,1,gambling,1750,0,0
34.16,1.622,3,1,0,9.3,5,travel,2148,0,0
186.13,7.569,12,0,1,26.7,2,gambling,429,1,1
63.02,2.685,15,0,1,128.3,0,gambling,635,1,0
6.2,0.145,8,0,0,0.5,1,cash_advance,1624,0,0
47.88,2.217,6,0,1,71.1,0,cash_advance,1321,0,0
31.42,0.873,4,1,1,16.2,1,dining,2191,0,0
22.2,0.777,4,1,0,16.3,0,grocery,3202,0,0
30.53,0.908,23,1,1,94.3,1,cash_advance,2659,0,0
22.73,0.707,1,1,1,100.0,3,cash_advance,2470,0,0
46.9,1.843,18,0,1,85.3,0,online_retail,3089,1,0
6.64,0.144,4,1,1,86.5,2,grocery,1678,0,0
21.0,0.951,10,0,1,47.7,0,travel,3108,0,0
148.2,2.689,0,1,1,37.1,0,travel,1395,0,0
10.99,0.438,17,0,0,12.7,0,grocery,63,1,0
51.54,1.893,2,1,1,41.0,0,grocery,959,1,0
69.67,2.486,22,0,1,107.0,0,grocery,1825,0,0
21.33,0.775,7,0,1,114.8,0,dining,2638,1,0
42.06,0.728,15,0,1,75.1,1,dining,1499,0,0
9.73,0.458,1,1,1,34.5,1,online_retail,116,0,0
32.32,1.406,6,0,1,23.0,0,grocery,1212,1,0
26.06,2.011,2,1,0,21.5,1,dining,2656,0,0
93.41,3.17,23,1,0,1.6,0,grocery,623,0,0
35.18,1.083,18,0,0,6.7,2,cash_advance,850,0,0
14.58,0.672,22,0,0,32.7,0,grocery,308,0,0
94.69,4.976,11,0,1,59.9,1,cash_advance,2295,0,0
44.06,0.758,23,1,1,94.5,1,dining,859,0,0
113.6,1.947,18,0,0,9.5,2,grocery,2151,1,0
23.96,0.998,2,1,1,57.9,2,grocery,1351,1,0
123.57,1.569,8,0,0,30.5,0,gas,341,0,0
15.3,0.598,2,1,1,80.0,1,gas,1000,0,0
18.86,0.469,3,1,0,8.0,0,gas,3295,0,0
45.18,2.334,16,0,0,1.4,1,cash_advance,3321,0,0
23.57,0.796,13,0,1,42.1,2,gambling,2719,0,0
49.32,3.151,11,0,1,68.6,1,gas,152,0,0
17.41,0.388,11,0,1,57.0,1,dining,2888,0,0
58.85,0.699,16,0,1,49.4,0,electronics,995,0,0
52.41,1.948,10,0,1,27.5,0,online_retail,2571,1,0
6.48,0.109,7,0,1,65.0,0,cash_advance,3171,0,0
71.15,2.6,22,0,0,19.8,8,online_retail,2830,1,0
176.56,8.895,12,0,0,1.8,0,grocery,1308,0,1
57.59,1.517,0,1,0,4.8,0,online_retail,2075,0,0
52.88,1.951,5,1,0,7.3,0,grocery,1495,0,0
51.71,1.666,0,1,1,4.0,0,dining,2433,0,0
37.11,0.888,8,0,0,9.4,2,travel,2971,0,0
32.47,1.253,12,0,1,99.4,0,dining,1218,0,0
119.43,2.768,9,0,0,5.4,0,dining,3421,1,0
4.48,0.119,8,0,1,54.2,0,online_retail,2752,0,0
235.08,9.718,11,0,0,2.1,3,gas,1109,0,1
7.9,0.233,13,0,0,12.7,1,travel,1879,0,0
117.33,4.306,0,1,1,53.3,0,online_retail,2746,0,0
40.49,0.962,1,1,0,18.2,0,cash_advance,2190,0,0
42.6,0.975,21,0,0,11.2,4,dining,2742,1,0
18.33,0.818,12,0,1,107.5,0,cash_advance,3117,0,0
8.12,0.301,12,0,0,12.2,0,gas,191,0,0
23.59,0.376,14,0,1,78.5,1,electronics,3059,0,0
43.84,1.305,13,0,0,49.3,0,dining,1198,0,0
66.44,3.284,15,0,0,16.3,8,dining,1005,0,0
35.48,2.015,18,0,1,57.0,0,travel,387,0,0
28.24,0.698,18,0,1,42.8,0,gambling,804,1,0
16.17,0.193,1,1,1,67.1,0,travel,40,1,0
13.21,0.973,3,1,0,13.1,0,grocery,1253,0,0
54.95,2.625,15,0,0,30.1,6,gas,1074,0,0
11.16,0.336,15,0,1,40.3,1,dining,1511,0,0
89.11,2.47,6,0,0,18.8,0,online_retail,1108,0,0
19.91,0.661,17,0,0,14.9,1,dining,304,0,0
71.24,1.146,23,1,0,8.6,0,grocery,3238,0,0
14.46,0.775,21,0,0,1.9,2,dining,649,0,0
55.31,1.55,17,0,0,5.2,1,online_retail,3290,0,0
9.62,0.167,13,0,1,99.6,2,gambling,1364,0,0
37.67,1.003,5,1,0,2.5,0,online_retail,1920,0,0
138.78,3.446,8,0,1,107.7,0,grocery,87,0,0
10.85,0.315,13,0,0,10.6,1,dining,209,0,0
60.35,1.447,21,0,1,62.9,1,cash_advance,1072,1,0
114.54,4.562,22,0,1,16.3,1,dining,3076,0,0
69.16,2.665,15,0,1,69.8,0,grocery,3161,0,0
166.7,5.128,10,0,1,51.0,0,gambling,1735,0,0
44.62,0.859,6,0,0,24.4,0,cash_advance,634,0,0
89.04,2.723,8,0,0,7.9,0,grocery,2650,0,0
14.0,0.336,4,1,0,1.4,0,gambling,1737,0,0
50.03,1.648,1,1,1,24.8,0,gambling,1844,0,0
17.51,0.864,5,1,0,23.3,2,dining,967,0,0
226.33,5.254,11,0,1,25.1,1,online_retail,2443,0,0
16.84,0.442,9,0,1,37.6,0,cash_advance,1891,0,0
12.11,0.322,3,1,1,80.6,0,gas,122,1,0
53.04,2.567,17,0,1,16.3,1,dining,567,0,0
61.65,2.045,5,1,1,44.5,0,online_retail,3422,0,0
26.77,0.644,20,0,0,9.8,1,dining,75,0,0
110.0,3.505,0,1,0,4.2,0,grocery,1543,0,0
117.88,3.875,12,0,0,1.2,0,cash_advance,3376,0,0
117.97,3.067,20,0,0,11.1,1,gas,2231,0,0
44.91,2.443,21,0,0,43.1,0,online_retail,1308,0,0
60.42,2.038,6,0,1,54.1,0,travel,2722,0,0
121.31,5.318,21,0,0,28.4,0,electronics,2631,1,0
33.79,1.119,19,0,1,100.2,1,online_retail,649,0,0
60.08,4.24,15,0,1,62.2,1,online_retail,1740,1,0
10.48,0.458,3,1,1,96.6,0,gambling,708,0,0
162.88,4.253,14,0,0,29.5,5,gambling,638,0,0
28.86,0.623,3,1,0,11.2,2,travel,187,0,0
244.97,13.527,18,0,0,31.4,0,gas,3152,0,1
63.6,1.717,5,1,0,4.4,0,dining,810,0,0
53.5,1.216,22,0,0,2.2,0,grocery,746,0,0
198.52,7.615,16,0,1,41.5,1,cash_advance,2657,0,1
38.46,1.328,17,0,1,42.9,7,online_retail,215,0,0
33.07,1.332,15,0,1,24.8,0,grocery,3378,0,0
16.97,0.579,20,0,1,64.6,1,grocery,3029,1,0
64.68,1.965,21,0,1,38.2,1,gambling,3075,0,0
156.83,6.258,10,0,1,54.1,0,gas,400,0,0
106.11,3.525,20,0,1,60.0,1,dining,983,1,0
6.29,0.138,17,0,0,1.6,6,gambling,2860,0,0
10.91,0.192,3,1,1,105.1,1,online_retail,2090,0,0
32.36,0.642,3,1,1,35.3,0,dining,2611,1,0
15.1,0.369,20,0,1,75.9,1,gambling,1607,0,0
5.15,0.127,19,0,0,13.9,0,cash_advance,2221,0,0
136.99,3.856,18,0,1,11.3,0,cash_advance,530,0,0
34.72,1.543,17,0,1,90.1,1,dining,2762,0,0
73.43,3.577,7,0,1,40.9,0,electronics,3410,0,0
133.28,4.878,9,0,0,20.6,1,travel,1878,0,0
22.02,0.433,5,1,0,12.8,1,electronics,210,0,0
136.14,7.559,10,0,1,84.7,2,online_retail,603,0,1
10.11,0.371,16,0,0,7.0,6,grocery,2045,0,0
51.5,1.919,5,1,1,57.4,0,electronics,2028,0,0
136.99,3.164,8,0,1,25.5,2,gas,1184,0,0
5.39,0.383,9,0,0,10.0,0,electronics,1639,1,0
59.58,1.544,15,0,1,35.6,0,grocery,3175,0,0
12.85,0.353,17,0,0,10.8,0,travel,2510,0,0
21.42,0.452,11,0,0,15.8,1,grocery,925,0,0
15.15,0.6,21,0,1,8.9,0,grocery,3375,0,0
205.39,8.583,20,0,1,96.6,1,grocery,2342,0,1
9.95,0.439,17,0,0,23.1,0,online_retail,1494,0,0
27.54,0.823,6,0,0,38.9,0,dining,1174,1,0
116.31,3.005,5,1,1,75.8,0,online_retail,463,1,0
21.35,0.707,17,0,0,8.0,0,grocery,3010,1,0
135.19,5.865,19,0,1,15.5,0,electronics,2603,0,1
16.97,0.654,0,1,1,30.1,1,gas,410,0,0
9.81,0.307,4,1,1,63.1,1,online_retail,153,1,0
50.54,0.468,10,0,0,13.6,1,online_retail,3314,0,0
12.87,0.495,0,1,0,17.5,0,gas,1362,0,0
14.94,0.314,20,0,0,11.5,0,electronics,1590,0,0
21.45,0.515,23,1,0,6.0,8,grocery,1778,0,0
60.43,1.22,18,0,1,102.4,0,grocery,1487,0,0
33.2,0.563,1,1,0,1.0,1,cash_advance,2339,0,0
28.41,0.506,4,1,1,103.6,1,cash_advance,1350,0,0
59.22,1.379,1,1,1,65.8,0,electronics,2418,0,0
66.69,1.679,18,0,0,6.5,0,grocery,2400,0,0
15.18,0.341,4,1,0,3.7,3,dining,408,0,0
219.92,5.239,15,0,0,4.6,1,dining,3248,0,0
38.83,1.17,4,1,1,98.0,1,dining,854,0,0
59.48,2.252,7,0,1,46.3,0,gas,2204,0,0
10.68,0.161,9,0,1,37.6,0,gas,340,0,0
16.88,0.948,16,0,0,0.7,0,grocery,95,0,0
5.41,0.259,18,0,1,60.0,0,dining,836,0,0
143.71,1.978,10,0,1,15.4,0,gas,477,0,0
52.86,1.373,19,0,1,40.3,1,dining,3124,0,0
5.01,0.192,16,0,1,52.6,0,cash_advance,1734,0,0
56.57,1.076,15,0,1,76.7,1,travel,688,0,0
24.02,0.494,13,0,1,57.8,0,online_retail,2741,0,0
6.35,0.2,12,0,1,63.0,7,grocery,424,0,0
35.28,0.401,2,1,1,33.4,1,grocery,22,0,0
33.64,1.278,11,0,0,31.5,10,dining,736,0,0
27.95,1.119,13,0,0,4.0,1,cash_advance,945,0,0
24.64,2.161,21,0,1,29.7,3,gas,2107,0,0
31.08,2.504,20,0,1,30.1,0,dining,1548,0,0
52.54,1.033,6,0,1,56.3,0,online_retail,971,0,0
144.13,4.827,0,1,1,94.7,1,online_retail,556,0,0
83.36,3.001,23,1,1,33.3,0,grocery,1194,0,0
32.11,1.138,22,0,1,47.6,1,cash_advance,1004,0,0
11.76,0.346,21,0,0,13.9,0,grocery,2418,0,0
26.82,0.882,1,1,1,91.0,0,online_retail,3489,2,0
19.43,0.905,23,1,0,9.5,2,travel,3597,0,0
395.24,5.33,13,0,1,29.2,0,travel,325,0,0
133.18,5.806,10,0,1,82.3,0,electronics,1332,0,0
8.35,0.353,12,0,1,69.5,2,electronics,3160,0,0
27.62,0.73,22,0,0,4.4,0,dining,2054,0,0
28.76,1.364,15,0,0,3.0,0,travel,2317,0,0
112.57,2.539,20,0,0,16.7,0,dining,3254,1,0
44.59,2.102,8,0,0,0.9,1,gambling,1453,0,0
12.77,0.37,7,0,1,15.0,1,gas,843,0,0
127.67,2.747,1,1,1,24.2,1,travel,182,0,0
26.77,0.999,5,1,1,47.0,2,dining,3372,0,0
60.25,1.128,19,0,1,42.6,1,grocery,3010,0,0
15.8,0.677,8,0,0,33.3,1,online_retail,2696,1,0
45.05,1.533,10,0,0,7.8,0,dining,606,1,0
41.54,1.01,17,0,0,18.0,0,cash_advance,3357,0,0
229.75,11.158,7,0,1,49.5,0,gambling,374,1,1
17.86,0.539,11,0,1,29.0,2,cash_advance,2914,0,0
89.34,2.933,1,1,1,106.8,0,dining,2482,0,0
66.13,3.04,6,0,1,26.0,1,online_retail,3052,0,0
13.26,0.637,20,0,0,18.2,1,online_retail,708,1,0
66.01,2.607,7,0,0,13.3,9,grocery,669,0,0
30.28,0.799,3,1,1,18.2,0,dining,1377,0,0
11.51,0.22,18,0,0,8.1,1,travel,1268,1,0
66.46,2.276,0,1,1,27.7,0,gas,980,0,0
69.3,3.772,4,1,0,6.3,1,travel,3126,0,0
28.48,1.215,8,0,0,8.4,1,cash_advance,3360,1,0
18.11,0.242,7,0,1,5.0,0,online_retail,1589,0,0
82.43,2.026,20,0,1,58.5,0,dining,2269,0,0
20.13,0.531,6,0,0,3.5,0,electronics,2899,0,0
54.01,1.534,6,0,0,14.5,0,grocery,238,0,0
62.37,2.496,16,0,0,11.5,2,gambling,2656,0,0
12.69,0.767,21,0,1,110.4,1,gas,2957,0,0
8.91,0.208,14,0,1,49.1,4,grocery,1137,0,0
11.68,0.327,2,1,0,1.6,1,gas,1705,0,0
33.39,0.64,15,0,1,19.9,2,dining,2176,0,0
31.66,0.496,7,0,1,74.8,2,grocery,237,0,0
81.9,3.876,8,0,1,41.6,0,electronics,3536,0,0
102.05,2.491,5,1,1,59.8,0,online_retail,3015,1,0
48.58,1.842,13,0,1,108.3,0,dining,893,0,0
64.51,1.65,23,1,0,11.8,0,gambling,520,0,0
94.97,3.23,20,0,1,74.0,1,dining,1890,0,0
106.81,1.347,11,0,0,8.7,1,grocery,3504,0,0
140.89,12.647,6,0,1,67.6,2,online_retail,1334,0,1
33.85,0.81,1,1,1,6.1,2,online_retail,3051,0,0
204.71,6.819,12,0,0,13.3,0,cash_advance,495,0,1
146.25,7.597,13,0,1,58.4,0,grocery,3310,1,0
49.87,1.811,2,1,1,61.1,1,travel,1716,0,0
113.22,3.749,2,1,0,0.4,7,online_retail,355,0,1
28.72,1.669,9,0,1,86.6,1,dining,3080,0,0
18.19,0.624,8,0,0,13.6,0,dining,1229,0,0
18.46,1.036,2,1,1,24.9,1,electronics,2128,0,0
28.71,0.572,2,1,0,22.9,2,grocery,1287,0,0
57.8,1.197,8,0,1,44.9,2,grocery,3089,0,0
21.25,0.724,16,0,1,76.1,0,gambling,2369,0,0
7.93,0.124,11,0,0,9.9,1,travel,2506,0,0
15.49,0.36,1,1,1,30.6,0,cash_advance,785,1,0
41.07,1.077,19,0,0,24.9,2,gas,2566,0,0
9.17,0.265,5,1,0,4.5,0,online_retail,1706,0,0
12.47,0.35,2,1,0,5.2,0,online_retail,2165,0,0
112.33,4.393,19,0,1,71.9,0,online_retail,2719,0,0
40.42,2.506,17,0,1,37.1,5,cash_advance,3038,1,0
13.39,0.519,22,0,1,67.5,0,cash_advance,40,0,0
50.08,1.47,19,0,0,23.8,0,online_retail,1614,0,0
24.24,0.616,23,1,1,78.9,0,grocery,834,0,0
7.96,0.306,16,0,1,70.0,0,gambling,2563,0,0
11.03,0.211,2,1,1,30.1,0,gambling,2731,0,0
66.48,1.258,22,0,0,28.1,1,cash_advance,63,0,0
17.33,0.602,21,0,0,28.2,0,grocery,681,0,0
8.23,0.427,19,0,0,24.8,1,gambling,747,0,0
58.03,2.376,9,0,0,14.4,2,travel,3246,0,0
14.11,0.326,22,0,0,4.1,0,gambling,2053,0,0
17.96,0.45,18,0,1,64.1,0,grocery,3091,0,0
207.73,4.018,6,0,1,33.3,1,travel,338,0,0
12.72,0.36,0,1,0,9.2,0,dining,2115,0,0
10.75,0.499,8,0,1,61.3,1,online_retail,707,1,0
14.52,0.54,5,1,0,6.1,0,grocery,2113,0,0
10.07,0.425,21,0,1,7.5,1,online_retail,1939,0,0
48.99,2.28,10,0,1,70.4,0,grocery,1201,0,0
30.8,1.404,21,0,0,1.1,1,gas,3440,1,0
210.03,6.116,13,0,1,85.4,0,dining,1880,0,1
22.42,0.342,1,1,1,53.1,1,grocery,2212,0,0
2.74,0.034,22,0,0,6.1,1,online_retail,2324,0,0
114.28,4.61,15,0,0,38.2,0,dining,267,0,0
83.01,1.387,6,0,1,45.8,2,dining,3411,0,0
28.52,0.906,6,0,1,99.7,1,cash_advance,1609,0,0
25.44,0.825,18,0,1,47.4,0,grocery,1594,0,0
22.71,0.578,16,0,0,13.1,0,online_retail,1929,0,0
10.91,0.457,7,0,1,26.1,0,gas,1230,1,0
77.67,3.231,21,0,1,57.4,0,travel,2255,0,0
83.04,2.238,10,0,1,27.5,0,online_retail,1674,1,0
43.54,1.645,12,0,1,34.5,2,grocery,3355,0,0
10.26,0.383,19,0,1,59.4,1,grocery,1204,0,0
38.46,1.077,6,0,1,42.0,1,electronics,2523,0,0
68.0,1.802,6,0,1,48.1,1,gambling,3031,0,0
65.81,0.792,9,0,0,7.9,0,cash_advance,1569,0,0
40.12,1.672,4,1,1,10.5,1,grocery,3244,0,0
11.85,0.464,10,0,0,7.4,1,dining,1922,0,0
28.81,1.428,22,0,1,34.2,0,online_retail,2260,0,0
12.56,0.244,11,0,1,9.6,0,electronics,3286,0,0
12.37,0.34,4,1,1,29.4,1,dining,369,0,0
13.72,0.359,12,0,1,17.3,1,grocery,756,0,0
39.47,2.751,12,0,1,62.5,1,online_retail,2473,0,0
41.99,2.796,20,0,0,0.6,0,gas,453,0,0
15.74,0.645,12,0,1,12.6,2,gas,2446,0,0
262.91,13.285,6,0,0,0.7,1,cash_advance,1864,1,1
7.73,0.15,14,0,0,0.8,0,online_retail,2119,0,0
9.46,0.451,14,0,1,123.1,0,online_retail,570,0,0
79.04,1.617,16,0,1,66.8,0,grocery,425,0,0
18.24,0.492,0,1,1,62.4,1,online_retail,3418,0,0
22.63,0.518,6,0,0,25.9,1,gambling,3336,0,0
21.12,0.814,1,1,0,42.7,1,online_retail,1563,0,0
36.8,1.311,3,1,1,54.6,1,cash_advance,1556,0,0
51.1,0.839,23,1,1,89.2,2,electronics,2517,0,0
343.09,19.994,16,0,0,19.5,0,online_retail,1163,0,1
40.83,2.693,3,1,1,76.3,0,gambling,380,0,0
38.77,1.026,10,0,0,3.8,1,online_retail,2238,0,0
10.92,0.225,10,0,0,2.5,0,gambling,240,0,0
33.78,0.774,9,0,1,53.6,0,grocery,1591,1,0
118.3,7.235,15,0,1,70.5,0,gambling,864,0,1
18.34,0.563,13,0,1,52.7,0,online_retail,3148,0,0
35.21,1.393,0,1,1,63.4,1,grocery,1945,0,0
125.27,4.55,1,1,0,12.9,0,grocery,2034,0,0
36.36,1.72,20,0,1,25.3,2,gas,532,1,0
41.89,1.528,22,0,1,86.5,1,grocery,1680,0,0
243.22,9.96,20,0,1,30.5,0,electronics,3521,0,1
54.16,4.003,15,0,1,85.3,1,gambling,1627,0,0
31.76,1.23,6,0,0,23.5,0,dining,3167,1,0
145.81,6.754,10,0,0,31.9,0,dining,1618,0,0
4.92,0.173,15,0,1,98.4,1,gambling,1159,0,0
23.57,1.317,15,0,0,6.4,6,grocery,1074,0,0
61.62,2.97,22,0,0,21.1,0,dining,1467,0,0
53.08,1.808,16,0,1,88.1,2,dining,604,0,0
10.29,0.275,8,0,1,55.1,1,dining,1351,0,0
10.4,0.326,9,0,1,36.5,0,gas,2299,0,0
14.99,0.371,21,0,1,63.3,0,grocery,2345,1,0
44.82,1.246,16,0,1,63.9,0,grocery,3113,0,0
24.65,0.473,11,0,0,2.3,0,gas,880,0,0
131.23,7.765,20,0,1,78.0,1,online_retail,661,0,1
16.38,0.303,13,0,1,27.8,1,cash_advance,840,1,0
41.09,0.497,6,0,1,50.8,1,grocery,3506,0,0
45.04,1.064,18,0,0,2.8,2,grocery,1309,0,0
8.72,0.141,0,1,1,35.5,0,cash_advance,848,0,0
40.63,1.192,2,1,1,73.2,0,online_retail,1159,0,0
327.32,8.314,10,0,1,57.9,0,grocery,997,0,1
92.62,1.455,6,0,1,23.0,2,online_retail,2415,0,0
51.5,0.964,11,0,0,9.7,1,gas,2506,1,0
36.24,2.359,16,0,0,7.1,2,cash_advance,1263,0,0
31.01,0.779,9,0,0,5.1,1,gambling,3471,0,0
25.74,0.688,14,0,1,49.6,2,online_retail,3354,0,0
142.68,8.647,3,1,0,5.9,8,electronics,2316,1,1
17.87,0.697,19,0,0,19.2,1,grocery,2661,0,0
35.86,1.358,19,0,0,4.8,1,grocery,3279,0,0
25.2,0.91,19,0,1,34.8,0,cash_advance,2290,0,0
72.02,3.833,6,0,1,64.1,0,grocery,1205,0,0
22.21,0.883,4,1,0,0.1,1,gas,2102,0,0
43.41,1.854,9,0,0,13.1,0,gambling,2465,0,0
63.11,1.674,4,1,1,71.2,0,gas,691,1,0
25.91,0.839,15,0,1,72.4,3,electronics,404,1,0
31.23,0.425,5,1,1,77.0,1,cash_advance,1665,0,0
29.74,0.672,14,0,0,12.5,1,grocery,2174,0,0
34.32,0.788,17,0,1,36.3,1,grocery,2844,0,0
4.57,0.201,10,0,1,90.2,1,dining,223,0,0
286.52,5.632,7,0,0,0.9,2,grocery,1870,0,0
56.57,1.589,8,0,1,12.6,2,travel,986,0,0
61.79,0.786,3,1,0,15.3,1,cash_advance,366,0,0
183.68,5.488,0,1,1,38.8,0,cash_advance,2690,0,1
30.82,0.418,2,1,1,28.2,1,dining,1529,0,0
56.33,3.625,19,0,0,5.8,1,travel,1738,0,0
28.01,1.025,13,0,1,68.9,1,dining,3348,0,0
94.55,1.936,4,1,0,11.1,0,dining,1410,0,0
216.29,5.952,12,0,0,3.7,0,grocery,2513,0,0
65.02,0.718,9,0,1,98.5,0,dining,431,0,0
13.62,0.547,21,0,0,2.6,0,dining,694,0,0
173.4,3.213,16,0,0,21.0,0,dining,2863,1,0
13.21,0.489,21,0,0,19.2,0,dining,2699,0,0
31.43,1.005,13,0,0,9.2,1,cash_advance,1472,0,0
220.19,4.316,10,0,1,28.2,0,grocery,1613,0,0
9.58,0.186,7,0,1,50.5,0,travel,3196,0,0
116.93,5.426,5,1,0,12.4,2,grocery,884,0,0
42.39,2.021,14,0,0,4.7,1,dining,1438,0,0
76.02,3.37,10,0,1,6.7,0,travel,1836,0,0
147.59,3.967,19,0,0,15.4,3,gambling,1090,0,0
48.9,1.738,15,0,1,81.1,8,dining,719,0,0
66.18,2.178,15,0,0,0.1,0,gas,2773,0,0
4.93,0.131,7,0,1,76.9,8,travel,3537,0,0
64.72,2.551,17,0,1,36.6,0,dining,521,1,0
69.33,3.185,17,0,0,6.6,2,dining,3337,0,0
59.77,3.254,2,1,1,50.1,0,grocery,1472,0,0
13.87,0.389,12,0,0,3.7,2,dining,2448,0,0
67.88,2.922,3,1,1,93.6,1,dining,2657,0,0
61.28,2.041,7,0,1,56.6,1,online_retail,1237,0,0
6.95,0.17,6,0,0,11.6,1,gas,2626,0,0
52.27,2.024,11,0,1,7.2,0,grocery,3143,1,0
8.58,0.281,18,0,1,40.8,1,grocery,1226,0,0
130.79,2.755,5,1,0,5.3,2,dining,109,0,0
34.05,1.351,21,0,1,15.8,1,grocery,1497,0,0
19.5,0.22,7,0,0,15.4,0,cash_advance,814,0,0
7.0,0.342,9,0,1,52.3,0,gambling,880,0,0
88.45,0.948,12,0,1,111.5,0,online_retail,2562,0,0
23.06,0.367,5,1,1,106.4,1,grocery,3570,0,0
110.21,2.837,18,0,0,18.6,1,travel,3302,0,0
33.15,0.987,18,0,1,7.3,0,gas,2001,0,0
56.49,1.58,23,1,1,31.1,0,gas,2054,0,0
41.52,1.848,16,0,1,63.9,0,online_retail,1045,0,0
13.69,0.157,15,0,1,78.5,0,dining,1066,0,0
70.81,0.984,11,0,1,49.1,1,online_retail,1115,0,0
63.23,5.404,21,0,1,34.7,1,electronics,3197,1,0
50.07,1.075,22,0,0,16.2,0,gas,1666,0,0
119.51,6.215,20,0,1,40.9,0,online_retail,2918,0,0
10.38,0.233,15,0,1,20.5,1,cash_advance,3076,0,0
22.78,1.381,11,0,0,0.6,2,electronics,1552,0,0
76.12,2.307,17,0,0,16.1,3,gambling,609,0,0
9.2,0.216,19,0,1,34.3,0,dining,3112,0,0
25.95,1.38,22,0,1,42.8,1,online_retail,1810,0,0
192.26,4.06,10,0,1,58.8,6,grocery,1713,0,1
28.23,1.357,14,0,0,0.6,0,gas,627,0,0
24.85,0.864,11,0,0,29.1,5,grocery,3195,0,0
27.17,1.135,4,1,1,62.9,0,electronics,723,1,0
15.64,0.584,11,0,0,1.5,0,dining,985,0,0
50.79,0.86,14,0,1,41.4,2,gambling,3215,0,0
127.42,3.303,19,0,0,7.9,0,grocery,543,0,0
12.75,0.265,11,0,1,70.6,0,online_retail,230,0,0
59.98,1.453,17,0,1,17.3,0,electronics,349,0,0
12.65,0.584,21,0,0,27.7,1,gas,790,1,0
17.53,0.595,11,0,0,8.2,1,dining,1479,0,0
60.26,1.356,6,0,0,22.2,1,grocery,3431,0,0
58.05,0.965,5,1,1,103.7,0,online_retail,1826,0,0
24.06,1.052,18,0,1,100.4,1,online_retail,2942,0,0
77.78,1.425,15,0,0,4.6,2,online_retail,228,0,0
162.46,4.317,4,1,1,21.8,0,online_retail,1238,1,1
86.89,3.346,20,0,1,42.0,0,grocery,1181,0,0
24.54,0.692,5,1,1,38.5,0,online_retail,1408,0,0
40.34,1.321,16,0,0,1.5,0,dining,1527,0,0
17.01,0.503,9,0,0,20.1,1,online_retail,1149,2,0
58.34,1.188,1,1,1,57.9,0,grocery,973,0,0
68.38,1.201,12,0,0,20.7,8,gas,1899,0,0
192.73,6.467,16,0,1,16.8,1,online_retail,2999,0,0
73.38,1.386,4,1,1,38.9,0,dining,2316,0,0
111.39,3.092,2,1,1,15.6,2,travel,2399,0,0
17.79,0.531,21,0,0,13.8,0,gambling,72,0,0
20.28,0.84,17,0,1,37.3,0,travel,2916,1,0
145.96,5.354,2,1,0,12.0,2,online_retail,817,0,0
8.94,0.237,18,0,1,20.9,0,online_retail,3507,0,0
36.14,1.012,7,0,1,52.8,1,online_retail,1116,0,0
35.65,1.145,10,0,1,2.5,0,travel,245,0,0
92.99,2.112,22,0,1,69.2,2,grocery,524,0,0
25.7,0.77,9,0,1,80.7,2,grocery,837,0,0
16.07,0.525,10,0,0,10.9,2,grocery,503,0,0
71.69,1.141,0,1,0,9.2,0,grocery,2203,0,0
16.83,0.439,17,0,0,7.6,1,cash_advance,2218,1,0
17.18,0.538,13,0,1,18.7,0,grocery,2690,0,0
23.15,0.868,16,0,0,0.5,1,gas,1651,0,0
34.04,1.243,9,0,1,54.8,1,gambling,2924,0,0
15.02,0.238,1,1,1,72.9,1,dining,3121,0,0
24.18,1.172,9,0,0,16.2,1,online_retail,1155,0,0
80.05,2.481,17,0,0,24.0,1,travel,2724,0,0
14.25,0.497,9,0,0,8.0,0,grocery,3598,0,0
114.94,5.486,2,1,1,66.0,1,grocery,1322,0,0
9.42,0.353,9,0,0,3.4,1,gas,1013,0,0
122.97,6.226,8,0,0,2.6,0,grocery,2680,0,0
70.84,0.657,5,1,0,11.0,0,gas,3467,0,0
59.59,3.076,19,0,1,27.4,0,dining,2243,0,0
94.13,0.808,4,1,1,25.6,3,gas,727,0,0
73.94,5.163,6,0,0,2.6,2,dining,1272,0,0
5.16,0.105,7,0,0,6.8,1,grocery,2201,0,0
53.74,1.516,21,0,0,3.7,2,gas,499,0,0
87.75,3.543,21,0,1,70.8,8,online_retail,1943,0,0
71.89,3.604,7,0,1,36.0,0,gambling,1802,0,1
23.25,0.404,4,1,1,160.0,2,dining,2493,0,0
42.48,1.094,15,0,0,15.1,0,travel,2363,0,0
7.18,0.289,0,1,1,90.2,1,electronics,274,0,0
74.0,2.949,7,0,1,53.8,0,online_retail,2635,0,0
15.51,0.471,4,1,0,15.9,0,dining,3143,0,0
57.51,1.028,10,0,0,13.2,1,grocery,176,1,0
144.72,1.769,13,0,1,122.5,2,gambling,2699,0,0
84.09,2.256,21,0,0,14.3,1,grocery,3279,0,0
47.68,1.165,19,0,1,57.6,0,online_retail,2939,0,0
14.01,0.219,21,0,1,25.2,4,dining,1508,0,0
21.02,1.102,17,0,0,5.5,0,dining,1398,0,0
119.39,4.467,22,0,1,25.3,8,electronics,251,0,0
21.78,0.538,22,0,1,48.4,3,electronics,782,1,0
469.25,5.127,14,0,1,44.6,0,gas,3467,0,0
5.68,0.15,13,0,0,7.7,1,online_retail,672,0,0
46.91,2.254,22,0,1,27.8,1,cash_advance,2003,0,0
43.84,1.658,20,0,1,50.7,0,dining,1136,0,0
193.14,10.595,3,1,1,77.2,0,cash_advance,2458,0,1
12.09,0.287,2,1,1,46.2,2,online_retail,1015,0,0
18.04,0.413,9,0,0,25.3,0,grocery,2497,1,0
13.95,0.499,6,0,1,60.2,0,dining,1555,0,0
215.09,4.054,11,0,0,11.6,0,electronics,333,0,0
73.85,2.226,5,1,0,14.2,0,grocery,3447,0,0
42.08,1.43,4,1,0,4.6,0,gas,3051,0,0
12.8,0.354,1,1,0,11.3,1,grocery,579,0,0
17.47,0.661,8,0,1,33.1,0,online_retail,792,0,0
15.99,0.806,14,0,0,26.6,1,travel,381,0,0
62.21,4.302,15,0,0,14.8,0,electronics,3188,0,1
62.08,3.242,6,0,1,88.4,0,grocery,459,0,0
19.66,1.037,6,0,1,75.4,0,online_retail,3476,0,0
73.26,2.705,3,1,1,49.1,0,online_retail,3248,0,0
39.64,1.205,5,1,0,14.2,0,online_retail,3099,0,0
7.06,0.312,2,1,0,0.4,2,online_retail,2045,0,0
71.45,2.689,10,0,0,5.1,2,grocery,768,0,0
11.51,0.188,4,1,0,5.9,2,grocery,2251,0,0
74.13,2.464,17,0,1,53.2,1,online_retail,957,2,0
82.54,1.082,5,1,0,6.8,0,dining,2649,0,0
24.01,0.311,21,0,0,20.9,0,electronics,2076,0,0
73.05,1.398,14,0,1,28.3,0,online_retail,2145,1,0
47.68,1.326,23,1,0,11.0,2,travel,1924,0,0
13.16,0.152,14,0,0,8.3,0,online_retail,1907,0,0
41.15,1.619,10,0,1,64.9,1,online_retail,3029,0,0
30.3,0.841,23,1,0,20.2,2,gas,358,0,0
38.19,1.088,11,0,1,48.3,1,online_retail,3066,1,0
13.57,0.344,20,0,0,6.5,0,dining,1850,0,0
20.89,0.371,8,0,1,66.7,2,gas,1737,0,0
64.21,4.471,17,0,0,20.7,0,online_retail,119,0,0
14.26,0.405,8,0,1,81.7,1,grocery,1616,1,0
10.18,0.681,9,0,0,18.8,0,grocery,1272,0,0
30.05,0.856,23,1,0,15.5,2,online_retail,2809,0,0
17.82,0.416,6,0,0,1.9,0,online_retail,3554,0,0
5.56,0.138,7,0,1,54.5,2,travel,2916,0,0
139.61,3.835,8,0,1,95.3,2,grocery,3325,1,0
88.43,1.801,14,0,0,18.4,2,online_retail,423,1,0
5.79,0.144,5,1,0,26.6,1,grocery,1924,0,0
43.13,0.968,12,0,0,12.9,0,gambling,1465,0,0
86.51,4.12,15,0,1,50.4,0,grocery,2087,0,0
403.19,36.323,15,0,0,1.2,2,gas,909,0,1
87.87,2.898,3,1,0,20.9,0,dining,1631,0,0
15.06,0.442,20,0,1,51.4,1,gambling,501,0,0
16.85,0.783,5,1,1,51.3,0,gas,2986,0,0
62.51,2.546,19,0,1,25.8,0,gas,2730,0,0
111.0,4.375,17,0,1,28.5,0,grocery,2585,0,0
94.34,1.773,1,1,1,19.7,0,cash_advance,1455,0,0
24.17,1.06,3,1,1,9.6,0,dining,1966,0,0
17.5,0.563,14,0,0,18.9,1,grocery,892,0,0
36.61,1.211,22,0,1,70.8,1,gambling,2096,1,0
40.89,1.141,3,1,0,11.1,0,online_retail,2179,0,0
53.46,2.355,5,1,1,15.3,0,online_retail,2131,0,0
36.61,0.722,21,0,1,27.1,0,gambling,1490,0,0
46.04,1.786,17,0,0,13.6,0,dining,3201,0,0
62.19,2.129,19,0,0,10.4,0,cash_advance,1886,1,0
19.11,0.437,20,0,0,27.0,0,electronics,344,0,0
62.17,1.819,0,1,1,66.4,0,dining,2694,0,0
28.38,1.012,5,1,1,27.3,0,electronics,1757,1,0
18.04,0.687,9,0,1,19.2,0,electronics,764,0,0
35.61,2.097,16,0,0,19.7,0,cash_advance,2850,0,0
185.55,6.003,17,0,0,7.1,0,online_retail,2510,0,0
34.66,1.813,6,0,0,19.9,0,cash_advance,886,1,0
125.0,3.585,1,1,0,9.1,3,electronics,303,1,1
13.91,0.193,15,0,1,77.3,0,travel,3524,0,0
126.94,3.068,17,0,1,45.5,0,online_retail,130,0,1
27.39,0.541,22,0,0,17.3,1,dining,199,0,0
15.43,0.425,16,0,0,16.2,0,gambling,3166,0,0
59.95,1.631,15,0,0,9.9,1,travel,2474,0,0
25.84,0.86,23,1,1,64.7,2,grocery,3056,2,0
53.84,1.353,5,1,1,39.2,2,cash_advance,1524,0,0
56.5,1.452,12,0,0,9.0,0,dining,1819,0,0
15.19,0.713,4,1,1,70.4,0,gas,2991,0,0
105.61,4.14,22,0,0,8.6,1,grocery,1313,0,0
18.71,0.29,23,1,1,104.9,0,grocery,506,0,0
77.36,2.464,8,0,0,10.4,0,cash_advance,1765,0,0
47.65,1.477,12,0,1,25.7,1,cash_advance,1685,0,0
87.35,1.273,14,0,0,11.1,2,dining,352,0,0
79.04,5.234,23,1,1,25.1,8,gas,2924,0,1
2.56,0.071,15,0,0,10.9,0,cash_advance,2145,0,0
9.46,0.263,10,0,1,45.4,1,electronics,1548,0,0
10.95,0.547,16,0,0,23.2,0,grocery,537,1,0
20.35,0.66,21,0,0,7.1,0,gambling,1346,0,0
24.9,0.77,22,0,1,31.2,2,travel,3298,0,0
22.06,0.425,6,0,1,29.8,0,grocery,1015,0,0
38.89,0.856,22,0,0,9.4,6,travel,1803,0,0
26.78,0.783,18,0,0,6.6,0,electronics,491,0,0
49.94,1.002,20,0,1,22.7,0,gambling,2268,0,0
21.61,0.52,4,1,1,26.9,4,gas,2767,0,0
20.25,0.527,1,1,1,27.7,2,gas,3098,0,0
36.84,1.058,11,0,1,61.1,1,gambling,334,0,0
27.96,0.885,4,1,1,33.7,0,grocery,1908,0,0
47.1,1.615,5,1,0,6.2,0,electronics,2509,0,0
54.63,0.893,13,0,0,4.3,0,dining,2922,1,0
17.12,0.547,12,0,1,45.9,0,dining,1074,0,0
13.12,0.211,16,0,1,62.4,0,grocery,2490,0,0
25.86,0.531,5,1,0,1.3,0,grocery,558,0,0
91.66,1.62,7,0,1,17.3,0,cash_advance,1207,0,0
49.95,1.619,23,1,1,94.2,1,online_retail,827,0,0
39.36,1.217,21,0,1,29.1,2,electronics,3343,1,0
36.1,1.197,2,1,1,40.2,1,electronics,1090,0,0
11.22,0.168,13,0,1,78.0,1,gas,3237,0,0
26.64,0.486,21,0,0,5.6,1,electronics,3425,0,0
58.88,1.544,2,1,0,23.1,0,grocery,2653,1,0
168.11,4.186,5,1,0,16.3,1,gas,2843,0,0
45.65,2.01,4,1,0,14.0,0,gas,826,0,0
23.46,0.771,1,1,0,4.2,0,online_retail,205,0,0
142.18,4.805,17,0,1,60.7,0,online_retail,1214,0,0
9.48,0.485,18,0,1,44.1,0,gas,2144,0,0
154.28,6.488,8,0,1,14.1,0,dining,1712,1,1
49.37,1.675,1,1,1,70.2,1,grocery,2251,0,0
13.0,0.348,23,1,1,106.7,1,gambling,2138,0,0
19.08,0.239,5,1,0,4.3,2,gambling,139,0,0
89.57,1.726,17,0,1,47.9,2,online_retail,3527,1,0
26.94,0.773,18,0,0,5.1,0,dining,2214,0,0
53.98,2.075,9,0,1,57.6,0,electronics,2614,2,0
193.41,4.272,23,1,1,57.4,1,online_retail,125,0,0
103.59,1.542,3,1,1,94.5,0,dining,54,1,0
37.38,1.173,18,0,1,91.3,1,gambling,1930,0,0
29.16,0.772,8,0,0,10.5,0,gas,1778,0,0
95.96,1.515,5,1,0,20.5,2,gambling,2531,0,0
60.81,1.441,23,1,0,13.7,0,online_retail,2981,0,0
14.66,0.483,12,0,0,23.9,1,travel,2772,0,0
11.95,0.651,9,0,1,110.6,9,dining,3468,0,0
25.52,1.049,9,0,1,78.3,0,gas,2388,0,0
14.31,0.311,18,0,0,2.2,1,dining,3338,0,0
91.41,3.067,14,0,1,70.2,0,dining,931,0,1
53.41,1.1,7,0,0,14.7,1,cash_advance,2167,0,0
297.28,14.313,16,0,1,25.4,0,cash_advance,1368,0,1
78.47,1.393,8,0,1,100.7,0,gambling,3245,0,0
49.36,2.466,4,1,0,28.7,1,dining,1222,0,0
12.81,0.248,23,1,1,21.8,0,travel,2560,0,0
12.77,0.462,13,0,0,14.1,0,cash_advance,1901,0,0
29.55,1.207,23,1,0,3.3,0,gambling,3032,0,0
188.29,3.848,14,0,1,16.1,1,electronics,3329,0,0
159.78,9.115,12,0,0,17.2,0,online_retail,1801,0,1
21.73,0.447,10,0,0,6.3,1,gambling,3383,0,0
53.82,1.101,1,1,0,5.4,0,travel,224,0,0
101.19,2.397,8,0,0,4.4,0,grocery,3096,0,0
83.92,2.231,23,1,1,57.2,0,online_retail,884,0,0
52.81,1.952,1,1,1,37.7,2,gambling,1993,1,1
390.64,14.314,13,0,1,84.3,0,travel,2702,0,1
15.99,0.601,18,0,1,60.3,1,cash_advance,1778,0,0
78.84,2.457,4,1,1,33.0,1,grocery,1576,0,0
11.13,0.344,7,0,1,49.7,2,dining,2582,0,0
41.33,0.792,15,0,1,30.4,1,dining,1336,0,0
14.64,0.604,23,1,1,27.1,0,cash_advance,1395,1,0
208.47,8.994,5,1,0,6.5,1,gas,2064,0,1
35.21,1.159,4,1,1,53.4,0,online_retail,705,0,0
43.58,1.206,13,0,0,0.6,0,dining,2057,0,0
44.63,0.812,10,0,0,6.0,1,dining,1087,0,0
151.79,2.761,11,0,0,20.4,0,online_retail,2790,0,0
93.55,2.519,10,0,0,7.1,1,grocery,3596,0,0
47.28,2.202,22,0,1,53.7,0,gas,2870,0,0
86.16,2.566,11,0,1,30.4,1,dining,1832,0,0
15.11,0.658,20,0,0,71.8,0,online_retail,2105,1,0
45.49,2.086,14,0,1,35.6,0,dining,394,0,0
64.02,1.841,22,0,1,17.8,1,dining,265,0,0
80.9,2.798,13,0,0,9.8,1,gas,723,0,0
40.03,2.141,19,0,1,59.6,0,grocery,646,0,0
42.19,1.069,4,1,0,22.3,0,online_retail,1006,0,0
31.65,2.262,20,0,1,61.6,1,gas,3063,1,0
85.89,5.405,18,0,0,12.0,0,gambling,179,0,0
26.02,0.99,9,0,0,19.9,0,dining,2949,0,0
36.98,1.157,18,0,0,4.0,1,dining,1016,0,0
85.96,4.326,21,0,1,68.7,0,gambling,3272,0,0
50.5,0.472,2,1,1,36.2,0,online_retail,1249,0,0
34.07,0.894,9,0,0,2.0,1,dining,2435,0,0
55.83,0.845,13,0,0,11.3,1,grocery,3544,0,0
26.65,0.581,10,0,1,64.9,1,travel,855,0,0
41.65,1.174,1,1,1,107.5,0,cash_advance,1822,0,0
64.54,2.757,1,1,1,52.6,0,electronics,199,0,0
29.91,1.103,17,0,1,45.7,2,online_retail,1435,0,0
188.79,6.946,21,0,1,106.9,2,gas,2984,0,1
54.92,1.081,16,0,0,3.7,0,dining,2469,0,0
231.23,6.7,7,0,1,19.3,0,gambling,3008,0,1
63.19,3.252,4,1,1,126.7,0,dining,1595,1,1
5.08,0.19,11,0,0,18.6,0,cash_advance,2996,1,0
24.89,0.691,16,0,0,1.3,1,travel,2738,0,0
17.34,0.541,6,0,0,34.8,1,dining,132,0,0
121.77,5.84,1,1,1,75.2,1,grocery,1737,0,0
156.65,4.534,16,0,1,31.3,1,grocery,2623,0,0
113.67,1.739,1,1,0,12.8,0,travel,1482,0,0
18.06,0.352,1,1,1,61.8,2,online_retail,2213,1,0
33.3,1.471,21,0,1,67.2,1,gambling,188,0,0
58.68,1.128,0,1,0,4.2,1,gambling,3552,0,0
9.71,0.224,6,0,0,16.6,1,grocery,3277,0,0
71.59,2.816,14,0,0,3.9,0,grocery,3066,0,0
4.8,0.165,6,0,0,3.8,4,grocery,1836,0,0
30.77,0.64,8,0,0,7.6,0,gas,2686,1,0
23.55,0.914,5,1,0,9.6,0,cash_advance,900,0,0
38.62,1.62,13,0,0,2.8,0,electronics,1900,0,0
102.43,4.406,16,0,1,58.6,0,electronics,3151,0,0
223.44,8.075,4,1,0,3.3,2,gas,3223,0,1
25.43,0.749,9,0,1,18.1,0,online_retail,1149,0,0
95.66,5.607,12,0,1,53.4,0,grocery,1090,0,0
63.82,2.866,15,0,1,71.4,0,dining,2853,0,0
97.48,2.457,1,1,0,14.6,0,dining,3253,1,0
40.79,1.617,19,0,1,109.7,0,online_retail,1514,1,0
24.17,1.008,15,0,0,8.5,0,dining,699,0,0
29.42,1.136,9,0,1,42.7,0,dining,965,0,0
18.05,0.312,9,0,1,96.9,1,electronics,336,0,0
35.88,1.377,1,1,1,30.2,1,cash_advance,2589,1,0
6.83,0.084,15,0,0,13.7,1,online_retail,2107,0,0
46.68,1.621,4,1,0,11.0,0,dining,3509,0,0
47.17,1.643,0,1,1,15.2,0,dining,2181,0,0
37.85,1.876,23,1,1,71.1,1,grocery,3572,0,0
33.81,0.438,19,0,1,33.7,0,travel,982,1,0
93.59,2.433,4,1,0,7.1,0,gas,458,0,0
13.33,0.57,7,0,0,5.4,1,travel,3502,0,0
46.82,0.786,19,0,1,12.7,0,gas,3501,0,0
20.19,1.173,0,1,1,22.4,1,dining,552,0,0
18.99,0.889,15,0,1,26.5,0,online_retail,1211,1,0
7.04,0.198,9,0,0,14.8,0,grocery,2028,0,0
32.43,0.959,3,1,0,29.2,1,online_retail,603,1,0
5.83,0.149,12,0,1,65.0,2,cash_advance,1345,0,0
24.28,0.859,21,0,1,9.4,1,online_retail,3322,0,0
8.65,0.252,23,1,1,33.6,0,cash_advance,458,0,0
32.07,1.464,21,0,1,22.6,0,gambling,3425,0,0
174.37,4.959,17,0,1,22.1,0,dining,1211,0,0
14.25,0.324,1,1,1,19.5,2,gas,2475,0,0
33.7,1.433,9,0,1,61.2,8,electronics,1697,0,0
8.04,0.123,1,1,1,40.7,1,electronics,1494,1,0
3.11,0.081,16,0,0,30.0,0,grocery,900,0,0
138.32,3.835,14,0,1,36.1,1,dining,973,0,0
60.83,1.822,7,0,1,29.0,0,grocery,1035,0,0
90.73,2.486,2,1,1,53.4,0,travel,2594,0,0
19.2,0.531,9,0,1,69.6,1,gambling,3358,0,0
22.82,0.274,3,1,1,48.1,0,dining,1569,0,0
65.93,1.827,4,1,1,58.3,1,online_retail,577,0,0
26.03,1.176,15,0,0,18.6,2,online_retail,261,0,0
105.16,3.584,17,0,1,78.2,0,grocery,3031,0,0
105.4,5.012,7,0,0,7.6,1,cash_advance,2343,0,0
38.8,1.674,12,0,1,61.8,0,dining,1624,0,0
8.18,0.406,2,1,1,66.7,0,electronics,691,0,0
22.91,1.217,13,0,1,38.4,2,dining,1979,0,0
34.84,0.551,21,0,1,30.2,0,online_retail,3434,0,0
20.58,0.461,18,0,1,13.9,0,electronics,1998,0,0
49.88,2.405,1,1,1,61.9,0,online_retail,549,0,0
16.63,0.379,23,1,1,64.0,0,gambling,1013,0,0
44.37,1.378,4,1,1,128.7,0,gas,3035,0,0
130.84,4.594,16,0,0,16.3,1,cash_advance,3371,0,0
22.61,1.011,13,0,1,121.8,1,grocery,2348,0,0
34.62,0.868,14,0,1,6.7,1,dining,284,0,0
252.45,7.258,2,1,1,71.6,1,online_retail,2355,0,1
197.68,8.412,2,1,1,42.5,0,electronics,2750,0,1
18.59,0.227,0,1,0,1.8,0,grocery,961,0,0
9.31,0.284,15,0,1,42.0,0,grocery,526,0,0
53.07,0.901,7,0,0,8.6,2,dining,2608,0,0
16.04,0.741,8,0,0,2.8,2,travel,150,0,0
219.88,6.074,1,1,0,3.4,0,gas,61,0,0
12.51,0.433,6,0,0,27.1,0,grocery,3510,0,0
9.02,0.475,9,0,0,17.3,0,grocery,1785,0,0
32.87,0.529,20,0,1,78.1,0,gas,2610,0,0
183.63,3.122,16,0,0,13.2,0,cash_advance,413,1,0
9.89,0.293,20,0,1,60.3,0,online_retail,2602,0,0
51.96,1.492,4,1,1,41.7,0,dining,616,0,0
17.68,0.236,18,0,0,38.5,0,grocery,927,0,0
76.4,5.744,16,0,0,27.5,1,online_retail,2168,0,0
11.78,0.229,22,0,0,7.7,0,dining,2492,0,0
21.47,0.427,19,0,1,4.8,7,dining,1133,0,0
8.99,0.174,14,0,1,62.3,0,grocery,869,0,0
78.64,2.169,12,0,0,6.5,1,gambling,2552,0,0
92.04,3.172,12,0,1,59.4,1,dining,195,0,0
17.27,0.669,5,1,0,5.7,0,cash_advance,997,1,0
10.12,0.16,21,0,0,10.6,1,online_retail,3321,0,0
12.77,0.272,12,0,0,13.1,0,travel,3522,0,0
288.51,8.317,12,0,1,8.8,0,grocery,956,0,1
33.76,1.117,16,0,0,17.4,1,gas,554,0,0
15.66,0.499,9,0,0,2.7,2,electronics,2705,0,0
127.43,3.446,21,0,0,21.0,4,cash_advance,1909,1,0
6.24,0.268,3,1,0,10.0,0,dining,976,0,0
6.85,0.394,13,0,0,19.7,0,gas,1725,0,0
4.14,0.111,19,0,0,6.8,1,dining,2853,0,0
240.16,3.703,19,0,0,5.7,0,grocery,2888,0,0
19.99,1.442,22,0,1,66.2,0,gambling,3514,1,0
248.32,8.673,15,0,1,45.9,0,electronics,1860,1,1
54.75,3.359,20,0,0,7.3,0,dining,1996,0,0
89.67,1.982,5,1,0,21.2,0,online_retail,2516,0,0
130.33,6.386,19,0,0,8.1,1,gambling,81,0,0
58.27,2.386,3,1,1,19.9,0,gambling,1758,0,0
105.95,3.037,4,1,0,6.2,0,grocery,2767,0,0
9.75,0.617,14,0,1,59.5,0,grocery,874,0,0
7.27,0.268,23,1,0,4.4,0,gas,3429,1,0
9.78,0.206,18,0,1,42.4,0,gas,3253,1,0
12.03,0.211,20,0,1,21.0,1,grocery,44,0,0
18.6,0.375,22,0,1,106.7,1,grocery,2158,0,0
6.0,0.211,9,0,0,0.9,0,grocery,2750,0,0
43.62,1.588,11,0,1,57.5,0,online_retail,576,0,0
47.4,1.876,18,0,1,45.0,0,online_retail,239,0,0
59.93,2.135,11,0,0,25.6,1,online_retail,1648,0,0
70.56,1.282,10,0,1,51.0,0,dining,687,0,0
211.19,5.762,20,0,1,108.1,2,dining,1719,0,1
9.47,0.455,21,0,0,10.0,1,cash_advance,2235,0,0
268.89,15.771,0,1,0,0.9,0,gas,378,0,1
5.84,0.166,12,0,0,17.7,0,dining,3159,0,0
53.2,1.008,3,1,0,1.1,1,grocery,89,0,0
55.52,1.409,9,0,1,98.2,0,travel,1510,0,0
25.52,0.588,22,0,1,97.4,1,grocery,746,0,0
34.44,1.727,22,0,1,59.9,0,gas,1816,0,0
9.21,0.349,13,0,1,47.8,0,gambling,440,1,0
127.92,6.222,12,0,0,6.9,1,grocery,844,1,0
47.71,1.753,7,0,0,31.1,0,grocery,1552,0,0
176.02,6.202,5,1,1,7.5,0,gas,1098,0,1
200.52,6.181,22,0,0,12.9,2,online_retail,818,0,0
53.98,2.061,2,1,0,11.7,0,gas,178,0,0
38.5,1.407,14,0,1,33.5,0,electronics,1861,0,0
11.94,0.132,2,1,1,122.2,0,gas,3576,0,0
24.84,0.607,1,1,1,68.4,1,grocery,860,0,0
8.9,0.164,1,1,0,15.9,1,dining,108,0,0
19.81,0.615,3,1,0,2.9,0,online_retail,279,0,0
52.74,1.867,8,0,1,45.1,1,grocery,3299,0,0
21.21,1.077,11,0,0,8.3,0,online_retail,1022,0,0
35.0,0.959,5,1,1,76.8,0,cash_advance,3435,0,0
49.9,3.296,20,0,0,3.3,2,dining,1998,0,0
48.44,1.592,3,1,0,9.1,1,gambling,1396,0,0
7.93,0.32,20,0,1,66.4,1,cash_advance,2214,0,0
26.76,1.538,12,0,0,34.5,1,travel,2295,0,0
13.17,0.551,12,0,1,13.7,1,online_retail,1817,0,0
21.43,0.538,14,0,1,25.6,0,dining,2885,0,0
17.26,0.788,3,1,0,5.9,1,electronics,2629,0,0
22.46,1.053,20,0,0,15.8,0,cash_advance,2433,0,0
131.18,4.846,8,0,1,32.2,1,gambling,3451,0,0
45.82,1.071,20,0,0,15.6,0,cash_advance,1662,1,0
23.83,0.413,9,0,0,7.6,1,electronics,1100,0,0
15.44,0.725,11,0,1,31.2,2,cash_advance,443,0,0
6.14,0.307,10,0,1,138.6,1,grocery,1238,0,0
81.51,2.326,3,1,1,7.7,2,gas,1882,0,0
29.78,1.299,5,1,1,81.5,1,grocery,119,0,0
31.05,0.646,20,0,1,44.4,1,online_retail,1811,0,0
14.9,0.369,22,0,0,16.6,0,cash_advance,1302,0,0
9.19,0.335,20,0,1,26.0,0,dining,1356,1,0
31.86,0.63,10,0,0,1.4,2,online_retail,963,0,0
107.18,7.311,16,0,0,9.9,0,travel,3016,0,0
35.0,1.002,11,0,1,72.7,2,electronics,1555,0,0
7.06,0.312,20,0,0,1.2,1,dining,2443,0,0
73.86,1.152,16,0,0,16.6,0,gas,2358,2,0
10.22,0.402,16,0,1,17.1,1,dining,269,0,0
10.49,0.139,22,0,0,8.8,1,travel,753,0,0
9.16,0.151,11,0,1,32.0,0,grocery,2579,0,0
15.98,0.39,22,0,1,93.3,6,grocery,3397,0,0
25.8,1.258,21,0,0,0.6,1,cash_advance,1490,0,0
24.67,1.88,9,0,1,34.1,0,dining,668,0,0
38.25,0.977,0,1,0,0.7,0,online_retail,3004,0,0
19.94,0.626,2,1,0,8.1,0,gas,1064,0,0
25.95,1.039,16,0,1,59.2,1,gas,697,0,0
41.0,1.04,3,1,1,83.0,0,online_retail,2999,0,0
21.89,0.663,11,0,0,20.8,1,gas,1840,0,0
123.27,3.038,21,0,1,27.9,0,dining,920,1,0
61.51,1.323,6,0,0,4.0,0,gas,3114,0,0
56.33,2.401,4,1,0,0.2,0,travel,2505,0,0
28.72,1.584,18,0,0,4.6,0,grocery,3510,0,0
41.4,0.575,21,0,0,3.8,0,grocery,2792,0,0
45.23,2.783,18,0,1,30.6,2,gas,2855,0,0
100.97,3.309,4,1,1,18.3,0,dining,663,0,0
45.56,1.267,16,0,0,3.4,3,online_retail,1820,0,0
84.78,3.191,9,0,0,2.3,0,cash_advance,936,0,0
11.85,0.454,0,1,0,11.1,0,travel,1939,0,0
126.26,2.692,14,0,1,7.5,0,dining,650,0,0
16.58,0.635,11,0,1,31.9,0,electronics,2485,0,0
23.26,0.521,7,0,1,19.9,0,dining,1476,0,0
11.44,0.543,2,1,0,16.7,1,gambling,2891,1,0
3.88,0.06,1,1,0,14.6,1,electronics,2585,0,0
9.47,0.23,14,0,1,51.6,3,grocery,562,0,0
49.92,1.37,7,0,1,91.7,0,online_retail,1993,1,0
13.2,0.375,2,1,1,114.2,2,travel,2138,1,0
55.76,2.082,1,1,1,17.6,1,electronics,2831,0,0
37.71,1.139,3,1,1,29.2,1,gas,2341,0,1
23.04,0.673,6,0,1,61.9,0,grocery,2502,0,0
60.49,2.324,6,0,0,11.6,0,grocery,2044,0,0
86.39,2.759,11,0,0,3.0,2,dining,540,0,0
16.36,0.383,11,0,1,68.8,1,travel,2448,0,0
77.67,3.853,12,0,0,5.6,0,gas,42,0,0
8.26,0.268,23,1,0,7.7,0,travel,1394,0,0
51.77,2.319,22,0,1,11.3,0,online_retail,2285,0,0
92.48,2.54,18,0,0,3.2,0,grocery,2929,0,0
92.88,4.079,4,1,1,19.9,0,online_retail,1233,0,1
21.97,0.33,14,0,1,32.1,0,grocery,2295,0,0
103.56,5.191,23,1,1,27.0,1,gas,2021,0,0
122.14,2.752,4,1,1,81.0,0,online_retail,3155,0,0
88.55,1.405,16,0,0,2.9,1,gas,1669,0,0
31.29,0.422,1,1,1,34.1,2,gas,3317,0,0
13.22,0.417,3,1,1,8.4,3,travel,1939,0,0
38.31,1.604,21,0,1,37.0,2,online_retail,586,0,0
14.62,0.521,8,0,1,80.9,0,electronics,496,1,0
128.31,2.954,13,0,0,11.1,0,gas,1001,0,0
99.61,3.509,14,0,1,7.5,0,gambling,2711,0,0
60.77,1.888,1,1,1,61.1,0,cash_advance,3185,0,0
55.72,2.423,1,1,1,43.7,1,dining,3116,1,0
11.31,0.493,20,0,1,30.9,1,dining,2640,1,0
48.96,2.019,9,0,1,85.6,0,electronics,869,0,0
91.63,2.74,1,1,1,66.8,2,grocery,2421,0,0
84.82,2.49,20,0,0,15.5,0,travel,279,0,0
17.91,0.254,11,0,0,10.4,1,travel,1930,0,0
79.26,1.541,17,0,1,17.4,2,grocery,456,0,0
33.58,0.713,16,0,0,14.6,0,cash_advance,551,1,0
31.32,0.97,18,0,0,5.0,0,gambling,3096,0,0
30.82,0.397,10,0,1,22.2,0,gas,502,0,0
32.14,1.069,9,0,0,6.2,0,grocery,2948,0,0
11.04,0.403,8,0,1,36.0,0,travel,1024,0,0
37.16,0.506,8,0,0,3.6,1,cash_advance,2243,0,0
14.08,0.52,1,1,0,22.7,1,online_retail,1366,0,0
17.18,0.553,0,1,0,10.4,3,dining,1389,0,0
37.61,0.834,19,0,0,3.6,2,online_retail,806,0,0
7.3,0.217,8,0,1,31.2,0,gas,2234,0,0
44.26,3.042,20,0,0,17.2,1,cash_advance,212,0,1
43.47,1.014,9,0,0,9.9,2,gambling,43,0,0
30.37,1.196,10,0,0,27.0,1,gas,2965,0,0
55.91,0.935,4,1,1,60.0,0,online_retail,1124,0,0
37.8,1.068,1,1,1,57.4,0,online_retail,326,1,0
15.21,0.981,20,0,1,38.9,0,dining,3349,0,0
12.86,0.678,1,1,0,6.7,1,online_retail,1266,0,0
63.26,0.925,7,0,0,17.5,3,dining,1730,0,0
36.01,1.244,13,0,0,9.6,3,grocery,2858,0,0
128.32,3.282,15,0,0,4.9,1,electronics,1103,0,0
16.89,0.603,5,1,1,32.5,1,travel,2930,0,0
23.5,0.307,0,1,1,28.2,5,dining,795,0,0
34.46,0.58,17,0,0,4.7,0,gas,719,0,0
8.75,0.241,11,0,0,3.4,1,gas,2090,0,0
47.08,2.451,0,1,1,30.5,1,gas,2709,1,0
29.57,2.603,9,0,0,8.6,0,travel,2647,1,0
36.85,1.17,11,0,1,89.4,0,cash_advance,826,0,0
16.32,0.3,6,0,0,6.8,0,gas,2985,1,0
60.28,2.198,8,0,0,19.4,1,gas,410,0,0
42.76,2.504,4,1,1,32.5,0,cash_advance,1977,0,0
20.91,1.009,14,0,0,13.0,2,grocery,3582,0,0
80.24,2.475,6,0,1,69.5,2,dining,2498,0,0
55.42,2.38,20,0,1,32.5,0,grocery,1053,0,0
66.27,1.643,22,0,0,3.2,0,dining,1123,1,0
19.88,0.434,3,1,1,86.6,0,online_retail,1064,1,0
29.4,0.84,16,0,0,4.6,0,dining,159,0,0
61.3,1.142,14,0,1,32.4,1,gas,2017,0,0
28.06,1.226,15,0,0,19.3,0,gas,3104,0,0
53.48,3.195,5,1,1,49.4,0,grocery,3599,0,0
5.8,0.361,9,0,1,59.1,0,grocery,284,0,0
44.19,1.129,10,0,0,9.8,0,grocery,2735,0,0
42.14,1.53,13,0,1,55.1,0,dining,3249,0,0
25.81,0.625,16,0,0,3.0,0,online_retail,1418,0,0
70.77,2.974,1,1,0,4.2,0,cash_advance,1303,0,0
16.44,0.533,19,0,0,2.5,1,dining,1099,0,0
22.35,0.539,3,1,1,40.0,1,grocery,1918,0,0
39.76,1.397,23,1,1,75.0,0,gas,1768,0,0
39.28,1.689,12,0,1,74.2,0,travel,2958,0,0
21.71,1.093,15,0,1,76.7,0,travel,773,0,0
14.81,0.557,11,0,0,9.6,2,travel,2773,0,0
57.11,2.698,20,0,1,15.2,0,online_retail,725,0,0
10.61,0.306,22,0,1,101.4,1,dining,3305,0,0
20.32,0.657,1,1,1,47.0,0,online_retail,1466,0,0
24.79,0.567,5,1,1,107.0,1,gas,1422,0,0
130.25,4.794,2,1,1,74.4,1,grocery,1590,0,0
38.47,1.727,11,0,0,24.7,0,grocery,3310,1,0
12.27,0.268,16,0,1,33.4,1,cash_advance,3026,0,0
18.54,0.391,10,0,1,72.7,1,cash_advance,3281,0,0
14.06,0.718,13,0,1,121.9,2,grocery,2779,0,0
52.06,1.253,23,1,0,19.5,0,electronics,2504,0,0
32.11,1.863,5,1,1,52.0,2,travel,1778,0,0
9.75,0.334,17,0,1,41.7,0,gambling,3512,0,0
62.97,1.501,9,0,0,14.1,0,electronics,1449,0,0
119.39,3.147,3,1,1,17.0,0,electronics,1405,0,0
51.48,0.673,9,0,1,64.8,1,cash_advance,3010,0,0
16.05,0.528,11,0,1,5.6,1,travel,2345,0,0
22.61,0.955,20,0,1,43.5,0,gambling,624,0,0
19.52,0.492,12,0,1,70.9,0,cash_advance,314,0,0
128.71,5.912,12,0,0,11.0,2,dining,1345,1,0
172.2,2.4,4,1,0,3.8,0,online_retail,2980,0,0
67.84,1.639,3,1,1,13.8,0,online_retail,144,0,0
16.52,0.452,13,0,1,18.2,6,dining,2122,0,0
28.74,0.827,0,1,0,3.3,2,electronics,292,0,0
28.99,0.318,3,1,1,48.3,0,gambling,1027,0,0
11.71,0.388,13,0,1,58.6,1,gas,560,0,0
89.57,3.381,14,0,0,7.7,1,electronics,2189,0,0
23.67,0.824,6,0,0,6.7,0,online_retail,3325,0,0
112.48,3.961,10,0,1,51.1,1,grocery,379,0,0
84.35,2.985,0,1,0,1.5,0,online_retail,3226,0,0
63.9,2.114,7,0,1,64.1,1,grocery,2061,0,0
82.35,3.554,0,1,1,43.2,0,travel,1039,0,1
80.36,5.422,3,1,1,36.8,1,travel,3231,0,0
26.1,0.693,0,1,0,1.8,0,cash_advance,3194,0,0
90.9,1.902,5,1,0,16.2,0,online_retail,104,0,0
173.89,2.536,5,1,0,17.3,1,grocery,2202,0,0
69.0,1.882,11,0,1,55.7,0,online_retail,763,0,0
18.49,0.485,3,1,0,23.0,1,cash_advance,877,0,0
68.72,2.404,13,0,1,31.4,0,gambling,3250,2,0
46.28,1.532,0,1,1,39.3,1,grocery,623,1,1
18.31,0.819,20,0,1,23.0,1,online_retail,2028,0,0
172.38,5.912,18,0,1,19.7,0,online_retail,2212,0,1
75.37,4.484,5,1,0,8.0,1,cash_advance,2875,1,0
237.21,14.752,1,1,1,45.1,2,online_retail,31,0,1
46.0,1.455,1,1,1,75.8,1,cash_advance,3072,0,0
21.47,0.308,17,0,0,2.6,1,gas,1167,0,0
27.37,1.56,10,0,1,66.0,1,gas,588,0,0
19.53,1.192,14,0,0,20.7,1,gambling,1731,0,0
15.13,0.367,16,0,1,39.1,2,grocery,1772,0,0
26.16,0.694,12,0,1,58.6,0,dining,3145,0,0
74.52,2.872,10,0,1,7.9,6,online_retail,189,0,0
22.64,0.356,9,0,0,10.1,0,grocery,184,0,0
100.44,5.101,8,0,1,31.1,0,grocery,3496,0,0
34.66,1.102,16,0,1,57.9,0,online_retail,2955,0,0
19.43,0.605,22,0,0,10.8,1,dining,268,0,0
118.6,5.754,5,1,1,49.0,0,dining,212,0,1
12.73,0.554,6,0,0,5.1,0,grocery,1422,0,0
21.07,1.168,4,1,1,41.0,1,grocery,877,0,0
85.12,5.159,22,0,1,68.7,0,grocery,3249,0,0
33.99,0.568,4,1,1,23.1,0,grocery,3179,0,0
11.18,0.298,11,0,1,31.1,2,online_retail,1242,0,0
5.99,0.106,21,0,0,35.0,0,cash_advance,2580,0,0
85.13,1.309,22,0,0,11.7,6,cash_advance,112,0,0
244.09,9.914,23,1,1,91.2,0,online_retail,2168,0,1
23.33,0.603,23,1,1,65.5,0,travel,398,0,0
202.96,6.38,0,1,1,60.0,3,online_retail,1453,0,1
16.96,0.5,13,0,0,11.4,0,gas,866,0,0
59.45,2.676,6,0,1,26.0,1,online_retail,1045,0,0
9.05,0.439,8,0,1,83.8,1,online_retail,1186,0,0
30.73,1.272,4,1,1,17.2,1,dining,2999,1,0
38.22,0.864,4,1,0,13.3,0,grocery,3180,0,0
15.96,0.312,18,0,1,52.1,2,gas,1719,1,0
62.75,2.789,5,1,1,44.7,0,gas,3599,0,0
14.98,1.11,10,0,1,34.8,0,grocery,3502,0,0
239.04,7.159,19,0,1,18.5,0,online_retail,328,0,1
48.65,1.83,18,0,1,46.0,0,gambling,241,0,0
20.01,1.315,16,0,1,1.9,3,electronics,2594,0,0
17.19,0.39,1,1,1,70.8,1,dining,3145,0,0
19.86,0.613,19,0,0,1.2,0,gambling,1029,0,0
95.3,2.412,9,0,1,30.5,0,cash_advance,79,0,0
58.4,1.473,8,0,1,103.1,0,dining,178,0,0
18.83,0.392,14,0,0,26.7,0,gambling,193,0,0
89.9,3.487,7,0,1,11.7,1,gambling,3202,0,0
174.47,6.303,17,0,0,1.0,0,grocery,1044,0,0
94.62,2.869,13,0,0,10.4,3,gambling,2718,1,0
30.0,0.742,5,1,1,35.0,1,electronics,355,1,0
20.52,0.532,6,0,1,76.4,0,cash_advance,735,0,0
8.0,0.188,12,0,1,15.1,1,grocery,1053,0,0
248.69,14.467,11,0,0,30.3,0,dining,1206,0,1
258.9,5.066,10,0,1,65.4,0,online_retail,2889,0,0
156.49,2.454,14,0,0,8.9,1,gambling,734,0,0
72.87,2.295,5,1,1,15.4,2,grocery,1829,2,0
20.66,0.721,19,0,0,14.1,0,gas,3573,0,0
340.93,11.402,3,1,1,28.3,0,grocery,2182,0,1
6.03,0.215,9,0,1,35.9,0,dining,2674,0,0
30.93,0.631,13,0,0,1.7,9,travel,3214,0,0
25.53,0.225,22,0,1,8.9,1,electronics,1927,0,0
22.8,0.462,12,0,0,12.0,1,gambling,3474,0,0
9.76,0.2,8,0,0,14.8,0,grocery,2226,0,0
21.86,0.364,22,0,1,38.7,1,electronics,1229,0,0
39.19,1.441,17,0,1,69.0,1,travel,229,0,0
35.03,0.981,0,1,0,11.9,0,electronics,118,1,0
37.92,1.517,7,0,0,6.8,1,travel,869,1,0
6.15,0.157,18,0,0,5.1,1,gas,3465,0,0
142.11,5.007,18,0,1,93.1,1,dining,1399,0,1
13.47,0.314,16,0,1,37.0,0,cash_advance,3309,0,0
90.8,5.203,3,1,1,50.3,2,online_retail,1536,0,0
33.01,0.878,11,0,1,55.3,0,online_retail,484,0,0
14.36,0.648,11,0,0,1.9,0,cash_advance,2843,0,0
167.18,6.252,2,1,1,28.7,0,gas,540,0,1
230.42,6.612,19,0,1,22.0,0,dining,2471,0,0
21.57,0.213,7,0,0,6.8,1,grocery,3040,0,0
29.0,0.984,4,1,1,10.5,0,dining,3150,0,0
68.43,2.488,22,0,1,45.4,0,online_retail,2498,0,0
4.56,0.194,4,1,0,2.1,0,cash_advance,1536,0,0
24.04,0.917,14,0,1,29.6,1,grocery,2568,0,0
18.33,0.357,10,0,0,9.7,2,travel,2290,0,0
64.56,0.694,16,0,1,42.5,0,dining,427,0,0
29.64,1.073,23,1,1,14.7,1,grocery,2188,1,0
25.68,0.827,6,0,0,18.7,2,electronics,245,0,0
57.73,2.976,14,0,1,69.5,1,online_retail,2231,0,0
27.69,0.628,12,0,1,45.4,0,dining,1535,1,0
48.69,0.795,9,0,1,45.5,0,travel,749,0,0
85.06,0.979,12,0,0,21.9,1,dining,760,0,0
11.38,0.38,13,0,0,14.0,0,grocery,2537,0,0
21.72,0.812,8,0,1,57.3,1,gambling,2995,0,0
117.27,2.416,5,1,0,1.4,0,cash_advance,334,1,0
864.65,42.51,21,0,0,18.1,1,grocery,160,0,1
15.66,0.326,1,1,0,6.3,2,gambling,3231,0,0
26.01,1.757,0,1,0,4.6,2,cash_advance,2218,0,0
12.62,0.504,1,1,1,19.9,2,grocery,1343,0,0
12.42,0.307,23,1,1,47.1,0,dining,2559,1,0
35.91,0.363,10,0,1,107.4,0,gas,883,1,0
54.99,1.313,2,1,1,33.0,1,online_retail,1685,0,0
16.39,0.812,8,0,1,112.4,0,grocery,1823,0,0
18.32,0.782,4,1,0,10.1,0,travel,2954,0,0
23.01,0.659,15,0,0,16.8,2,dining,1633,1,0
41.68,0.912,22,0,0,38.5,0,electronics,1453,1,0
530.92,26.348,5,1,0,24.6,0,gas,50,0,1
267.85,7.22,2,1,1,38.4,1,dining,2945,0,1
67.05,2.955,3,1,0,1.6,1,gas,1430,0,0
84.04,3.124,5,1,0,7.4,0,gas,3145,0,0
135.95,3.19,19,0,0,15.2,1,grocery,267,1,0
14.66,0.703,11,0,1,36.3,0,gas,3241,0,0
23.73,0.686,1,1,0,2.8,0,gas,2031,0,0
10.36,0.266,20,0,1,11.5,1,dining,1878,0,0
6.01,0.34,17,0,0,10.4,1,grocery,1295,0,0
93.82,3.315,8,0,1,29.1,1,dining,2167,0,0
58.48,0.723,9,0,1,90.6,2,online_retail,2247,0,0
20.1,0.642,19,0,1,50.5,0,cash_advance,2248,0,0
21.58,0.458,15,0,1,109.5,0,online_retail,3028,0,0
178.81,6.045,20,0,1,43.4,0,online_retail,2478,0,0
48.6,2.607,0,1,0,7.5,0,online_retail,1033,0,0
16.78,0.606,9,0,0,12.3,1,travel,1361,0,0
120.77,2.836,5,1,1,63.3,0,dining,967,0,0
17.98,0.688,23,1,1,2.4,0,cash_advance,1411,0,0
18.52,0.747,19,0,1,34.5,0,online_retail,2319,1,0
16.49,0.688,1,1,0,20.8,6,cash_advance,3426,0,0
128.95,1.983,14,0,0,3.5,0,cash_advance,982,0,0
15.0,0.706,4,1,1,25.2,1,gambling,3077,0,0
59.56,3.973,17,0,0,5.5,0,grocery,2361,0,0
247.28,10.581,16,0,1,95.6,0,dining,1918,0,1
28.14,0.597,8,0,0,19.2,1,online_retail,610,0,0
74.73,2.508,15,0,1,76.6,1,gambling,2051,0,0
59.78,1.381,12,0,1,75.2,1,travel,2528,0,0
41.6,1.624,9,0,1,22.5,1,cash_advance,3450,0,0
41.07,1.295,5,1,1,85.1,0,gambling,2443,0,0
8.95,0.295,21,0,1,5.8,0,grocery,2437,0,0
60.94,1.427,10,0,1,54.4,2,dining,698,0,0
109.42,4.751,13,0,1,33.1,0,gambling,328,0,0
150.91,7.423,3,1,1,32.8,0,grocery,1432,0,1
119.22,2.885,5,1,1,106.8,0,dining,1444,1,0
13.88,0.444,7,0,0,12.3,1,gambling,1293,0,0
22.97,0.731,2,1,1,75.7,0,travel,2402,0,0
31.59,1.107,23,1,1,15.6,2,online_retail,2939,0,0
21.17,0.816,3,1,1,14.4,7,electronics,551,0,0
9.9,0.324,9,0,1,21.5,0,travel,899,0,0
20.72,0.503,8,0,1,68.3,0,online_retail,2690,0,0
116.41,3.858,20,0,0,15.2,1,dining,3174,0,0
217.07,9.14,2,1,0,6.9,0,online_retail,201,0,1
16.83,0.905,18,0,0,3.1,1,gas,1831,1,0
46.41,1.319,4,1,0,3.3,1,dining,2698,0,0
8.44,0.409,12,0,0,5.0,1,online_retail,3599,0,0
22.2,1.021,2,1,1,32.9,0,grocery,2699,0,0
153.08,4.467,8,0,0,0.5,1,gas,113,0,0
25.78,0.782,17,0,1,76.6,1,grocery,3485,0,0
21.58,0.494,11,0,0,2.5,0,cash_advance,3590,0,0
42.32,1.388,12,0,0,13.6,9,grocery,2903,0,0
52.18,3.706,11,0,1,58.4,1,dining,1344,0,0
17.61,0.904,20,0,1,56.6,1,online_retail,2389,0,0
60.23,2.491,2,1,1,68.7,1,grocery,189,0,0
168.33,5.081,5,1,0,17.1,0,gas,1438,0,0
27.05,1.337,4,1,0,15.7,0,grocery,1909,0,0
17.63,0.63,9,0,1,12.5,7,travel,527,0,0
33.19,0.924,20,0,1,70.4,0,online_retail,2640,0,0
20.82,0.514,5,1,0,15.7,1,gas,1712,0,0
33.49,0.85,11,0,1,118.0,0,online_retail,723,0,0
9.61,0.259,15,0,0,8.0,0,gambling,2042,0,0
41.45,1.512,22,0,1,31.1,0,gas,2851,0,0
164.85,6.323,10,0,1,100.2,0,online_retail,1705,0,0
96.73,3.842,12,0,0,3.8,1,online_retail,2423,0,0
79.14,2.134,23,1,0,7.2,0,dining,1459,1,0
9.57,0.373,4,1,1,30.1,0,gas,2601,0,0
27.59,0.588,18,0,0,7.2,1,dining,2907,1,0
9.98,0.519,4,1,0,18.2,0,cash_advance,1223,0,0
19.33,0.271,17,0,1,41.5,1,grocery,2183,0,0
50.19,1.514,3,1,0,18.7,0,dining,848,0,0
92.13,3.866,8,0,1,36.2,1,grocery,2508,0,0
70.3,3.403,15,0,0,12.7,0,electronics,2668,0,0
25.71,0.708,14,0,1,73.9,1,gas,1119,0,0
48.54,1.977,7,0,1,21.2,0,electronics,87,0,0
16.99,0.399,23,1,0,0.8,2,dining,241,0,0
63.76,1.852,22,0,0,17.8,0,grocery,1295,1,0
28.66,0.675,14,0,1,22.1,0,gambling,3096,0,0
91.24,2.213,15,0,1,62.6,1,grocery,2959,0,0
8.51,0.145,18,0,0,27.9,1,online_retail,3411,0,0
38.45,1.51,19,0,0,6.9,0,online_retail,1565,0,0
10.49,0.401,5,1,1,128.9,4,dining,1803,1,0
10.43,0.657,15,0,1,80.9,0,grocery,2925,0,0
85.59,2.583,3,1,0,11.2,0,online_retail,1143,1,0
115.32,4.442,17,0,1,24.2,0,grocery,77,0,0
34.43,0.969,14,0,0,11.3,0,online_retail,1700,0,0
41.26,1.072,22,0,1,60.9,0,online_retail,221,0,0
7.78,0.132,14,0,0,24.2,0,online_retail,2293,0,0
102.73,3.39,17,0,0,21.1,0,online_retail,3579,0,0
17.37,0.83,4,1,1,37.1,0,grocery,268,0,0
31.01,0.989,19,0,0,13.9,0,grocery,1034,0,0
45.89,1.581,5,1,1,117.6,0,grocery,2707,0,0
16.7,0.64,5,1,1,129.4,0,gas,1142,0,0
21.63,0.352,11,0,0,16.9,0,gambling,1738,0,0
18.44,0.403,6,0,0,10.2,0,grocery,752,0,0
40.91,0.591,4,1,1,111.0,1,dining,203,0,0
54.75,1.623,12,0,0,7.5,0,dining,3079,0,0
206.43,9.146,14,0,1,32.3,0,dining,2762,1,1
24.09,0.936,3,1,0,5.7,2,grocery,1100,0,0
21.96,0.58,17,0,1,46.2,0,gambling,2493,0,0
30.19,0.495,22,0,1,17.7,1,online_retail,1740,1,0
16.49,0.316,23,1,1,40.4,0,grocery,753,0,0
23.71,0.73,10,0,1,74.0,0,dining,1582,0,0
39.76,2.989,2,1,0,13.9,0,travel,3480,0,0
81.85,5.322,0,1,0,27.3,0,grocery,1811,0,0
106.89,3.446,21,0,0,3.2,1,gas,1832,0,0
87.53,5.533,10,0,1,22.6,0,online_retail,2951,0,0
25.34,0.828,5,1,0,8.9,0,gambling,1968,0,0
60.67,1.104,19,0,0,25.0,0,grocery,1649,0,0
118.43,2.139,6,0,1,84.0,2,online_retail,1036,0,0
16.18,0.922,4,1,1,57.9,2,grocery,74,0,0
126.31,7.744,12,0,1,68.3,1,dining,452,0,1
9.96,0.331,15,0,1,35.2,0,gambling,592,0,0
274.86,9.813,13,0,0,5.4,1,online_retail,294,0,1
102.4,3.287,21,0,1,31.9,0,gambling,1458,0,0
22.92,0.75,13,0,0,3.8,0,online_retail,2547,0,0
2.67,0.091,18,0,0,0.0,0,electronics,3162,0,0
12.81,0.19,15,0,1,35.2,0,dining,1739,0,0
28.07,0.982,7,0,1,45.4,0,gas,1279,1,0
15.32,0.689,20,0,1,73.7,0,grocery,212,0,0
47.27,0.602,0,1,1,38.7,0,gambling,2621,0,0
38.93,1.142,11,0,1,17.8,0,cash_advance,2244,0,0
10.99,0.293,8,0,1,51.8,0,gambling,415,0,0
13.14,0.481,10,0,1,60.8,7,cash_advance,1067,0,0
5.79,0.177,2,1,0,2.9,1,gas,569,0,0
39.45,0.708,6,0,0,6.3,1,dining,1771,1,0
46.88,1.709,8,0,0,6.6,2,gambling,726,0,0
7.97,0.153,7,0,1,77.1,1,dining,782,0,0
19.72,0.998,10,0,1,51.8,0,online_retail,2629,0,0
62.67,1.451,13,0,0,2.4,0,cash_advance,289,0,0
8.47,0.378,21,0,0,15.5,0,grocery,3104,1,0
11.13,0.436,8,0,1,31.4,0,grocery,408,0,0
51.64,2.604,18,0,1,35.9,0,grocery,532,1,0
13.38,0.811,1,1,1,37.8,1,gas,320,1,0
36.09,1.144,3,1,0,1.6,0,dining,3386,0,0
22.24,1.488,14,0,0,24.5,1,travel,2578,0,0
77.44,1.614,7,0,0,1.1,1,online_retail,1747,0,0
14.39,0.663,17,0,0,7.6,0,cash_advance,451,0,0
45.81,1.297,15,0,1,31.1,0,dining,2343,0,0
14.57,0.619,8,0,1,29.7,2,cash_advance,2886,0,0
74.92,1.474,6,0,1,13.9,0,gambling,2040,0,0
8.89,0.393,21,0,1,18.1,0,electronics,2257,0,0
21.82,0.903,1,1,0,0.7,1,gas,3504,0,0
170.45,3.013,0,1,0,9.4,1,online_retail,120,0,0
110.11,4.394,1,1,1,45.6,5,grocery,2604,0,0
29.16,0.512,19,0,1,31.6,2,dining,2164,1,0
47.62,0.674,20,0,0,13.7,1,electronics,3253,0,0
28.35,1.613,23,1,1,55.1,1,dining,3506,0,0
50.43,2.973,1,1,0,3.7,1,cash_advance,1392,0,0
14.89,0.397,16,0,1,24.9,2,travel,1893,0,0
51.83,1.294,16,0,1,8.9,1,online_retail,1127,0,0
105.62,4.982,8,0,1,102.7,1,dining,3290,0,0
76.11,4.242,16,0,0,2.5,1,grocery,2684,0,0
29.93,1.554,16,0,1,15.6,0,gambling,660,0,0
25.3,1.191,7,0,0,2.5,0,gas,2637,0,0
99.58,4.947,15,0,0,2.2,1,gas,2304,1,0
128.37,1.67,17,0,0,8.2,0,electronics,400,1,0
19.81,0.39,22,0,1,21.6,0,cash_advance,1918,0,0
18.3,0.515,22,0,0,5.4,0,grocery,1197,0,0
9.22,0.196,13,0,1,44.7,0,dining,3179,0,0
47.05,0.901,17,0,0,0.8,0,dining,21,0,0
134.42,7.027,12,0,1,32.2,2,cash_advance,3356,0,1
19.43,0.257,6,0,0,15.5,0,grocery,2844,0,0
39.39,0.632,23,1,1,58.5,2,dining,593,0,0
57.69,2.24,5,1,1,40.9,0,online_retail,335,0,0
2.26,0.121,5,1,0,21.3,2,travel,134,0,0
24.02,0.632,18,0,0,24.3,0,dining,1464,1,0
14.19,0.443,5,1,0,22.7,1,gambling,983,2,0
21.21,0.399,13,0,1,32.7,0,dining,2697,0,0
109.06,3.326,0,1,0,17.2,0,grocery,485,0,0
125.17,5.386,13,0,1,110.5,0,travel,419,0,0
90.49,1.984,15,0,0,26.5,0,gambling,2161,0,0
53.96,2.175,14,0,0,4.7,2,dining,2974,0,0
1061.45,38.264,8,0,1,32.2,2,cash_advance,1166,0,1
25.42,1.608,19,0,1,66.2,1,dining,1556,0,0
19.87,0.664,8,0,1,51.6,0,gas,3484,0,0
27.96,1.417,0,1,1,30.7,1,online_retail,2013,0,0
45.07,1.749,13,0,1,44.0,0,gambling,2049,1,0
14.25,0.313,16,0,1,61.9,1,cash_advance,330,0,0
76.64,2.648,8,0,0,27.4,1,grocery,2357,0,0
33.24,1.646,4,1,1,33.7,2,grocery,36,0,0
39.15,1.141,16,0,1,94.0,2,travel,849,0,0
22.17,0.981,23,1,1,132.0,1,travel,1387,0,0
5.26,0.146,1,1,1,67.0,1,cash_advance,2705,0,0
58.48,1.267,5,1,1,70.2,0,gambling,135,0,0
89.98,4.154,7,0,1,69.5,1,online_retail,2878,0,0
150.55,2.407,22,0,1,20.3,0,gas,980,0,0
27.49,0.606,3,1,0,2.5,4,cash_advance,1685,0,0
74.18,1.81,4,1,1,74.8,0,grocery,425,0,0
17.3,0.448,23,1,1,67.6,0,grocery,2147,0,0
54.5,1.943,5,1,0,8.3,1,gambling,711,0,0
42.81,1.35,6,0,1,61.2,0,grocery,2432,0,0
57.88,1.551,22,0,0,19.0,0,dining,2962,0,0
23.36,0.62,10,0,1,112.2,1,dining,2941,0,0
19.36,1.135,4,1,0,9.7,0,gambling,668,0,0
14.38,0.529,11,0,1,66.3,1,cash_advance,1267,1,0
129.4,3.995,3,1,1,2.0,4,electronics,877,0,0
26.37,0.662,1,1,1,26.0,0,gas,1707,1,0
10.32,0.265,21,0,1,15.9,1,grocery,1922,0,0
25.21,0.684,4,1,1,48.5,0,dining,3321,0,0
97.29,2.181,11,0,0,15.3,0,grocery,2013,0,0
73.86,3.598,11,0,1,36.0,0,online_retail,3255,1,0
9.45,0.495,14,0,0,15.3,0,cash_advance,905,0,0
4.43,0.158,15,0,1,71.8,0,gambling,3557,1,0
10.55,0.192,18,0,1,48.9,0,travel,1362,0,0
87.65,2.543,18,0,1,94.8,1,travel,477,0,0
83.48,3.975,16,0,1,61.4,0,dining,1746,0,0
62.83,0.795,21,0,0,14.6,0,grocery,1534,0,0
46.03,3.237,16,0,0,28.3,1,cash_advance,1010,0,0
78.17,1.963,9,0,0,36.6,3,electronics,2700,0,0
28.2,0.585,11,0,1,33.0,0,travel,82,1,0
13.3,0.328,12,0,1,61.2,0,grocery,980,0,0
105.23,5.704,13,0,0,5.6,1,dining,2599,0,0
103.66,4.609,13,0,1,117.4,0,gas,784,1,0
5.52,0.254,18,0,0,12.3,0,online_retail,899,0,0
30.77,1.8,2,1,1,94.8,0,gambling,3336,1,0
10.73,0.255,0,1,0,22.1,0,online_retail,508,0,0
10.62,0.394,15,0,0,14.7,3,grocery,2855,0,0
127.81,3.235,11,0,0,10.1,1,online_retail,3364,0,0
2.72,0.07,15,0,0,1.0,0,gambling,1977,0,0
128.77,5.222,1,1,1,37.6,1,travel,1672,0,0
75.24,1.84,15,0,1,56.7,0,online_retail,1555,0,0
36.37,1.554,14,0,1,54.6,0,electronics,2666,0,0
40.76,1.36,7,0,1,29.3,0,travel,1599,0,0
49.18,1.23,17,0,0,16.5,0,electronics,1302,0,0
67.63,2.12,18,0,1,5.0,0,travel,2962,0,0
8.95,0.453,20,0,1,75.9,0,gas,2505,0,0
43.81,0.921,12,0,0,15.4,0,online_retail,2040,0,0
45.86,1.326,7,0,0,22.7,1,electronics,908,0,0
58.41,1.975,19,0,1,67.0,0,cash_advance,1527,1,0
42.57,0.703,19,0,1,13.7,0,gambling,1562,0,0
15.1,0.484,14,0,0,12.5,0,grocery,2508,0,0
85.9,3.429,0,1,1,38.3,0,gas,1925,0,0
25.46,0.837,7,0,1,63.0,1,gas,1062,1,0
30.62,0.592,6,0,1,75.0,0,travel,133,0,0
49.71,2.397,7,0,1,33.9,1,grocery,1048,0,0
33.45,1.839,7,0,0,13.4,0,gambling,1375,1,0
65.05,2.191,15,0,1,37.0,0,electronics,2990,0,0
122.91,2.82,13,0,1,93.0,2,electronics,2611,0,0
75.18,3.025,5,1,0,1.9,1,online_retail,3539,0,0
21.31,0.536,7,0,0,10.2,0,dining,2368,1,0
73.05,2.232,18,0,0,12.6,0,electronics,3364,0,0
61.92,1.602,0,1,0,5.3,0,online_retail,847,0,0
45.26,0.893,1,1,1,84.5,0,gas,3287,0,0
96.25,5.068,1,1,1,17.6,1,electronics,1346,0,0
7.58,0.321,0,1,1,40.6,0,online_retail,661,0,0
53.08,3.258,22,0,1,75.1,1,electronics,3138,1,0
40.61,1.347,7,0,1,105.6,0,gas,3141,0,0
12.15,0.225,14,0,1,29.1,0,grocery,315,0,0
12.23,0.529,17,0,1,88.5,0,travel,3425,0,0
152.86,7.819,4,1,1,25.4,0,online_retail,406,0,1
84.44,2.466,23,1,1,143.1,0,travel,1959,0,0
61.11,1.316,16,0,1,53.2,2,gambling,478,0,0
11.75,0.534,15,0,0,25.8,1,grocery,3107,0,0
51.83,1.082,7,0,0,0.3,0,grocery,1931,0,0
51.22,3.39,20,0,1,36.2,1,gas,1168,0,0
13.18,0.544,8,0,0,1.9,0,grocery,2669,0,0
39.1,1.107,13,0,0,5.4,1,electronics,3164,0,0
45.29,1.103,23,1,0,20.0,2,dining,1330,0,0
36.45,1.189,23,1,0,2.6,0,dining,2206,0,0
41.07,0.681,6,0,0,24.2,1,gambling,334,0,0
15.45,0.412,15,0,0,2.7,0,electronics,2068,0,0
23.66,0.864,11,0,1,72.4,0,electronics,317,0,0
26.8,0.582,23,1,1,54.5,1,electronics,2717,0,0
48.95,0.812,18,0,0,11.6,2,cash_advance,3184,0,0
65.22,5.603,16,0,0,14.0,0,online_retail,2845,0,0
287.31,5.031,11,0,1,25.0,0,online_retail,2041,0,0
72.06,1.692,6,0,1,20.7,0,grocery,261,0,0
74.14,1.265,9,0,1,40.6,0,grocery,2005,0,0
70.7,2.094,14,0,1,170.3,1,online_retail,3459,0,0
292.28,13.569,2,1,0,14.3,2,grocery,2448,0,1
165.88,2.643,19,0,0,13.2,6,grocery,2954,0,0
17.03,0.247,14,0,0,12.9,2,online_retail,1164,0,0
5.67,0.164,11,0,0,25.2,1,grocery,476,0,0
29.75,0.79,17,0,1,97.9,0,online_retail,407,0,0
10.53,0.535,17,0,0,5.5,1,dining,2395,0,0
118.46,2.887,17,0,0,26.9,0,travel,3547,0,0
37.22,0.856,3,1,0,6.9,0,gambling,3153,1,0
8.01,0.249,23,1,0,4.6,0,grocery,1159,0,0
116.16,2.819,5,1,1,91.8,0,dining,1318,0,0
18.72,0.421,16,0,0,3.8,0,online_retail,3473,0,0
65.11,2.04,22,0,0,0.5,1,dining,990,0,0
50.99,1.838,5,1,1,40.1,0,grocery,1225,0,0
41.07,0.722,6,0,1,66.3,1,gas,2010,0,0
15.73,0.509,18,0,0,21.4,2,dining,579,0,0
9.87,0.157,4,1,0,2.8,1,travel,632,0,0
75.17,2.155,14,0,1,36.3,1,online_retail,595,0,0
38.03,0.757,18,0,1,63.1,1,dining,2048,0,0
31.22,1.994,3,1,0,11.7,1,gas,449,1,0
23.45,2.118,6,0,1,49.8,2,dining,3460,0,0
24.55,0.86,8,0,0,3.7,1,gas,514,1,0
9.02,0.307,2,1,0,22.5,0,travel,2962,0,0
21.74,0.502,16,0,0,25.0,0,gas,1726,0,0
23.09,0.502,14,0,0,14.7,0,grocery,192,0,0
37.04,2.408,11,0,1,68.0,1,electronics,2633,0,0
21.6,0.27,5,1,1,119.3,0,online_retail,2758,1,0
45.0,0.735,11,0,1,62.7,1,dining,2915,0,0
12.84,0.484,23,1,0,6.2,1,online_retail,3408,0,0
115.73,8.314,9,0,1,30.9,1,dining,2154,0,1
30.2,0.731,1,1,1,24.7,2,gas,2157,0,0
75.25,2.541,17,0,0,20.2,2,electronics,32,0,0
25.88,0.691,13,0,0,25.4,0,electronics,285,0,0
7.07,0.209,1,1,0,8.3,0,cash_advance,257,0,0
79.99,2.041,23,1,1,14.4,1,online_retail,2535,0,0
92.11,1.295,19,0,0,6.6,0,cash_advance,2793,0,0
12.04,0.864,3,1,0,5.2,1,gas,2592,0,0
13.58,0.38,3,1,1,19.4,0,grocery,1355,0,0
47.88,1.07,3,1,1,55.6,1,cash_advance,2804,0,0
12.65,0.421,4,1,0,1.9,0,grocery,1927,1,0
23.18,1.053,8,0,0,24.5,0,gambling,2386,0,0
63.37,0.872,23,1,1,34.2,0,gas,3220,0,0
57.28,1.74,2,1,1,41.1,0,electronics,221,1,0
14.98,0.514,20,0,1,54.8,0,electronics,317,0,0
73.05,1.479,9,0,1,60.0,1,gas,482,0,0
110.04,5.073,1,1,0,10.8,0,grocery,2282,0,0
8.48,0.185,21,0,1,100.8,0,grocery,1013,0,0
31.1,0.527,13,0,0,6.9,0,grocery,124,0,0
60.65,1.016,12,0,0,15.7,1,travel,1484,0,0
20.38,0.377,7,0,0,10.0,1,online_retail,2769,0,0
15.45,1.255,2,1,0,13.3,0,travel,2064,0,0
15.56,0.442,2,1,0,12.5,4,grocery,636,0,0
89.34,5.025,3,1,1,59.7,0,online_retail,3143,0,0
21.22,0.5,23,1,1,27.8,0,electronics,875,0,0
15.23,0.309,9,0,1,30.9,0,online_retail,3224,0,0
33.41,1.744,14,0,1,20.0,2,grocery,1308,0,0
329.22,11.183,9,0,1,113.6,0,dining,36,0,1
37.55,1.873,5,1,1,66.5,1,dining,1735,0,0
14.9,0.549,21,0,0,32.1,0,gambling,2667,0,0
40.56,0.669,5,1,0,12.8,2,dining,1559,1,0
54.54,2.823,8,0,0,9.9,6,dining,583,0,0
135.82,7.217,13,0,0,14.8,0,grocery,1499,1,0
61.82,2.594,21,0,0,1.7,0,gambling,78,0,0
140.64,3.71,4,1,0,4.5,0,grocery,848,1,0
21.15,0.449,11,0,1,76.6,0,gas,455,0,0
63.81,2.465,22,0,0,3.4,0,gas,491,1,0
61.62,2.94,15,0,0,0.3,2,cash_advance,3424,0,1
167.48,3.568,16,0,1,53.2,0,dining,966,0,0
17.26,0.572,3,1,0,3.9,0,online_retail,30,1,0
66.13,2.08,23,1,1,56.3,1,gas,2627,0,0
15.11,0.451,12,0,0,23.6,0,gambling,2075,0,0
79.8,0.847,3,1,0,1.8,0,cash_advance,1075,0,0
19.2,0.896,3,1,1,67.2,5,grocery,2119,0,0
107.38,1.941,7,0,1,12.9,2,gambling,1047,1,0
17.69,0.657,2,1,1,36.6,1,electronics,1392,0,0
7.48,0.198,8,0,0,10.5,0,dining,884,0,0
64.57,2.098,9,0,0,8.3,0,dining,3537,2,0
19.26,0.718,6,0,1,87.1,2,grocery,693,0,0
122.95,4.075,20,0,1,37.5,0,dining,1273,0,0
31.09,1.329,19,0,0,16.1,0,dining,2042,0,0
28.9,0.323,9,0,0,10.1,1,dining,1555,0,0
58.68,2.102,10,0,1,20.1,1,grocery,805,0,0
112.62,7.083,21,0,0,3.7,1,grocery,3405,0,0
14.7,0.586,2,1,1,56.8,0,cash_advance,42,0,0
17.45,0.394,8,0,1,42.8,0,cash_advance,1710,0,0
10.14,0.447,3,1,1,95.1,0,dining,1127,0,0
81.55,3.151,15,0,1,115.0,6,grocery,2905,0,0
7.88,0.27,0,1,1,17.1,0,cash_advance,378,1,0
14.11,0.745,19,0,1,51.1,1,electronics,2482,0,0
17.22,0.769,10,0,0,19.9,1,gas,126,0,0
196.8,6.131,19,0,1,72.2,0,gas,3430,0,1
6.18,0.196,8,0,0,3.5,1,grocery,879,0,0
21.91,0.663,23,1,1,52.0,0,dining,3253,0,0
41.18,0.876,16,0,0,6.9,2,grocery,3172,0,0
5.21,0.196,18,0,0,6.4,2,online_retail,2936,0,0
115.41,2.919,17,0,1,33.9,0,dining,184,0,0
59.07,0.859,13,0,1,8.3,2,travel,3175,0,0
7.42,0.18,4,1,0,10.2,0,travel,2980,1,0
30.96,0.984,5,1,1,30.7,0,cash_advance,1237,0,0
55.25,2.028,7,0,0,6.9,0,electronics,1551,0,0
11.82,0.511,5,1,0,9.3,0,grocery,2025,0,0
89.12,5.969,12,0,1,32.5,7,grocery,861,0,1
60.35,3.104,19,0,0,15.0,0,grocery,968,0,0
132.62,2.519,5,1,0,4.2,0,gambling,2742,0,0
32.69,0.958,4,1,0,5.1,0,grocery,515,0,0
64.12,4.626,14,0,1,84.2,0,gas,3154,0,0
17.2,0.58,5,1,1,121.8,2,grocery,3367,0,0
7.31,0.28,17,0,0,0.3,0,travel,2659,0,0
122.31,3.828,19,0,1,38.9,0,travel,2281,0,0
9.89,0.466,8,0,0,11.1,0,grocery,1955,1,0
54.73,1.64,19,0,0,0.4,0,online_retail,600,0,0
31.78,1.055,8,0,0,11.4,0,dining,105,0,0
51.73,1.159,13,0,0,1.1,1,dining,1800,0,0
4.69,0.192,6,0,1,23.4,2,cash_advance,1418,0,0
20.66,0.347,21,0,1,66.9,3,grocery,2473,0,0
10.12,0.17,10,0,1,64.6,1,grocery,1169,0,0
34.75,1.908,20,0,0,1.1,3,cash_advance,232,0,0
234.39,4.658,13,0,1,86.7,0,online_retail,3444,0,0
13.43,0.814,20,0,1,62.0,0,grocery,3476,0,0
61.67,3.381,5,1,1,105.6,0,grocery,2541,0,0
40.92,0.923,22,0,1,17.4,1,grocery,2232,0,0
11.57,0.298,2,1,1,66.2,0,dining,3095,0,0
20.04,0.377,5,1,1,60.8,1,dining,1725,0,0
6.15,0.119,23,1,1,52.5,0,gambling,782,0,0
41.63,1.945,14,0,0,35.2,0,grocery,908,0,0
40.75,2.38,21,0,1,37.0,1,dining,1836,0,0
17.17,0.49,21,0,0,4.7,0,online_retail,120,0,0
33.9,2.504,16,0,0,12.7,1,dining,3162,1,0
36.14,1.974,11,0,1,32.3,0,online_retail,3112,1,0
267.6,9.034,17,0,1,22.6,0,grocery,43,1,1
33.49,1.03,0,1,0,15.4,0,online_retail,3484,0,0
10.67,0.423,17,0,1,82.2,0,grocery,446,0,0
83.01,1.268,17,0,0,11.2,1,gambling,3005,0,0
32.66,0.6,12,0,1,56.0,1,online_retail,2022,0,0
238.04,13.13,5,1,1,78.1,4,online_retail,861,0,1
67.98,1.016,16,0,1,82.2,0,grocery,863,0,0
378.38,6.881,1,1,0,12.5,0,dining,2788,1,1
17.12,0.193,1,1,0,7.4,0,travel,968,0,0
7.19,0.328,7,0,0,5.0,0,gas,27,0,0
29.96,0.806,3,1,0,4.9,0,gas,459,0,0
21.8,0.698,2,1,1,116.9,0,cash_advance,855,0,0
74.42,2.184,17,0,1,41.4,0,travel,3381,0,0
20.86,0.47,6,0,1,5.3,0,grocery,2577,0,0
68.63,1.079,1,1,0,28.8,1,gas,2331,0,0
147.02,8.981,2,1,0,12.9,1,online_retail,2157,0,1
15.4,0.319,22,0,0,0.5,1,gas,1584,0,0
29.79,0.444,22,0,0,1.0,0,grocery,1504,0,0
44.29,1.823,19,0,0,15.4,0,gambling,2087,0,0
52.92,2.239,17,0,1,101.6,1,dining,2491,0,0
27.91,1.12,7,0,1,32.4,0,travel,709,1,0
52.27,2.207,5,1,1,93.0,3,cash_advance,754,0,0
9.72,0.248,14,0,0,16.9,1,online_retail,806,1,0
65.72,1.95,8,0,0,7.8,1,cash_advance,243,0,0
236.26,12.882,11,0,0,1.4,1,gambling,1389,0,1
340.8,16.649,22,0,0,32.7,0,grocery,3590,1,1
33.32,0.941,15,0,1,40.7,0,grocery,146,0,0
58.49,2.379,22,0,1,73.9,1,gas,391,0,0
22.92,0.448,15,0,1,46.1,1,grocery,2590,0,0
20.36,0.349,1,1,1,65.7,1,gas,3562,0,0
49.48,1.793,0,1,0,8.7,0,electronics,609,0,0
80.42,2.401,2,1,0,6.3,0,gas,3017,0,0
58.91,1.412,13,0,0,7.9,0,gas,852,0,0
64.71,1.081,0,1,1,63.2,0,online_retail,3117,0,0
80.12,2.445,18,0,0,18.0,0,dining,2019,0,0
17.4,0.504,17,0,0,9.0,1,dining,84,0,0
21.23,0.615,16,0,1,45.1,0,gas,960,1,0
38.13,1.456,19,0,1,14.6,1,gas,3325,0,0
51.43,1.655,1,1,1,49.5,1,gambling,470,0,0
21.28,0.965,15,0,1,108.7,0,online_retail,3082,2,0
35.12,1.333,14,0,1,46.7,1,grocery,608,1,0
29.26,1.331,7,0,0,10.5,1,grocery,1622,0,0
18.51,0.298,3,1,0,25.1,1,online_retail,1604,0,0
36.73,1.196,19,0,0,2.9,1,online_retail,2915,0,0
123.21,2.426,2,1,0,1.2,3,online_retail,2490,0,0
127.37,1.246,10,0,0,12.8,0,online_retail,250,0,0
64.55,0.987,6,0,0,13.3,0,dining,1234,0,0
28.34,0.63,11,0,0,26.1,1,cash_advance,1346,0,0
27.7,0.904,17,0,1,68.4,1,grocery,1394,0,0
117.64,4.428,20,0,0,4.7,1,dining,1562,0,0
16.09,0.532,21,0,0,5.6,0,gas,3496,1,0
19.17,0.438,11,0,1,32.9,1,online_retail,423,0,0
24.88,0.967,17,0,1,27.1,1,cash_advance,2169,0,0
59.78,1.002,4,1,1,55.5,1,gas,3490,0,0
55.16,2.642,18,0,1,84.8,0,travel,3334,0,0
195.76,5.577,1,1,0,19.5,0,electronics,2412,0,0
9.77,0.439,22,0,1,62.8,0,grocery,2588,0,0
35.34,0.923,20,0,0,5.3,1,dining,657,0,0
63.88,2.037,21,0,1,26.2,0,online_retail,3467,0,0
21.12,0.328,17,0,0,11.4,0,gas,962,0,0
9.32,0.487,5,1,1,102.7,0,online_retail,2734,0,0
213.44,8.036,10,0,0,1.5,0,electronics,982,0,0
17.0,0.398,18,0,1,41.2,1,online_retail,3538,0,0
40.91,3.064,12,0,1,76.6,0,gas,3517,0,0
37.39,0.881,14,0,0,3.0,1,travel,1713,1,0
41.46,1.054,3,1,0,10.4,0,grocery,756,0,0
29.56,0.919,20,0,1,52.4,1,gas,3217,0,0
28.74,0.656,11,0,1,31.1,3,grocery,897,0,0
52.12,1.392,23,1,1,92.2,0,online_retail,2297,0,0
18.66,0.755,17,0,1,28.7,0,travel,1456,1,0
39.35,2.868,5,1,0,12.5,0,grocery,3216,0,0
55.67,2.839,8,0,0,0.8,0,dining,2405,0,0
10.68,0.542,12,0,0,14.2,0,grocery,101,0,0
31.51,1.044,16,0,0,6.0,1,dining,2264,0,0
76.76,1.303,8,0,0,23.4,2,online_retail,2778,0,0
82.19,2.01,21,0,1,93.9,2,grocery,2263,0,0
57.42,2.043,10,0,1,2.6,0,dining,1677,0,0
10.37,0.384,19,0,1,49.9,0,electronics,985,0,0
52.53,2.662,12,0,1,42.6,1,cash_advance,2522,1,0
28.06,1.078,9,0,0,14.4,0,travel,1463,0,0
35.95,1.704,5,1,1,26.4,0,dining,82,0,0
4.07,0.123,0,1,0,31.3,0,grocery,809,0,0
30.96,0.52,13,0,1,49.7,1,dining,3104,0,0
41.85,1.034,11,0,1,39.2,0,dining,1484,0,0
6.43,0.244,16,0,0,16.0,0,electronics,3235,0,0
118.25,4.44,7,0,1,30.8,1,dining,687,0,0
8.87,0.406,8,0,0,12.9,0,grocery,2658,0,0
12.92,0.535,8,0,0,6.7,0,dining,1448,0,0
7.28,0.236,8,0,0,1.2,1,dining,3062,1,0
32.45,1.171,9,0,0,6.1,1,electronics,818,0,0
37.66,1.093,12,0,1,72.8,0,cash_advance,1407,0,0
15.44,0.757,16,0,0,12.4,0,gas,1008,0,0
21.58,0.914,8,0,1,146.9,1,gas,2417,0,0
62.84,3.024,15,0,0,15.6,0,grocery,1434,0,0
6.2,0.127,3,1,1,138.3,2,travel,1186,0,0
29.14,1.326,12,0,0,23.1,0,online_retail,1987,1,0
20.8,0.946,8,0,0,13.7,0,grocery,231,0,0
20.39,0.548,10,0,0,19.1,2,gambling,2337,0,0
29.18,0.872,17,0,0,16.9,0,electronics,3079,0,0
6.89,0.351,19,0,1,18.3,1,gambling,1496,0,0
14.56,0.625,14,0,1,69.5,0,gambling,3468,0,0
28.22,0.657,14,0,0,14.7,0,dining,3382,0,0
58.36,2.544,17,0,1,20.8,1,online_retail,640,0,0
7.25,0.184,18,0,1,50.1,0,grocery,944,0,0
53.85,1.689,8,0,1,19.8,0,gambling,865,0,0
34.03,0.868,3,1,0,5.1,0,electronics,3175,0,0
18.89,0.414,19,0,1,65.6,0,dining,3102,0,0
59.17,1.689,19,0,1,33.1,0,gas,781,0,0
50.16,1.771,6,0,1,99.4,0,grocery,32,0,0
53.64,1.613,16,0,1,32.6,1,grocery,389,0,0
31.51,0.693,14,0,0,2.6,1,dining,3474,0,0
19.61,0.846,21,0,0,10.9,1,gas,126,1,0
40.6,0.769,13,0,0,20.9,0,dining,123,0,0
33.05,1.717,4,1,1,68.5,1,cash_advance,2982,0,0
127.18,1.69,23,1,0,21.8,0,online_retail,1797,0,0
322.82,4.417,11,0,0,11.7,3,online_retail,3283,0,0
26.13,0.983,23,1,0,5.0,0,grocery,3590,0,0
16.76,0.458,14,0,0,3.8,0,gambling,25,0,0
31.31,2.206,4,1,1,62.9,0,online_retail,1915,1,0
40.44,1.877,16,0,0,16.6,1,cash_advance,2522,0,0
6.35,0.271,15,0,1,15.8,0,dining,741,0,0
70.95,2.624,13,0,0,19.4,1,grocery,1976,0,0
25.78,0.837,12,0,1,112.1,2,electronics,2390,0,0
10.41,0.196,18,0,0,14.4,0,electronics,715,1,0
33.47,1.26,3,1,0,9.5,1,online_retail,928,0,0
18.37,0.572,19,0,1,44.5,0,grocery,3077,0,0
16.3,0.788,9,0,1,25.2,2,gambling,1116,0,0
25.29,0.689,0,1,1,66.2,1,grocery,1963,0,0
8.93,0.232,3,1,0,42.4,1,gas,2600,0,0
24.58,1.179,7,0,0,22.5,0,gas,1680,1,0
104.74,5.002,3,1,0,7.7,3,online_retail,977,0,0
28.19,0.988,6,0,1,34.8,2,dining,1826,0,0
25.59,0.349,5,1,1,34.8,0,dining,769,0,0
47.43,0.553,7,0,1,16.7,3,grocery,2166,0,0
34.26,1.467,12,0,0,17.1,4,gambling,2174,1,0
32.96,0.745,13,0,0,9.0,1,grocery,1068,0,0
134.03,7.021,14,0,1,123.4,0,grocery,1989,0,1
29.28,0.996,23,1,0,9.4,0,grocery,977,0,0
25.45,0.437,3,1,0,1.0,1,online_retail,1349,0,0
84.13,3.266,5,1,1,54.6,1,gas,2101,0,0
32.93,0.854,4,1,0,3.3,1,cash_advance,153,1,0
58.99,2.229,4,1,1,101.2,0,grocery,2906,0,0
233.83,8.304,20,0,1,52.6,1,gas,1089,0,1
10.44,0.376,4,1,1,29.0,1,gas,295,0,0
142.85,4.77,4,1,1,81.8,1,dining,45,0,0
18.36,0.428,8,0,1,24.6,3,grocery,35,0,0
18.15,0.827,5,1,1,32.6,1,cash_advance,2284,0,0
28.91,1.387,5,1,0,14.0,1,grocery,1581,0,0
23.51,0.564,23,1,0,2.7,0,dining,2323,0,0
31.58,0.865,18,0,1,50.5,1,dining,867,0,0
15.35,0.235,3,1,1,78.3,0,online_retail,3024,0,0
123.06,3.36,21,0,1,67.8,4,gas,2996,1,0
13.74,0.214,5,1,1,40.7,3,dining,2118,0,0
6.51,0.138,13,0,1,31.5,1,online_retail,2047,0,0
42.5,0.966,2,1,0,13.5,1,cash_advance,1253,0,0
169.57,8.071,20,0,1,25.0,0,gas,264,0,1
20.53,0.324,16,0,1,70.5,1,travel,1316,0,0
43.16,1.669,3,1,0,1.7,1,travel,225,0,0
30.1,0.585,8,0,0,14.0,1,online_retail,805,0,0
18.87,0.477,9,0,1,76.2,1,online_retail,1559,0,0
81.39,4.472,13,0,1,17.5,2,dining,1575,0,0
50.18,1.023,14,0,0,30.5,0,online_retail,287,0,0
17.43,0.643,15,0,0,5.6,0,gambling,1234,0,0
14.3,0.67,8,0,1,26.4,0,travel,543,0,0
9.99,0.353,20,0,1,7.8,2,gas,3258,0,0
345.0,12.055,13,0,1,62.9,1,gas,2314,0,1
51.63,0.967,11,0,0,8.4,0,gambling,3150,0,0
28.96,0.897,23,1,1,81.3,0,cash_advance,2832,0,0
48.36,1.788,14,0,1,27.0,1,gambling,1811,1,0
85.12,3.128,11,0,1,41.5,2,dining,2647,0,0
8.47,0.328,17,0,1,57.6,0,gas,1185,3,0
39.03,1.678,5,1,0,12.7,0,grocery,1148,1,0
82.71,2.841,15,0,1,78.9,1,gas,1136,0,0
12.54,0.314,22,0,0,8.5,0,dining,2029,0,0
19.57,0.43,3,1,1,56.5,1,cash_advance,906,0,0
129.18,6.785,5,1,0,11.4,1,cash_advance,917,0,1
57.14,1.055,10,0,0,22.7,2,online_retail,3268,0,0
37.77,0.909,20,0,0,2.1,0,online_retail,501,1,0
65.99,4.271,15,0,1,37.2,1,grocery,3556,0,0
15.51,0.664,19,0,0,17.7,0,dining,1040,0,0
47.82,2.142,2,1,1,62.4,1,gambling,1390,0,0
85.6,3.097,3,1,1,44.7,0,travel,2166,0,0
107.55,3.558,18,0,1,48.6,0,grocery,3301,0,0
7.4,0.123,22,0,1,28.4,0,online_retail,1848,0,0
67.81,2.567,5,1,0,4.2,1,travel,2926,1,0
84.3,4.921,11,0,1,33.8,0,online_retail,2079,0,0
72.83,2.987,1,1,0,14.3,1,grocery,1491,1,0
44.13,2.711,17,0,1,48.7,1,cash_advance,545,0,1
51.85,1.392,5,1,1,33.0,0,gas,2726,0,0
16.07,0.274,2,1,1,82.5,1,gambling,3449,2,0
34.08,2.036,3,1,1,59.4,0,dining,2966,0,0
9.42,0.89,15,0,0,5.8,0,gas,3534,1,0
53.18,1.51,4,1,1,114.9,0,gas,1068,0,0
111.98,4.804,6,0,1,57.9,0,grocery,2648,0,0
13.61,0.4,20,0,1,16.5,7,grocery,3372,0,0
16.71,0.659,18,0,0,13.5,2,grocery,3310,0,0
52.4,1.042,16,0,1,12.8,1,dining,2675,0,0
39.77,1.38,16,0,1,95.0,0,online_retail,2396,0,0
52.28,0.888,21,0,1,63.3,1,grocery,866,0,0
38.02,2.021,15,0,0,10.6,0,cash_advance,2901,0,0
184.3,7.067,0,1,1,132.2,1,online_retail,270,0,1
15.65,0.447,7,0,1,39.5,0,grocery,3552,0,0
22.64,0.751,0,1,0,11.5,0,online_retail,1955,0,0
29.29,0.449,10,0,1,26.5,0,electronics,2327,0,0
223.73,8.446,2,1,1,37.6,0,dining,2654,1,1
83.66,2.394,8,0,0,20.1,0,online_retail,861,0,0
25.71,1.04,22,0,1,7.1,0,cash_advance,2036,0,0
4.25,0.193,1,1,1,50.5,0,gambling,1404,0,0
54.95,1.562,4,1,0,19.7,1,electronics,545,0,0
30.41,1.041,1,1,1,46.5,0,travel,935,0,0
62.32,1.581,5,1,0,10.8,0,gas,30,2,0
139.22,4.781,2,1,1,67.6,0,cash_advance,2843,1,0
23.76,0.3,10,0,1,27.9,0,electronics,30,0,0
33.89,0.629,17,0,1,21.1,0,online_retail,281,0,0
17.91,1.072,6,0,1,77.6,0,dining,3129,1,0
9.51,0.235,0,1,1,89.0,0,dining,797,0,0
14.45,0.813,13,0,1,21.2,0,dining,696,1,0
40.59,1.766,3,1,1,86.5,0,gas,2888,0,0
109.3,6.009,14,0,1,19.0,2,electronics,2945,0,0
64.66,1.487,4,1,1,53.0,0,dining,2729,0,0
3.49,0.079,17,0,0,20.6,1,online_retail,1893,0,0
8.43,0.42,14,0,1,36.8,4,dining,1625,0,0
25.1,1.244,3,1,0,13.6,0,online_retail,2295,0,0
90.16,4.905,20,0,1,46.2,2,online_retail,2673,0,0
618.07,9.425,23,1,1,47.8,0,dining,1302,1,1
161.76,6.004,15,0,1,63.5,2,travel,1627,1,0
9.38,0.223,1,1,0,11.7,0,grocery,68,0,0
10.52,0.323,2,1,0,17.8,1,dining,1232,0,0
9.21,0.371,23,1,1,11.3,0,travel,1270,0,0
172.44,6.057,18,0,1,47.3,0,travel,3471,0,0
77.53,2.086,0,1,0,38.9,1,electronics,3281,0,0
44.77,1.646,15,0,0,0.5,1,online_retail,2006,0,0
19.85,0.263,7,0,1,78.8,0,grocery,1326,0,0
34.45,1.491,7,0,1,153.6,1,travel,1267,0,0
12.84,0.565,0,1,0,26.8,0,dining,3448,0,0
45.31,1.026,3,1,1,21.3,0,cash_advance,2624,0,0
4.74,0.089,4,1,0,35.4,0,electronics,3596,0,0
81.61,4.026,0,1,0,6.4,0,gas,2937,0,0
18.41,0.496,21,0,0,17.4,9,online_retail,2541,1,0
32.46,1.606,18,0,1,82.1,0,gas,3390,0,0
186.5,4.279,5,1,0,7.5,1,grocery,3431,0,0
7.67,0.206,18,0,0,5.8,1,electronics,848,0,0
14.55,0.567,13,0,0,20.7,1,dining,1025,0,0
26.9,0.847,21,0,1,73.3,0,grocery,161,2,0
26.25,0.65,8,0,1,40.3,2,online_retail,2006,0,0
32.64,0.956,1,1,0,20.1,0,dining,1770,0,0
27.88,0.729,20,0,0,5.2,0,gas,1574,0,0
85.63,0.897,17,0,1,16.7,0,grocery,154,0,0
12.7,0.397,7,0,0,1.7,0,online_retail,2896,0,0
24.57,0.781,5,1,1,45.2,1,online_retail,3571,1,0
31.92,1.332,6,0,0,23.7,1,gambling,2974,1,0
60.79,2.124,9,0,0,23.3,1,electronics,1616,0,0
15.32,0.567,15,0,1,27.4,1,dining,1715,0,0
9.91,0.238,4,1,0,3.8,0,gambling,536,0,0
19.92,0.51,19,0,0,12.5,0,online_retail,389,0,0
59.07,3.186,1,1,1,44.4,1,gas,589,0,0
10.43,0.256,10,0,0,18.9,0,grocery,1384,0,0
88.45,2.71,8,0,1,42.3,1,online_retail,3547,0,0
70.31,1.657,0,1,0,15.0,0,electronics,1458,1,0
38.66,1.896,5,1,1,45.8,3,gambling,1228,0,0
115.82,4.625,17,0,1,79.1,0,grocery,1902,0,0
42.52,1.271,1,1,1,26.5,1,online_retail,3180,0,0
108.29,3.302,15,0,1,15.8,0,gas,2711,0,0
15.53,0.755,15,0,1,48.4,6,gambling,3407,1,0
55.38,1.136,21,0,1,24.3,1,online_retail,668,0,0
39.43,1.281,12,0,1,112.8,0,travel,284,0,0
96.45,3.721,3,1,0,0.7,0,online_retail,464,0,0
82.13,3.165,8,0,1,33.6,2,dining,1592,1,0
37.09,1.223,9,0,0,42.2,4,gas,948,0,0
26.26,1.042,23,1,0,6.4,1,gas,1404,0,0
46.68,1.409,0,1,1,48.6,0,online_retail,2683,0,0
24.93,1.082,18,0,1,22.5,1,grocery,401,0,0
71.0,2.124,0,1,1,8.7,1,cash_advance,1271,0,0
22.32,0.945,12,0,0,14.5,1,dining,1079,0,0
2.01,0.043,11,0,0,3.2,0,online_retail,1598,0,0
53.82,1.931,2,1,1,41.1,0,grocery,3331,0,0
62.98,2.527,3,1,0,1.0,3,grocery,2142,0,0
14.86,1.108,14,0,0,24.8,0,grocery,2133,0,0
7.14,0.326,4,1,0,16.4,1,dining,3452,2,0
65.02,2.423,17,0,0,19.0,0,dining,3000,0,0
56.8,1.284,15,0,0,3.9,1,gas,268,0,0
20.3,0.553,8,0,0,9.3,1,online_retail,324,0,0
13.64,0.709,23,1,1,29.2,1,grocery,668,0,0
57.48,2.851,13,0,1,20.4,0,grocery,671,1,0
9.39,0.337,9,0,1,60.8,2,electronics,1064,0,0
30.87,0.677,12,0,1,41.6,0,dining,2841,0,0
16.24,0.379,0,1,1,20.5,0,electronics,3569,1,0
24.21,0.881,9,0,0,4.4,0,online_retail,933,0,0
24.94,0.423,22,0,0,0.7,2,cash_advance,311,0,0
199.65,4.616,13,0,0,7.5,0,gas,2968,0,0
82.36,0.978,23,1,1,20.4,0,dining,2064,0,0
43.03,0.596,5,1,1,54.4,0,online_retail,2305,0,0
2.65,0.089,20,0,0,2.6,4,dining,3494,0,0
46.81,0.961,13,0,1,135.3,1,dining,2232,0,0
19.78,0.309,0,1,0,6.5,0,online_retail,205,1,0
35.48,0.893,7,0,1,29.7,0,dining,2949,0,0
32.45,0.58,18,0,0,34.0,2,gas,3115,0,0
199.25,10.171,12,0,1,55.8,1,dining,1240,0,1
45.3,1.121,9,0,0,0.8,0,grocery,301,1,0
46.76,1.44,11,0,1,68.6,1,cash_advance,1047,0,0
68.55,3.639,16,0,1,8.9,0,travel,63,0,0
25.93,0.616,12,0,0,13.7,0,online_retail,2280,0,0
14.41,0.246,8,0,1,43.3,1,dining,2313,0,0
5.25,0.074,18,0,0,4.1,0,online_retail,3594,0,0
89.09,6.256,18,0,0,10.5,0,gas,1748,0,0
28.49,0.623,2,1,1,97.2,0,online_retail,1158,0,0
21.27,0.761,15,0,0,16.4,0,dining,2571,0,0
47.73,1.578,14,0,0,12.3,1,dining,1805,0,0
22.66,0.674,16,0,1,51.4,0,grocery,2778,1,0
10.67,0.178,10,0,1,25.3,0,online_retail,1174,0,0
11.52,0.232,0,1,1,27.3,0,grocery,3589,1,0
18.28,0.435,20,0,1,40.1,0,dining,2164,1,0
35.44,0.822,17,0,1,43.5,1,online_retail,3160,0,0
58.83,1.069,11,0,1,39.6,0,online_retail,1749,0,0
108.89,1.929,12,0,1,35.2,0,cash_advance,597,0,0
9.56,0.469,23,1,1,35.4,0,dining,1767,0,0
29.21,0.711,5,1,0,5.9,0,gas,977,0,0
26.24,0.737,6,0,1,60.8,1,cash_advance,2726,0,0
9.92,0.335,21,0,1,62.8,5,online_retail,2892,0,0
20.47,0.817,9,0,1,127.1,0,gambling,615,0,0
131.9,4.309,14,0,1,57.9,0,travel,702,0,0
37.77,1.012,22,0,0,6.8,0,grocery,3293,0,0
79.12,2.692,18,0,0,1.9,0,online_retail,3534,0,0
89.11,1.719,0,1,1,84.5,1,gas,1708,1,0
15.74,0.313,17,0,1,29.8,3,online_retail,495,1,0
32.89,0.949,3,1,0,3.1,2,online_retail,1491,1,0
10.39,0.154,9,0,1,21.9,0,gas,2859,0,0
5.5,0.113,19,0,0,3.8,1,travel,2979,0,0
142.51,5.916,3,1,1,79.3,0,electronics,2835,1,0
16.55,0.84,15,0,1,46.8,2,online_retail,1503,0,0
11.01,0.449,5,1,1,25.1,0,gas,1455,0,0
448.09,9.607,21,0,0,15.5,1,gas,1913,0,1
12.16,0.848,13,0,0,15.1,0,dining,2407,0,0
29.57,0.758,10,0,1,22.2,2,dining,2607,0,0
10.45,0.152,14,0,0,11.7,0,grocery,1254,0,0
34.47,1.706,20,0,1,44.2,1,online_retail,763,1,0
8.06,0.292,16,0,1,11.2,0,travel,198,0,0
63.84,1.853,17,0,1,81.8,0,travel,2298,1,0
7.61,0.234,23,1,1,17.2,4,travel,546,0,0
30.03,1.131,1,1,0,4.9,0,online_retail,1629,0,0
40.57,0.732,12,0,0,24.5,1,travel,110,0,0
24.29,0.822,22,0,1,47.3,1,dining,2832,0,0
39.14,1.714,1,1,0,16.4,0,gambling,431,0,0
30.53,0.603,21,0,0,1.8,0,online_retail,1657,0,0
11.24,0.301,5,1,1,53.7,0,electronics,3080,0,0
14.73,0.559,8,0,0,25.5,2,grocery,1254,0,0
219.28,11.627,23,1,1,14.0,1,grocery,2714,0,1
83.18,2.328,11,0,1,58.9,0,gas,108,0,0
28.35,0.541,1,1,0,21.5,1,dining,1462,1,0
32.15,1.76,5,1,1,109.4,2,gambling,2672,0,0
80.22,2.175,22,0,0,14.2,1,electronics,2911,0,0
25.73,0.417,6,0,1,13.5,1,online_retail,1300,0,0
19.89,0.572,10,0,1,55.1,2,online_retail,3105,1,0
59.9,1.837,11,0,1,44.2,1,online_retail,2589,0,0
12.44,1.077,6,0,0,26.5,0,dining,1450,0,0
103.23,1.331,16,0,1,101.9,1,dining,1963,0,0
15.34,0.313,20,0,1,47.4,0,cash_advance,2041,1,0
115.14,2.632,4,1,0,28.0,0,electronics,1810,0,0
62.61,2.709,23,1,1,37.4,1,gas,1896,0,0
10.18,0.532,10,0,0,18.4,1,online_retail,2631,1,0
147.2,4.099,14,0,1,26.9,1,gas,671,0,0
28.19,0.745,12,0,1,25.4,0,online_retail,3530,1,0
30.02,1.056,16,0,1,49.8,0,dining,2767,0,0
36.41,0.617,14,0,1,20.1,1,gas,393,1,0
49.22,1.019,4,1,0,17.8,1,electronics,2951,0,0
100.18,0.925,3,1,0,25.1,0,grocery,2770,0,0
95.45,3.304,0,1,0,1.1,0,electronics,1141,0,0
168.55,4.783,9,0,0,1.4,0,online_retail,2184,0,0
105.4,3.209,20,0,1,26.8,0,dining,2901,0,0
5.0,0.205,21,0,1,22.7,1,gambling,1932,0,0
61.39,1.392,0,1,1,34.7,1,cash_advance,1893,0,0
179.75,2.696,17,0,0,21.3,0,grocery,1314,1,0
234.13,8.383,5,1,0,12.7,1,grocery,295,0,1
29.27,0.856,16,0,1,82.8,0,grocery,3528,0,0
16.47,0.543,19,0,1,25.4,1,dining,3234,0,0
11.33,0.221,13,0,1,27.5,1,online_retail,1929,1,0
32.86,0.891,21,0,1,117.9,0,grocery,3584,0,0
54.34,4.028,21,0,0,10.0,0,gambling,1053,0,0
20.55,0.353,12,0,0,16.9,1,cash_advance,856,0,0
307.03,8.915,14,0,1,52.5,0,electronics,651,0,1
23.58,0.448,6,0,1,68.7,1,gas,950,0,0
66.81,3.783,8,0,1,8.9,1,online_retail,268,0,0
58.69,3.022,19,0,1,68.2,0,gambling,1606,1,0
48.12,0.787,14,0,0,3.7,2,dining,335,0,0
86.8,2.853,11,0,1,13.9,3,travel,3407,0,0
19.8,0.655,3,1,1,49.9,0,online_retail,2183,0,0
102.16,2.997,11,0,1,26.8,0,electronics,2449,0,0
82.09,3.599,8,0,0,1.1,0,electronics,2347,0,0
35.19,0.721,3,1,1,45.6,1,gas,3514,0,0
154.21,8.482,0,1,0,6.8,0,grocery,2819,1,0
41.23,0.6,4,1,0,10.1,1,travel,1820,0,0
12.76,0.27,7,0,0,3.6,2,grocery,1254,0,0
97.78,1.884,12,0,0,28.5,0,gambling,251,0,0
97.66,1.122,13,0,0,8.5,1,travel,3164,0,0
32.83,0.576,2,1,1,15.4,0,gambling,3056,1,0
33.18,0.549,17,0,0,7.2,2,online_retail,2155,0,0
69.2,1.823,14,0,0,2.3,1,dining,1157,0,0
76.54,2.787,10,0,1,41.8,1,online_retail,2260,0,0
11.17,0.364,21,0,1,47.0,1,electronics,440,0,0
83.33,2.4,9,0,1,20.8,0,online_retail,1320,0,0
83.77,4.002,6,0,0,1.1,1,online_retail,1648,0,0
34.93,1.129,22,0,0,9.5,1,cash_advance,3401,0,0
14.55,0.376,16,0,0,2.5,0,gas,1428,0,0
6.18,0.348,23,1,0,15.3,0,gambling,235,0,0
35.89,0.993,3,1,1,36.2,1,gas,1573,0,0
24.09,0.751,16,0,0,5.7,1,gas,2256,0,0
84.04,1.788,3,1,1,92.5,0,dining,1829,0,0
23.86,0.811,0,1,0,1.5,3,travel,709,0,0
15.17,0.52,12,0,0,6.4,6,online_retail,2343,0,0
13.15,0.258,16,0,0,13.7,1,dining,451,0,0
12.37,0.502,1,1,0,18.4,1,grocery,3123,0,0
28.98,1.308,18,0,0,7.2,0,online_retail,1181,0,0
22.25,0.939,12,0,0,13.7,0,dining,71,0,0
113.48,9.021,5,1,0,10.2,0,cash_advance,913,0,0
15.3,0.489,0,1,1,36.0,6,online_retail,999,1,0
251.91,5.09,4,1,0,18.2,1,dining,1597,0,0
44.24,1.383,0,1,0,18.0,0,gas,728,0,0
112.26,6.678,12,0,1,23.8,0,grocery,3555,0,0
139.9,7.683,3,1,0,22.1,1,dining,1533,0,0
68.56,1.688,19,0,0,14.0,6,gambling,2162,0,0
8.55,0.347,6,0,1,102.5,1,travel,2332,0,0
222.96,13.788,1,1,0,3.6,1,online_retail,3360,0,1
132.25,6.713,23,1,1,108.1,0,cash_advance,3056,0,0
37.83,1.022,14,0,1,30.3,1,dining,2929,0,0
30.45,1.169,2,1,1,18.7,0,gas,115,0,0
81.02,2.012,12,0,0,28.6,2,gambling,3356,0,0
17.98,1.688,8,0,1,157.4,0,cash_advance,3014,0,0
265.45,4.647,7,0,0,22.8,3,gambling,1532,0,0
40.17,0.713,22,0,0,5.3,0,electronics,1511,0,0
30.84,0.505,16,0,1,46.3,0,gambling,3461,0,0
48.31,1.055,20,0,0,10.5,1,cash_advance,1065,0,0
94.39,2.658,8,0,1,42.3,0,online_retail,466,0,0
84.8,2.239,17,0,1,43.3,0,cash_advance,1571,0,0
11.34,0.263,2,1,0,4.9,1,travel,3476,0,0
2.4,0.062,3,1,1,66.2,0,grocery,3111,1,0
19.27,0.199,12,0,1,99.4,1,electronics,2021,0,0
26.33,1.063,7,0,0,11.3,0,gas,3438,0,0
101.49,2.532,12,0,1,99.9,0,electronics,2981,1,0
9.33,0.171,14,0,0,0.7,1,gambling,604,0,0
17.53,0.541,19,0,1,52.7,0,grocery,94,0,0
11.88,0.29,2,1,1,34.8,2,online_retail,685,0,0
73.35,1.537,23,1,0,20.1,0,dining,2999,0,0
186.9,7.512,4,1,0,4.1,1,dining,1884,0,1
12.1,0.209,17,0,1,19.2,5,dining,3248,0,0
41.69,2.384,15,0,0,2.9,0,grocery,2865,0,0
43.47,2.076,5,1,0,32.3,1,online_retail,1943,0,0
29.6,0.69,17,0,1,61.8,0,travel,1338,0,0
61.11,0.822,17,0,1,71.0,1,gas,3579,0,0
49.13,2.075,21,0,0,13.2,0,gas,3220,0,0
334.54,19.461,3,1,0,30.0,0,gas,3014,0,1
30.59,0.611,17,0,1,7.2,0,gas,3131,0,0
20.53,1.001,9,0,1,44.7,0,online_retail,25,0,0
27.96,0.993,18,0,1,83.4,1,dining,687,0,0
37.86,1.022,20,0,1,12.4,0,gas,519,0,0
6.36,0.164,6,0,0,7.0,0,grocery,2487,1,0
109.22,4.12,7,0,1,23.4,2,electronics,201,0,0
153.88,7.543,6,0,0,2.7,1,gambling,196,1,1
14.52,0.361,23,1,0,18.0,0,online_retail,1328,1,0
44.37,0.743,20,0,0,0.3,0,cash_advance,1616,0,0
16.68,0.502,17,0,0,3.9,0,gas,3367,0,0
17.85,0.273,20,0,1,17.4,2,gas,1381,1,0
9.59,0.297,9,0,1,88.7,0,online_retail,2127,1,0
27.21,1.106,13,0,1,36.8,0,grocery,1750,1,0
17.99,0.691,1,1,1,13.6,0,online_retail,2561,0,0
109.69,6.422,9,0,1,32.6,0,grocery,1816,0,0
62.58,1.437,1,1,0,3.2,0,gas,514,0,0
69.29,2.965,9,0,1,33.5,1,grocery,657,0,0
16.02,0.378,3,1,1,27.6,0,gas,67,0,0
28.28,0.983,22,0,0,11.3,1,electronics,585,0,0
35.83,0.82,14,0,0,7.6,0,dining,1808,0,0
25.63,2.031,7,0,1,13.5,1,dining,2589,0,0
37.23,3.46,19,0,0,16.8,0,gas,2985,0,0
54.89,0.474,4,1,1,74.1,0,grocery,471,1,0
9.94,0.365,3,1,1,111.8,0,travel,767,2,0
75.25,4.367,10,0,0,4.5,0,gambling,629,0,0
138.39,2.381,17,0,0,8.9,0,dining,3501,0,0
16.97,0.735,0,1,1,81.4,2,electronics,2561,0,0
128.75,1.876,12,0,0,17.4,0,gas,2058,1,0
23.82,1.029,23,1,0,3.5,0,grocery,2041,0,0
28.31,0.258,17,0,0,28.0,1,gas,678,1,0
32.5,1.248,4,1,0,3.3,0,travel,1603,0,0
47.77,2.03,15,0,0,18.7,0,cash_advance,1725,0,0
123.73,5.003,20,0,1,47.0,1,grocery,1168,0,0
36.36,0.999,21,0,1,17.0,1,cash_advance,179,0,0
18.84,0.377,9,0,0,4.6,0,cash_advance,3262,0,0
38.81,2.323,18,0,0,0.6,1,online_retail,1462,0,0
81.07,1.599,13,0,0,4.1,2,gambling,1095,0,0
34.15,0.892,4,1,1,19.4,2,online_retail,864,1,0
144.39,5.551,1,1,1,149.0,1,dining,1146,0,1
27.04,0.419,8,0,1,69.2,2,gas,1247,0,0
86.37,1.617,18,0,1,14.2,0,electronics,343,0,0
13.88,0.331,12,0,1,29.8,0,electronics,2997,0,0
152.21,2.427,12,0,0,0.5,0,grocery,537,0,0
20.54,0.656,17,0,0,37.5,0,travel,3225,0,0
133.09,5.288,16,0,0,6.0,1,electronics,1204,0,0
24.28,1.095,6,0,1,32.1,0,travel,767,0,0
31.03,1.179,22,0,1,60.0,0,gas,1590,0,0
30.43,0.942,15,0,1,15.0,1,cash_advance,2502,0,0
237.64,6.856,6,0,1,19.0,1,online_retail,2849,0,1
7.19,0.209,23,1,1,52.7,0,online_retail,2672,0,0
35.99,2.005,16,0,0,0.2,1,gambling,3349,1,0
93.55,2.063,0,1,1,17.4,0,grocery,1257,0,0
53.46,2.299,13,0,1,53.3,1,gambling,1380,0,0
20.87,0.193,4,1,1,3.5,1,online_retail,2971,1,0
20.73,0.376,2,1,0,3.6,0,grocery,1873,0,0
21.26,0.545,14,0,1,42.7,2,gambling,453,1,0
22.67,1.023,14,0,0,32.1,3,grocery,1678,0,0
28.09,1.648,23,1,0,47.6,1,grocery,1998,0,0
16.93,0.623,18,0,1,20.5,1,online_retail,1327,0,0
10.74,0.251,10,0,0,15.8,1,gambling,2910,0,0
34.43,0.894,20,0,1,32.7,0,gas,2210,1,0
23.34,1.169,3,1,1,28.5,1,grocery,66,0,0
3.72,0.189,4,1,0,10.2,2,grocery,3487,0,0
7.44,0.24,17,0,1,35.3,0,grocery,3588,0,0
24.2,0.989,23,1,0,16.8,2,online_retail,384,1,0
34.05,1.791,6,0,1,32.2,0,cash_advance,2755,0,0
30.12,0.592,23,1,1,10.4,2,cash_advance,276,0,0
21.38,0.896,1,1,1,18.0,0,electronics,3342,1,0
8.48,0.216,9,0,0,6.7,0,dining,340,1,0
40.22,1.27,14,0,1,90.7,2,dining,679,0,0
45.86,0.891,15,0,1,21.3,0,travel,3263,0,0
38.8,2.073,16,0,0,0.0,1,gas,2241,0,0
23.5,0.602,14,0,1,16.8,1,cash_advance,2896,0,0
25.43,0.82,1,1,1,9.8,3,grocery,2324,0,0
45.05,1.867,11,0,0,8.9,0,grocery,2372,1,0
24.86,0.313,7,0,1,45.0,0,online_retail,903,0,0
69.85,3.589,23,1,1,49.7,0,gambling,2195,0,0
7.12,0.123,1,1,1,84.8,0,grocery,2542,0,0
78.01,2.244,9,0,0,17.2,1,grocery,1746,0,0
29.85,0.875,15,0,0,7.8,0,gas,2696,0,0
29.23,0.766,1,1,0,10.8,0,cash_advance,2513,0,0
8.36,0.132,13,0,1,44.5,1,grocery,1540,1,0
70.09,2.16,20,0,0,9.5,1,gas,385,0,0
60.26,1.175,23,1,0,13.8,1,gambling,3248,0,0
38.86,0.824,9,0,0,11.8,3,online_retail,834,0,0
10.16,0.249,5,1,0,10.8,0,dining,1896,1,0
21.51,0.635,3,1,1,35.6,0,online_retail,2510,0,0
35.47,0.851,23,1,0,2.3,1,gas,2607,1,0
77.89,2.195,6,0,0,2.7,1,electronics,3046,1,0
162.99,8.15,16,0,1,69.8,0,online_retail,3026,0,1
40.92,0.926,10,0,0,9.3,0,online_retail,1830,0,0
20.93,0.507,5,1,0,11.5,1,online_retail,1914,0,0
42.77,2.024,7,0,0,1.5,1,travel,2659,0,0
19.83,1.11,23,1,1,98.3,0,gambling,2725,0,0
19.52,0.669,10,0,0,7.0,0,grocery,2662,0,0
8.32,0.236,6,0,1,96.5,2,electronics,2322,1,0
5.49,0.172,22,0,1,44.7,0,dining,2361,0,0
26.42,1.21,18,0,1,21.6,0,grocery,2353,0,0
20.6,0.495,15,0,0,36.3,0,dining,292,0,0
7.55,0.15,1,1,1,102.1,1,gas,2310,0,0
445.75,11.69,4,1,1,88.5,1,grocery,766,0,1
28.78,1.174,15,0,0,28.3,6,gas,3408,1,0
97.78,3.774,0,1,1,73.6,0,grocery,217,0,0
28.23,0.998,5,1,0,7.9,0,gas,458,0,0
122.67,4.208,8,0,1,8.5,0,grocery,1218,0,0
41.71,2.4,3,1,1,103.5,2,electronics,2857,0,1
45.58,1.443,17,0,1,32.8,0,grocery,1788,0,0
9.33,0.15,16,0,1,47.3,0,grocery,1869,1,0
196.69,8.977,11,0,1,16.5,0,electronics,1369,0,1
518.24,22.425,13,0,0,22.1,0,online_retail,1790,0,1
69.18,2.185,14,0,0,40.8,1,gas,506,0,0
30.78,2.045,20,0,0,2.2,0,grocery,28,0,0
106.29,3.636,18,0,0,12.4,2,gas,1439,0,0
66.59,3.35,4,1,1,57.0,0,gas,904,0,0
125.11,2.914,13,0,1,10.2,2,travel,713,0,0
60.34,1.899,21,0,1,38.7,0,online_retail,2855,0,0
52.04,1.549,6,0,1,42.7,1,online_retail,1828,0,0
22.48,0.626,15,0,1,46.7,0,online_retail,2919,0,0
553.99,18.417,5,1,0,18.8,0,gas,256,0,1
23.33,0.61,9,0,0,1.5,0,electronics,2301,0,0
10.11,0.332,3,1,0,7.6,1,cash_advance,576,0,0
12.08,0.466,15,0,1,34.9,0,grocery,168,1,0
93.15,4.062,2,1,1,67.9,0,dining,244,0,0
25.32,0.324,19,0,0,19.1,1,gas,2416,0,0
92.65,6.888,21,0,0,7.5,0,travel,147,0,1
112.54,1.784,14,0,1,101.5,0,grocery,619,0,0
45.52,0.926,2,1,0,24.9,0,dining,3461,0,0
87.36,4.444,12,0,0,10.6,2,dining,1639,0,0
47.34,2.82,5,1,0,1.5,1,cash_advance,1733,1,0
51.6,2.131,21,0,1,47.7,0,electronics,537,0,0
56.68,1.131,0,1,0,17.6,0,gas,2650,0,0
127.61,4.115,11,0,1,47.0,0,travel,2512,1,0
10.22,0.422,19,0,0,11.1,0,cash_advance,2824,0,0
40.57,1.039,13,0,1,60.2,1,gambling,600,0,0
18.97,0.859,1,1,0,16.0,1,gas,2924,0,0
20.44,0.494,23,1,1,14.8,0,travel,1421,0,0
16.27,0.352,21,0,1,77.7,0,online_retail,2854,0,0
95.82,4.201,22,0,1,31.7,0,grocery,2752,0,0
178.16,5.353,13,0,1,15.2,2,online_retail,2111,0,0
43.56,1.221,21,0,0,24.1,1,cash_advance,1401,0,0
17.84,0.676,2,1,1,60.2,2,gambling,77,0,0
51.25,1.252,9,0,0,0.0,0,grocery,2868,0,0
86.05,3.439,3,1,1,58.9,0,gas,2677,1,0
46.89,1.119,23,1,1,58.8,1,grocery,2295,0,0
5.99,0.149,15,0,1,68.0,0,online_retail,2446,0,0
36.05,0.905,16,0,1,89.1,0,gambling,1343,0,0
185.7,3.494,19,0,1,74.3,0,gas,2791,0,0
99.87,2.357,5,1,0,29.9,0,gambling,843,0,0
14.1,0.604,17,0,0,1.5,1,electronics,1174,0,0
24.87,1.009,12,0,0,6.8,1,online_retail,3345,0,0
64.93,1.884,1,1,1,33.1,1,gambling,1179,0,0
41.36,0.992,11,0,1,54.6,0,gas,51,0,0
43.49,0.995,5,1,1,30.6,0,gas,264,0,0
80.57,1.222,23,1,1,124.6,0,online_retail,2118,0,0
84.38,2.019,13,0,1,74.8,0,dining,85,0,0
108.51,2.859,1,1,1,14.7,0,online_retail,3016,0,0
28.84,0.896,17,0,1,85.3,0,dining,2529,0,0
14.77,0.372,22,0,1,2.5,1,grocery,1844,0,0
30.42,1.74,10,0,0,0.0,1,grocery,103,0,0
39.42,0.735,9,0,1,90.8,3,travel,3587,0,0
7.1,0.163,16,0,1,84.8,2,dining,1760,0,0
12.77,0.217,14,0,1,65.4,2,grocery,2202,0,0
18.52,0.685,23,1,1,38.7,0,grocery,772,0,0
20.13,0.299,13,0,0,4.0,1,online_retail,796,0,0
44.28,1.598,11,0,0,13.1,0,online_retail,1006,0,0
55.09,1.009,3,1,0,6.7,1,travel,1441,0,0
32.73,0.953,2,1,0,29.0,0,electronics,1318,0,0
48.34,2.978,3,1,0,10.4,0,dining,958,1,0
43.57,1.452,22,0,1,57.9,0,online_retail,2822,0,0
17.35,0.463,17,0,1,79.8,0,gambling,2769,0,0
53.67,0.706,6,0,0,10.1,1,cash_advance,2595,0,0
43.16,1.252,18,0,0,17.5,1,travel,1400,0,0
23.24,0.603,8,0,1,14.8,3,gas,2390,0,0
80.68,3.193,14,0,1,21.9,1,gambling,434,0,0
16.1,0.658,7,0,1,80.6,1,electronics,1692,0,0
28.21,0.686,21,0,0,20.7,0,online_retail,2317,0,0
51.16,2.423,12,0,0,2.9,6,gambling,704,0,0
82.63,1.448,6,0,1,47.7,1,gambling,1697,0,0
9.6,0.338,13,0,1,106.2,2,grocery,3027,0,0
98.35,2.956,23,1,1,63.3,0,online_retail,2517,0,0
29.3,0.694,2,1,0,18.7,0,gas,693,0,0
57.12,1.561,6,0,0,5.2,0,gambling,810,0,0
17.33,0.525,9,0,1,11.5,0,online_retail,2097,0,0
85.16,2.45,6,0,0,8.1,0,cash_advance,1482,0,0
20.83,0.941,22,0,0,7.0,1,dining,923,0,0
9.47,0.447,13,0,1,33.1,0,travel,3160,0,0
15.03,0.249,15,0,0,14.8,0,grocery,2775,1,0
15.81,0.203,8,0,0,1.1,0,grocery,2686,0,0
8.6,0.188,19,0,1,32.3,0,gas,1380,0,0
52.13,1.497,10,0,0,5.0,1,grocery,268,0,0
431.49,12.22,0,1,0,8.9,0,grocery,1353,0,1
19.11,0.407,16,0,1,76.4,0,gas,237,0,0
45.83,1.246,1,1,0,17.5,0,grocery,1913,0,0
31.31,1.358,11,0,1,29.7,0,dining,284,0,0
30.95,1.088,23,1,0,7.8,0,electronics,1525,0,0
45.68,1.196,18,0,1,71.4,0,online_retail,3016,0,0
24.74,0.765,15,0,1,39.4,2,grocery,3366,0,0
22.69,0.898,8,0,1,70.0,1,grocery,1091,0,0
25.06,0.524,17,0,1,12.5,0,dining,3465,1,0
53.12,2.653,8,0,1,6.5,3,travel,2728,1,0
12.47,0.371,17,0,1,60.3,0,cash_advance,1228,0,0
40.98,0.888,5,1,1,42.1,0,online_retail,3528,0,0
13.64,0.481,5,1,0,6.3,0,dining,3187,0,0
19.21,0.557,9,0,1,28.2,0,gas,2526,0,0
95.83,4.305,11,0,1,19.7,2,online_retail,775,0,0
46.04,1.009,12,0,0,5.5,1,dining,1428,0,0
48.57,2.35,6,0,1,81.8,0,dining,871,0,0
43.38,0.951,2,1,1,59.2,0,travel,418,0,0
65.06,2.368,23,1,1,23.9,1,gambling,1716,0,0
120.6,3.015,0,1,1,26.6,0,gas,850,0,0
39.17,2.923,11,0,0,2.2,1,electronics,1661,0,0
52.62,1.553,17,0,1,20.5,0,grocery,2005,0,0
75.19,2.164,20,0,1,88.6,2,electronics,56,0,1
175.92,5.147,19,0,1,82.4,2,gas,2471,0,0
8.56,0.166,17,0,1,44.5,5,grocery,2824,1,0
81.96,2.325,14,0,1,53.2,0,cash_advance,2990,0,0
112.58,4.205,10,0,0,7.7,1,electronics,1579,0,0
24.44,0.831,19,0,0,5.6,0,dining,2394,0,0
135.93,2.923,15,0,1,66.6,2,grocery,1026,0,0
71.97,2.569,10,0,1,52.1,0,grocery,542,0,0
26.77,1.353,8,0,0,9.6,1,grocery,2050,0,0
28.44,1.116,11,0,1,102.3,1,online_retail,2185,0,0
6.42,0.123,1,1,0,4.0,0,grocery,207,1,0
23.84,0.795,21,0,1,9.4,0,dining,2121,0,0
18.86,0.74,21,0,1,77.7,2,electronics,63,0,0
48.8,1.739,13,0,1,15.1,0,online_retail,430,0,0
28.81,1.085,0,1,1,35.5,1,online_retail,1519,0,0
70.31,2.139,21,0,0,7.6,1,electronics,870,0,0
41.48,1.562,18,0,1,21.1,0,gambling,979,0,0
42.3,1.835,6,0,1,42.5,0,cash_advance,2421,0,0
33.67,1.6,1,1,0,20.0,0,grocery,2130,0,0
18.2,1.465,15,0,0,5.4,1,grocery,2377,0,0
24.8,0.483,20,0,1,42.3,1,gas,182,0,0
26.62,0.459,4,1,1,26.4,1,cash_advance,122,0,0
28.25,0.599,7,0,1,104.4,0,grocery,3596,0,0
44.92,3.243,7,0,1,35.9,4,grocery,1777,0,0
35.24,0.841,14,0,0,22.8,0,grocery,2778,1,0
52.92,1.926,11,0,1,55.7,2,cash_advance,2454,0,0
32.01,1.572,21,0,0,26.4,1,online_retail,2773,0,0
47.69,1.806,23,1,1,3.4,0,gambling,1596,0,0
38.33,1.346,11,0,0,18.3,2,dining,2388,0,0
17.64,0.389,20,0,0,11.8,0,online_retail,368,0,0
46.6,1.206,10,0,0,18.2,0,electronics,2810,0,0
22.07,0.526,21,0,0,19.1,0,gas,3013,2,0
23.35,0.615,13,0,1,70.6,0,online_retail,1504,0,0
30.45,0.75,14,0,1,31.9,1,dining,578,0,0
3.03,0.164,9,0,1,15.5,0,dining,3270,0,0
58.32,2.06,19,0,1,104.1,0,gas,3163,0,0
29.03,0.441,8,0,1,73.9,1,gas,2916,0,0
39.61,1.749,16,0,0,1.3,1,online_retail,3227,0,0
27.35,0.992,10,0,1,20.8,1,cash_advance,643,0,0
210.01,9.911,1,1,0,5.8,0,cash_advance,3218,0,1
21.24,0.432,3,1,0,6.5,1,grocery,1915,1,0
11.23,0.213,1,1,0,18.3,0,travel,2735,0,0
41.03,0.685,9,0,1,93.9,2,cash_advance,3454,0,0
10.76,0.315,10,0,1,3.8,1,online_retail,2222,0,0
8.56,0.353,12,0,1,63.6,0,gambling,25,0,0
21.42,0.495,16,0,0,7.7,0,cash_advance,516,0,0
12.79,0.437,0,1,0,8.0,0,travel,1076,0,0
16.08,0.361,19,0,1,101.1,1,gas,1648,0,0
106.6,3.129,2,1,0,17.5,0,gambling,1697,1,0
10.98,0.38,17,0,1,22.3,1,cash_advance,178,0,0
59.43,2.683,22,0,1,89.4,0,grocery,368,0,0
9.19,0.289,9,0,1,109.2,0,travel,270,0,0
60.21,1.42,19,0,0,2.2,0,cash_advance,1408,0,0
15.91,0.614,13,0,1,30.4,1,grocery,2841,0,0
40.39,0.816,20,0,1,39.1,1,dining,1323,0,0
46.94,1.382,8,0,0,16.9,1,dining,1992,0,0
5.87,0.176,17,0,1,65.3,0,grocery,903,0,0
13.01,0.376,0,1,1,24.2,0,dining,2753,0,0
173.09,3.298,14,0,0,13.7,1,grocery,2957,0,0
22.24,0.535,1,1,1,40.4,3,dining,1726,1,0
21.13,1.205,21,0,1,44.6,0,electronics,1914,0,0
52.91,2.462,17,0,1,18.9,0,cash_advance,3540,0,0
71.63,2.939,16,0,0,17.2,0,cash_advance,1314,1,0
13.91,0.301,13,0,1,62.4,0,gas,1729,0,0
29.58,0.315,4,1,1,87.1,1,grocery,2288,0,0
108.91,2.22,3,1,1,44.3,0,online_retail,1693,0,0
66.06,2.255,11,0,1,42.5,1,cash_advance,3452,0,0
260.21,3.685,18,0,1,58.4,1,gas,1976,0,0
57.23,1.997,0,1,0,27.3,0,online_retail,2823,0,0
113.46,4.538,20,0,0,8.3,1,online_retail,395,0,0
39.66,1.226,13,0,0,26.4,1,online_retail,2662,0,0
16.35,0.177,19,0,0,23.4,0,electronics,1556,0,0
160.28,6.375,12,0,1,123.4,0,grocery,1250,0,0
35.97,1.245,7,0,0,4.2,0,grocery,233,0,0
27.95,0.752,11,0,1,82.3,1,cash_advance,2905,0,0
24.07,0.673,19,0,1,73.0,0,cash_advance,2659,0,0
42.67,1.891,17,0,0,2.2,1,gas,678,0,0
133.48,2.653,10,0,1,29.8,2,dining,3442,0,0
100.84,2.212,14,0,0,11.1,0,gas,2039,0,0
50.23,1.535,18,0,1,53.8,0,travel,2646,0,0
12.4,0.392,11,0,1,47.8,0,electronics,3493,0,0
38.73,1.479,11,0,1,15.7,0,grocery,81,0,0
92.61,1.598,11,0,0,18.0,0,grocery,1695,0,0
10.95,0.339,12,0,1,54.9,2,travel,229,0,0
14.1,0.728,15,0,0,17.6,0,online_retail,2186,0,0
12.69,0.45,14,0,0,5.1,1,travel,3317,0,0
68.13,2.142,18,0,1,78.7,0,travel,3302,0,0
180.82,3.67,8,0,0,2.1,1,dining,1960,0,0
8.26,0.259,5,1,0,14.8,2,cash_advance,3166,0,0
12.44,0.24,18,0,1,67.5,0,online_retail,753,1,0
107.97,3.355,22,0,0,2.1,0,grocery,300,0,0
30.99,1.426,21,0,1,56.8,0,cash_advance,448,0,0
11.72,0.339,11,0,0,1.8,0,cash_advance,2123,0,0
173.79,7.299,13,0,1,65.5,0,travel,1240,0,1
17.22,0.508,6,0,0,13.6,0,online_retail,2979,0,0
37.31,0.705,18,0,0,1.5,0,grocery,1788,0,0
23.62,0.985,15,0,1,21.1,0,online_retail,3394,0,0
26.44,0.961,19,0,1,88.1,1,dining,2567,0,0
17.02,0.435,22,0,0,10.9,0,cash_advance,850,2,0
71.37,1.215,15,0,0,13.0,1,cash_advance,464,0,0
90.11,1.969,10,0,1,97.2,0,dining,3398,0,0
24.73,0.688,12,0,0,12.5,2,grocery,2371,0,0
54.86,1.921,5,1,1,48.5,2,gas,1353,0,0
46.65,1.477,22,0,1,77.0,0,gambling,2150,0,0
3.96,0.231,1,1,0,19.9,1,dining,344,0,0
73.32,2.167,15,0,0,0.6,1,grocery,3597,0,0
9.53,0.166,6,0,0,6.1,1,dining,209,0,0
21.78,0.744,13,0,1,57.9,0,dining,3571,0,0
23.58,0.627,3,1,1,76.9,0,dining,740,0,0
66.28,1.827,14,0,1,22.7,1,travel,501,0,0
26.16,0.779,19,0,0,25.3,0,grocery,850,0,0
21.15,0.476,9,0,1,62.4,0,grocery,486,0,0
18.55,0.434,18,0,1,89.4,0,electronics,91,1,0
46.92,0.773,21,0,1,72.2,0,online_retail,836,1,0
60.76,3.346,23,1,1,65.9,0,electronics,3255,1,1
86.62,2.223,2,1,0,11.3,1,grocery,759,0,0
182.01,4.601,3,1,0,41.0,0,online_retail,1700,0,0
41.14,1.194,11,0,1,27.7,1,travel,1740,0,0
18.4,1.102,16,0,0,45.7,1,gambling,501,0,0
66.92,1.35,5,1,0,16.5,1,gambling,1734,0,0
17.01,0.788,22,0,0,1.1,1,travel,1381,0,0
36.32,1.986,19,0,1,92.7,1,gambling,994,0,0
13.17,0.474,19,0,0,5.4,2,gambling,3442,0,0
229.32,7.99,9,0,1,16.9,0,travel,2576,0,0
20.26,0.534,8,0,0,8.2,1,grocery,2991,1,0
42.44,1.163,7,0,1,40.7,1,online_retail,334,0,0
12.79,0.501,11,0,0,9.9,0,gas,387,1,0
26.35,1.529,23,1,1,65.3,1,dining,390,0,0
16.72,0.381,0,1,0,3.3,0,online_retail,2425,0,0
57.89,2.229,15,0,1,83.6,0,online_retail,2549,0,0
83.96,1.282,5,1,1,50.2,0,grocery,288,0,0
365.53,11.04,0,1,0,7.9,0,online_retail,594,0,1
109.34,3.448,23,1,1,50.9,0,dining,1999,0,1
17.18,0.24,17,0,0,28.1,0,grocery,3063,0,0
92.7,3.371,3,1,0,13.1,0,travel,2529,0,0
13.64,0.132,21,0,1,70.9,2,dining,720,0,0
16.35,0.553,18,0,0,12.1,0,gambling,537,0,0
52.33,1.954,14,0,1,21.8,0,online_retail,1704,0,0
86.57,1.828,22,0,0,4.2,0,electronics,3359,0,0
16.1,0.73,22,0,1,40.9,0,grocery,2692,0,0
7.94,0.175,4,1,1,30.9,0,grocery,3263,0,0
78.73,2.021,3,1,0,15.9,0,cash_advance,612,0,0
34.22,1.235,23,1,1,112.3,0,electronics,2242,0,0
10.32,0.128,14,0,0,18.1,0,online_retail,1296,0,0
91.66,4.984,9,0,0,11.5,2,grocery,847,0,0
38.77,0.807,14,0,1,50.4,0,dining,1734,0,0
32.28,1.354,12,0,0,18.5,0,dining,918,0,0
9.82,0.705,7,0,0,8.4,0,grocery,100,0,0
16.55,0.458,9,0,1,44.5,0,grocery,1675,0,0
46.34,3.209,11,0,0,20.6,0,electronics,3052,1,0
69.89,2.621,10,0,1,124.7,3,online_retail,2201,1,0
36.53,0.876,7,0,1,125.5,0,electronics,762,0,0
81.36,2.69,16,0,1,2.8,1,online_retail,1136,0,0
140.78,5.079,16,0,1,15.2,1,online_retail,1380,0,0
116.68,3.222,11,0,1,72.2,1,dining,2961,0,0
72.24,1.383,13,0,0,6.3,1,travel,2505,2,0
89.34,2.108,18,0,0,13.4,0,dining,2998,1,0
28.89,0.667,3,1,0,5.6,0,dining,705,0,0
323.5,7.641,11,0,1,32.3,0,grocery,2925,1,0
82.12,3.422,17,0,0,5.9,0,gas,554,0,0
10.64,0.281,17,0,0,19.8,1,grocery,2753,0,0
80.06,2.267,2,1,1,33.5,1,online_retail,3155,0,0
72.09,2.797,7,0,1,40.9,0,online_retail,220,0,0
160.87,6.872,0,1,1,58.7,0,grocery,2240,0,0
104.16,4.576,14,0,0,10.4,0,gambling,1501,1,0
22.68,0.874,1,1,0,39.0,1,dining,1492,0,0
31.36,0.941,16,0,1,75.6,1,dining,2783,0,0
112.57,1.888,5,1,1,45.1,3,gas,1718,0,0
27.41,1.111,20,0,1,58.6,0,dining,3434,0,0
130.89,2.106,4,1,0,3.0,0,gas,3130,0,0
138.99,5.267,2,1,1,27.6,0,gas,676,0,0
77.77,2.022,5,1,1,3.2,0,grocery,1594,2,0
75.92,2.567,17,0,0,12.4,2,online_retail,2441,0,0
12.26,0.238,16,0,0,8.3,0,gas,2592,0,0
57.69,3.546,22,0,0,6.7,1,grocery,1917,0,0
411.44,11.619,5,1,1,47.0,0,online_retail,1871,0,1
35.58,2.445,22,0,0,7.3,0,grocery,1061,0,0
150.42,2.947,1,1,1,74.1,0,electronics,1335,1,0
79.61,1.992,1,1,0,14.5,7,dining,1226,0,0
27.55,1.074,3,1,1,10.1,0,online_retail,1505,0,0
9.36,0.266,11,0,0,10.9,0,gambling,1847,0,0
106.82,6.261,10,0,1,73.2,0,gas,1903,0,0
29.11,1.166,2,1,1,72.5,2,online_retail,841,0,0
8.06,0.132,18,0,1,74.8,1,travel,3132,0,0
38.29,0.774,4,1,1,11.4,0,grocery,3080,0,0
85.06,2.812,18,0,1,70.2,3,dining,620,0,0
103.97,1.113,17,0,1,14.9,1,grocery,2231,0,0
74.85,3.678,8,0,0,10.7,1,gambling,61,0,0
29.32,0.684,16,0,1,60.0,1,online_retail,1435,0,0
198.63,4.089,19,0,0,20.0,0,grocery,2701,0,0
25.65,1.1,23,1,1,56.5,0,gambling,1844,0,0
341.07,7.826,1,1,1,27.1,1,electronics,2294,1,1
181.03,3.699,22,0,0,7.5,0,travel,3397,0,1
61.02,2.996,9,0,1,82.5,0,cash_advance,129,0,0
22.3,0.529,12,0,0,0.1,0,grocery,194,0,0
16.54,0.615,15,0,0,13.4,1,gambling,1135,0,0
13.13,0.402,23,1,1,31.0,1,online_retail,3174,0,0
20.43,0.569,5,1,0,14.0,5,grocery,2065,0,0
52.8,1.501,15,0,1,28.3,1,dining,1355,0,0
147.71,4.017,23,1,0,1.4,1,gas,876,0,0
21.68,0.295,13,0,0,31.7,1,dining,3448,0,0
59.81,1.589,6,0,1,31.0,0,travel,675,0,0
23.6,1.209,4,1,1,15.8,0,cash_advance,2211,0,0
8.81,0.327,0,1,0,8.1,2,online_retail,110,0,0
88.77,1.435,2,1,0,3.7,0,dining,1952,0,0
21.2,0.583,23,1,1,59.5,1,electronics,1194,0,0
43.16,2.841,7,0,0,19.3,0,online_retail,128,0,0
34.11,0.961,11,0,0,6.9,0,electronics,3292,0,0
49.77,2.351,18,0,1,64.7,0,gambling,3460,0,0
11.59,0.311,23,1,0,6.3,2,grocery,1519,0,0
19.51,0.457,17,0,1,57.1,1,dining,1954,0,0
12.48,0.28,18,0,1,25.4,0,online_retail,152,0,0
18.28,0.502,15,0,1,31.3,0,gambling,2353,0,0
72.18,2.542,18,0,1,96.0,2,dining,175,1,0
20.1,0.427,16,0,0,0.9,0,gambling,1440,0,0
114.58,6.54,10,0,0,19.7,0,online_retail,1123,1,1
45.28,1.183,15,0,1,76.1,1,electronics,2703,0,0
33.02,0.487,21,0,0,6.0,0,electronics,877,0,0
56.51,1.089,17,0,1,51.0,0,online_retail,97,0,0
13.67,0.34,2,1,1,91.5,1,electronics,2861,0,0
80.95,3.303,2,1,0,2.7,0,gas,3003,0,0
52.91,1.609,11,0,0,15.8,1,gambling,1730,0,0
13.67,0.408,4,1,1,74.8,0,travel,2350,1,0
12.06,0.476,11,0,0,8.5,1,cash_advance,724,0,0
86.05,2.974,17,0,1,73.8,1,grocery,813,0,0
56.78,2.348,13,0,1,31.7,0,online_retail,2901,0,0
7.65,0.299,11,0,0,11.4,1,travel,843,1,0
509.03,12.307,3,1,1,52.2,1,online_retail,2504,0,1
21.91,0.687,11,0,0,5.4,0,electronics,2184,0,0
13.27,0.306,8,0,0,16.1,1,online_retail,770,1,0
137.17,2.906,7,0,1,20.9,1,dining,478,0,0
14.92,0.399,12,0,1,51.8,0,online_retail,194,0,0
28.17,0.673,12,0,1,18.2,2,online_retail,3350,1,0
22.13,1.277,0,1,0,6.8,0,gas,3107,0,0
78.11,1.625,4,1,1,6.8,0,grocery,1976,0,0
11.83,0.337,6,0,1,67.5,1,gambling,962,0,0
116.12,2.675,10,0,0,0.3,0,online_retail,149,0,0
46.01,0.886,13,0,0,27.5,1,travel,2467,0,0
85.43,1.478,7,0,1,111.8,1,gas,2862,1,0
65.74,1.85,5,1,0,39.2,1,cash_advance,116,1,0
70.39,2.976,17,0,0,2.0,0,grocery,911,0,0
22.93,0.793,9,0,0,13.4,0,travel,3267,0,0
14.62,0.444,12,0,1,48.2,6,grocery,1110,1,0
15.93,0.465,15,0,0,24.6,4,online_retail,2787,0,0
18.76,0.425,1,1,0,6.5,0,gambling,438,1,0
128.14,2.255,7,0,1,69.8,2,grocery,2549,0,0
29.73,1.52,8,0,1,70.3,1,gas,647,0,0
8.99,0.138,22,0,0,2.5,1,dining,1295,0,0
28.94,0.671,21,0,1,37.8,7,gambling,991,0,1
27.22,0.597,15,0,0,20.3,2,gas,1491,0,0
21.73,1.11,10,0,0,19.7,0,travel,1682,0,0
21.51,1.046,9,0,0,12.4,0,dining,1277,0,0
21.19,0.849,16,0,0,14.6,0,gas,2197,0,0
100.38,3.619,13,0,1,9.1,0,gas,2489,0,0
91.29,4.232,13,0,1,144.6,0,grocery,2243,0,0
15.53,0.785,16,0,1,23.2,1,grocery,2149,0,0
64.9,1.032,14,0,0,8.0,0,cash_advance,2453,0,0
3.56,0.078,10,0,0,14.2,0,electronics,176,0,0
98.95,1.684,19,0,0,0.3,0,electronics,2495,0,0
184.51,4.321,20,0,0,0.1,0,electronics,3598,0,0
57.59,0.801,13,0,0,14.6,2,grocery,1454,0,0
22.49,1.007,19,0,0,11.8,1,gambling,1190,0,0
48.86,1.506,17,0,0,7.6,0,electronics,3516,0,0
14.0,0.64,14,0,0,10.0,0,online_retail,722,1,0
26.55,0.796,11,0,1,167.0,1,cash_advance,814,0,0
150.5,4.838,10,0,0,8.2,0,cash_advance,210,1,0
21.32,0.573,8,0,0,10.8,1,gambling,956,0,0
30.76,1.098,18,0,1,34.9,1,gas,1811,0,0
133.34,3.727,1,1,0,11.5,1,online_retail,3230,1,0
91.25,2.815,0,1,0,4.2,0,dining,1135,0,0
11.7,0.269,19,0,0,23.1,0,grocery,700,0,0
336.61,14.02,11,0,1,44.6,0,dining,3082,0,1
23.49,0.808,2,1,1,70.9,0,gas,1884,0,0
43.63,0.715,18,0,1,117.0,2,gas,423,0,0
36.43,0.832,23,1,0,4.4,1,gas,3585,0,0
34.89,1.232,22,0,0,8.2,0,dining,2147,0,0
2.7,0.107,12,0,0,12.1,2,dining,1157,0,0
23.53,0.757,2,1,0,3.4,0,travel,2966,0,0
7.34,0.128,9,0,1,12.4,1,cash_advance,1138,0,0
13.63,0.5,22,0,0,26.0,1,electronics,1980,0,0
9.85,0.351,15,0,0,18.4,0,grocery,1284,0,0
163.18,6.636,23,1,1,137.8,0,travel,2773,1,1
70.13,1.881,7,0,1,58.5,1,gambling,1834,0,0
124.97,2.758,17,0,1,59.3,0,cash_advance,2367,0,0
21.39,0.466,16,0,1,53.9,2,dining,1842,0,0
27.15,0.631,4,1,0,0.6,0,gas,876,0,0
205.91,10.332,11,0,0,8.3,1,travel,47,0,1
17.13,0.713,9,0,1,26.4,2,gambling,3122,0,0
269.66,10.525,13,0,0,0.3,1,online_retail,3294,0,1
84.09,2.965,16,0,1,63.2,2,online_retail,2020,0,0
21.41,0.748,11,0,0,1.3,1,gas,2179,0,0
38.95,1.03,8,0,0,3.2,0,grocery,1877,0,0
135.12,2.851,12,0,1,65.1,0,travel,573,1,0
31.55,1.192,12,0,0,17.5,0,grocery,519,0,0
33.82,1.176,5,1,1,103.1,0,gas,1614,1,0
10.61,0.29,10,0,1,31.8,1,gas,2349,1,0
120.21,3.462,14,0,0,18.2,0,online_retail,3273,0,0
29.72,1.53,15,0,1,38.4,0,travel,769,0,0
45.72,1.582,17,0,1,19.5,0,travel,837,0,0
7.69,0.155,14,0,0,1.2,1,electronics,621,0,0
45.58,1.41,22,0,0,19.7,0,grocery,2579,0,0
44.59,1.033,22,0,1,15.2,0,gas,746,1,0
21.17,0.817,2,1,1,109.7,0,online_retail,534,0,0
64.62,1.569,5,1,1,47.4,2,travel,2569,1,0
33.51,2.772,20,0,1,7.9,0,grocery,1945,0,0
129.04,2.106,8,0,0,14.4,1,gambling,1716,0,0
27.27,0.463,11,0,1,77.4,2,gambling,2790,0,0
48.0,2.822,22,0,0,10.5,0,dining,2752,0,0
21.06,0.603,10,0,0,22.3,1,online_retail,3498,0,0
4.92,0.124,22,0,1,22.4,1,grocery,2843,0,0
9.05,0.205,23,1,1,37.6,1,dining,3277,0,0
33.3,1.449,2,1,1,42.0,1,gambling,1959,0,0
193.88,3.744,19,0,1,71.8,1,online_retail,2899,0,0
3.24,0.088,18,0,0,6.1,1,grocery,1130,0,0
35.48,0.843,4,1,0,14.5,1,gas,947,0,0
111.41,3.538,6,0,1,42.0,0,online_retail,3485,1,0
8.56,0.34,6,0,1,43.9,2,electronics,420,0,0
22.16,0.5,1,1,1,70.1,1,travel,744,0,0
99.0,2.684,23,1,1,1.7,1,grocery,1045,0,0
7.2,0.275,10,0,1,60.8,2,online_retail,1628,0,0
117.66,1.75,15,0,0,22.4,0,dining,1249,0,0
23.23,0.786,16,0,0,2.9,0,gas,2565,0,0
35.36,0.73,2,1,1,89.0,1,cash_advance,805,0,0
51.34,1.403,12,0,1,121.3,0,dining,2446,0,0
63.43,1.538,6,0,1,64.8,0,dining,3372,0,0
34.8,1.901,7,0,1,55.1,0,travel,2387,0,0
220.43,7.338,4,1,0,17.6,0,cash_advance,1953,0,1
26.42,0.505,20,0,1,65.7,2,online_retail,2269,0,0
64.33,1.917,9,0,0,9.1,0,gambling,1393,0,0
54.13,2.61,11,0,1,62.6,1,dining,3085,1,0
14.95,0.334,13,0,1,40.9,0,grocery,2229,0,0
29.06,0.52,2,1,0,34.9,2,gas,1369,0,0
11.35,0.505,0,1,1,19.4,0,grocery,1332,0,0
24.28,0.685,5,1,0,13.4,3,gas,1502,0,0
7.96,0.559,7,0,0,3.6,0,travel,2543,1,0
55.59,1.178,12,0,0,8.9,0,grocery,66,0,0
12.73,0.287,9,0,0,5.0,0,gambling,94,1,0
101.57,1.319,21,0,1,52.3,0,travel,306,0,0
57.87,1.091,1,1,1,11.9,1,cash_advance,684,1,0
80.23,4.349,3,1,1,12.4,2,gas,71,0,0
37.18,1.119,9,0,1,52.7,0,cash_advance,1046,0,0
36.34,1.786,18,0,0,11.8,1,grocery,2495,0,0
33.86,0.421,15,0,1,64.1,0,travel,3439,0,0
38.64,1.25,9,0,0,11.0,0,gas,64,0,0
10.37,0.276,4,1,1,47.2,1,grocery,1238,0,0
84.17,3.035,22,0,1,32.5,1,online_retail,3087,0,0
24.12,0.953,5,1,0,20.3,1,cash_advance,1969,0,0
301.59,8.434,20,0,0,19.5,5,grocery,1839,1,1
85.44,3.774,12,0,0,2.8,0,grocery,3536,0,0
96.98,2.542,4,1,0,24.7,1,online_retail,114,0,0
18.57,0.336,4,1,1,31.1,3,dining,1222,0,0
19.32,0.528,16,0,1,33.4,1,dining,1452,0,0
49.7,1.659,9,0,1,21.1,0,grocery,2419,0,0
89.98,3.573,17,0,0,9.1,1,online_retail,1688,0,0
21.04,0.46,20,0,0,15.8,2,grocery,128,0,0
38.06,0.732,21,0,1,66.5,1,electronics,644,0,0
166.4,5.078,6,0,1,30.1,2,cash_advance,1000,1,1
29.94,0.487,20,0,1,100.7,0,gas,2633,0,0
207.69,5.678,4,1,0,11.4,0,gambling,2153,0,0
25.08,0.632,11,0,1,34.0,1,electronics,843,1,0
48.82,1.324,13,0,0,11.1,1,online_retail,1203,0,0
74.14,3.589,17,0,1,80.7,1,online_retail,515,0,1
10.07,0.149,10,0,1,10.7,0,grocery,1909,1,0
67.45,4.414,18,0,1,93.9,0,cash_advance,1885,1,1
25.87,1.281,10,0,1,87.8,0,grocery,3023,0,0
30.15,0.535,23,1,0,11.7,0,electronics,880,0,0
23.92,0.62,13,0,0,24.3,2,electronics,337,0,0
38.14,1.573,9,0,1,67.7,1,grocery,1974,0,0
69.33,0.919,1,1,0,13.3,0,online_retail,658,2,0
641.97,30.879,4,1,1,36.2,0,cash_advance,3247,0,1
37.67,1.371,2,1,0,8.3,0,dining,404,0,0
81.29,2.369,2,1,0,23.0,1,grocery,1441,1,0
31.67,0.62,16,0,1,45.5,0,online_retail,1084,0,0
17.08,0.586,4,1,1,13.1,1,electronics,3257,1,0
28.99,0.438,22,0,0,27.6,0,grocery,1706,0,0
10.69,0.186,1,1,1,27.1,0,online_retail,20,0,0
154.92,2.266,2,1,1,14.5,0,online_retail,2223,0,0
116.46,3.891,23,1,1,19.6,1,online_retail,1215,0,0
33.78,1.114,16,0,1,69.6,0,gambling,1102,0,0
19.38,0.254,17,0,0,14.6,0,online_retail,292,0,0
41.24,0.557,22,0,1,39.7,1,electronics,2448,0,0
136.82,5.985,7,0,1,41.6,0,online_retail,2307,1,0
49.7,1.766,14,0,1,43.8,1,electronics,3361,0,0
52.64,0.848,16,0,1,50.8,2,cash_advance,192,0,0
25.0,1.36,8,0,1,19.9,0,gas,398,0,0
18.24,1.035,2,1,1,37.7,2,grocery,3523,0,0
36.54,0.86,10,0,1,74.6,2,dining,2843,0,0
37.03,1.482,18,0,1,68.1,0,electronics,2830,0,0
11.67,0.528,4,1,0,14.9,4,dining,1754,0,0
138.48,3.853,1,1,1,22.9,0,online_retail,2221,0,0
27.1,0.837,22,0,1,43.7,0,dining,927,0,0
14.94,0.393,2,1,0,30.2,0,gambling,725,1,0
76.83,2.934,8,0,0,10.3,1,grocery,3055,0,0
38.28,0.773,15,0,0,0.3,0,cash_advance,451,0,0
74.33,2.497,20,0,0,4.5,2,gas,979,0,0
10.86,0.41,5,1,1,44.9,0,gas,1593,0,0
75.7,1.007,8,0,1,82.3,1,online_retail,2622,0,0
5.35,0.285,4,1,1,55.1,0,dining,2288,0,0
47.7,2.27,18,0,1,23.2,1,gas,2473,0,0
20.92,1.064,14,0,0,2.1,0,gambling,2424,0,0
86.69,2.031,8,0,0,16.3,1,gambling,3014,0,0
10.21,0.131,1,1,0,4.7,2,grocery,714,0,0
95.94,3.924,9,0,0,16.0,0,grocery,209,0,0
49.28,2.496,14,0,0,36.4,1,dining,2006,0,0
191.95,9.033,13,0,0,44.6,2,gas,952,0,1
25.56,1.322,23,1,1,28.1,6,gambling,1763,0,0
102.99,6.935,6,0,1,94.3,0,travel,3451,0,1
151.64,13.515,3,1,1,54.7,0,dining,2271,0,1
67.8,1.423,10,0,1,52.8,0,travel,98,0,0
39.02,1.469,10,0,0,37.1,0,gambling,1351,1,0
29.02,0.492,11,0,0,33.8,0,dining,1422,0,0
56.67,2.396,23,1,1,160.2,0,online_retail,1488,0,0
41.26,0.793,16,0,1,35.7,2,gambling,902,0,0
24.67,0.829,16,0,1,34.0,0,online_retail,3028,1,0
92.51,5.49,15,0,1,98.0,0,gambling,3597,0,1
74.99,2.006,5,1,0,13.1,0,gambling,2255,0,0
31.6,0.798,16,0,0,7.3,2,online_retail,901,0,0
13.85,0.353,3,1,1,62.9,0,gas,2474,0,0
30.99,0.922,4,1,1,11.5,0,grocery,2672,0,0
51.32,2.05,12,0,1,31.2,0,online_retail,2234,0,0
26.97,0.543,2,1,0,14.7,1,gas,293,0,0
7.94,0.243,13,0,1,52.7,0,grocery,344,0,0
23.79,0.845,10,0,0,12.5,0,grocery,939,0,0
88.13,3.52,12,0,1,75.7,0,travel,927,0,0
14.68,0.475,5,1,0,6.6,2,dining,511,0,0
47.03,1.158,21,0,0,0.6,6,electronics,1782,0,0
121.23,3.101,17,0,0,8.9,4,dining,3564,0,0
14.34,0.418,13,0,1,31.5,0,cash_advance,2163,0,0
54.04,2.198,8,0,1,100.2,0,dining,2511,0,0
18.01,0.339,12,0,0,0.6,2,dining,402,1,0
35.16,0.546,17,0,0,7.1,0,cash_advance,668,0,0
8.47,0.229,2,1,0,40.9,1,dining,1242,0,0
28.56,0.766,6,0,1,32.4,1,cash_advance,3292,0,0
25.59,0.912,11,0,0,2.0,0,gas,2971,0,0
186.81,3.722,12,0,1,17.4,0,grocery,1071,0,0
46.46,1.553,12,0,0,18.4,1,grocery,59,0,0
21.07,1.502,6,0,1,6.2,0,grocery,1225,0,0
35.16,0.969,18,0,0,9.4,1,cash_advance,3201,0,0
13.37,0.639,21,0,0,10.1,1,dining,2676,0,0
54.83,0.493,0,1,1,14.8,0,cash_advance,1253,0,0
16.45,0.174,23,1,0,9.8,0,gambling,3508,1,0
22.84,0.93,21,0,0,6.6,2,online_retail,3020,1,0
151.59,4.676,7,0,1,8.9,1,dining,250,0,0
33.57,0.94,15,0,1,21.9,0,online_retail,3059,0,0
16.58,0.336,11,0,0,8.7,0,travel,627,0,0
20.09,0.409,12,0,1,52.6,0,online_retail,1268,0,0
94.11,4.124,5,1,0,8.5,1,gas,2191,0,0
44.06,1.543,16,0,0,1.8,0,cash_advance,498,0,0
25.61,0.505,19,0,1,109.7,0,grocery,3149,0,0
13.82,0.693,23,1,1,17.4,1,gas,1934,1,0
29.99,0.739,23,1,1,64.4,0,online_retail,938,0,0
42.34,1.039,12,0,1,52.8,0,dining,2168,0,0
31.59,0.807,21,0,0,10.3,1,online_retail,463,0,0
40.29,1.222,7,0,1,32.5,2,dining,728,0,0
7.95,0.315,4,1,1,39.0,0,gambling,2389,0,0
94.11,2.876,8,0,0,29.3,0,online_retail,1886,0,0
41.12,0.916,20,0,1,44.9,0,gambling,707,0,0
56.25,1.996,8,0,1,59.6,1,online_retail,757,0,0
7.43,0.282,14,0,1,102.4,1,dining,26,0,0
144.22,3.795,17,0,0,32.8,0,online_retail,2692,0,0
11.41,0.493,10,0,0,21.8,2,gas,519,0,0
42.86,1.451,14,0,1,107.0,1,online_retail,1549,0,0
51.34,0.627,20,0,0,4.3,0,grocery,190,0,0
9.53,0.206,14,0,0,19.1,1,online_retail,3129,0,0
14.45,0.48,11,0,0,1.0,0,dining,458,0,0
19.49,1.212,5,1,0,27.5,0,grocery,1958,0,0
47.76,1.678,12,0,1,33.9,1,grocery,413,0,0
20.95,0.715,2,1,1,17.4,0,cash_advance,983,0,0
13.42,0.418,17,0,1,98.7,0,grocery,518,1,0
19.85,0.385,1,1,0,0.6,2,online_retail,1691,0,0
98.41,2.912,23,1,0,9.8,2,online_retail,3144,0,0
58.48,2.923,11,0,1,85.3,1,online_retail,2521,0,0
66.19,3.124,0,1,1,10.3,1,electronics,1729,0,0
44.08,0.946,21,0,0,0.6,2,dining,2981,0,0
73.46,3.937,4,1,1,94.0,0,travel,1281,0,0
10.25,0.21,10,0,0,5.9,5,grocery,940,0,0
18.47,0.63,4,1,1,9.1,0,gambling,1689,1,0
12.52,0.61,16,0,1,47.0,0,cash_advance,2787,0,0
27.74,1.063,5,1,1,54.7,0,grocery,762,0,0
17.48,0.647,14,0,0,15.5,0,travel,2675,1,0
20.95,1.081,5,1,1,50.6,1,dining,2816,0,0
48.87,1.619,8,0,0,16.8,0,gambling,1240,0,0
53.93,1.504,1,1,0,15.0,1,gas,2248,1,0
19.78,0.571,4,1,1,31.5,0,travel,1231,0,0
13.16,0.279,11,0,0,13.3,1,travel,1071,0,0
28.06,1.616,10,0,0,10.5,0,online_retail,1080,0,0
59.37,1.391,18,0,1,18.8,1,gas,400,0,0
24.51,0.836,17,0,1,62.0,0,electronics,1756,1,0
47.69,1.234,16,0,1,40.3,2,gas,2305,1,0
20.73,1.074,19,0,1,32.5,0,travel,2328,0,0
38.76,1.117,14,0,1,87.8,0,gas,390,0,0
97.69,2.231,9,0,0,5.6,0,gas,815,0,0
47.39,1.234,3,1,1,41.2,0,online_retail,3459,1,0
15.95,0.739,18,0,0,8.0,1,gas,1597,0,0
51.77,1.638,21,0,0,28.5,1,dining,382,0,0
41.51,1.359,11,0,1,62.2,1,travel,2387,0,0
149.72,5.322,1,1,0,11.8,0,electronics,3078,0,0
17.41,0.9,9,0,1,18.6,2,grocery,149,0,0
109.91,3.033,0,1,1,29.0,0,gambling,1903,0,0
99.77,2.602,17,0,1,23.1,0,online_retail,2556,0,0
13.64,0.729,10,0,1,11.5,2,dining,3116,0,0
27.68,0.572,2,1,1,6.2,0,cash_advance,2567,1,0
18.44,0.559,1,1,1,56.5,1,grocery,701,0,0
38.34,1.043,10,0,1,101.8,1,dining,1205,0,0
37.02,1.18,12,0,1,54.7,0,gas,1678,0,0
83.6,2.568,15,0,1,60.8,2,dining,2933,0,0
147.21,5.737,9,0,0,7.3,0,gambling,1594,0,0
58.68,0.639,14,0,1,33.6,0,online_retail,3425,0,0
11.68,0.387,2,1,1,46.3,5,online_retail,3206,1,0
7.02,0.106,17,0,0,4.3,1,travel,3531,0,0
98.38,3.597,0,1,1,26.6,0,grocery,526,2,0
66.17,1.023,7,0,1,70.8,1,gas,1406,2,0
24.4,0.538,13,0,1,94.8,1,cash_advance,484,0,0
14.75,0.364,0,1,1,41.5,0,online_retail,2887,0,0
165.64,2.385,17,0,1,32.9,0,dining,236,1,0
127.39,3.382,4,1,1,48.8,1,gas,388,0,0
60.43,1.116,5,1,1,50.5,1,gas,3262,0,0
14.02,0.249,18,0,1,75.0,0,gas,170,0,0
23.03,0.873,8,0,0,0.9,1,electronics,1263,0,0
72.76,1.277,6,0,1,12.4,2,grocery,1406,1,0
243.38,6.528,15,0,0,5.2,0,dining,3048,1,0
143.09,2.793,23,1,1,38.2,7,travel,1555,0,0
160.93,3.163,14,0,1,88.9,0,electronics,1906,0,0
33.23,0.937,4,1,1,27.3,0,gas,353,1,0
112.38,3.17,23,1,1,11.4,1,gambling,3415,0,0
23.78,0.532,21,0,0,3.6,1,electronics,1450,0,0
9.94,0.341,15,0,0,3.1,1,cash_advance,1165,0,0
40.12,0.618,11,0,0,8.3,0,electronics,1999,0,0
301.22,10.459,7,0,0,10.1,0,gambling,3007,0,1
45.35,1.797,3,1,0,8.9,0,electronics,3112,0,0
132.53,3.171,14,0,1,123.7,3,cash_advance,3399,0,0
15.97,0.46,14,0,0,4.2,5,gambling,998,1,0
43.08,0.765,10,0,0,12.2,1,cash_advance,1808,0,0
20.08,0.495,15,0,1,39.2,0,cash_advance,2320,0,0
33.16,0.922,14,0,0,22.9,0,online_retail,1912,0,0
47.54,1.818,13,0,0,18.8,1,gas,1340,0,0
28.49,0.511,6,0,1,25.6,2,gambling,257,0,0
166.9,5.832,17,0,1,101.1,0,dining,2134,0,0
487.33,10.455,20,0,1,121.3,0,electronics,2605,0,1
5.99,0.222,19,0,1,44.1,1,grocery,2907,0,0
13.01,0.473,10,0,0,14.4,1,grocery,672,0,0
325.81,7.21,3,1,1,42.8,0,dining,1502,0,1
26.94,1.232,21,0,0,31.9,1,gas,2858,0,0
45.92,1.933,14,0,0,3.2,5,online_retail,3348,0,0
24.91,1.011,14,0,1,27.2,0,electronics,998,0,0
107.31,1.757,2,1,0,9.8,1,travel,1483,0,0
15.9,0.563,9,0,0,11.8,4,online_retail,2974,0,0
51.43,1.411,19,0,1,36.3,1,dining,3554,0,0
23.23,0.757,13,0,0,3.8,0,grocery,841,0,0
48.34,1.044,22,0,1,45.2,0,cash_advance,821,0,0
231.08,6.886,17,0,1,77.9,1,dining,1706,0,0
4.02,0.146,1,1,1,94.5,1,grocery,2369,1,0
39.59,0.718,23,1,0,36.2,0,online_retail,823,0,0
90.81,5.467,4,1,0,6.6,0,grocery,1369,0,0
5.64,0.181,18,0,1,25.7,0,grocery,3226,0,0
188.74,5.192,17,0,1,11.0,0,online_retail,145,0,0
25.37,0.864,15,0,1,14.4,1,grocery,2957,0,0
10.68,0.13,8,0,1,15.5,0,gas,2452,0,0
20.79,0.226,16,0,0,8.0,0,gas,1638,0,0
9.65,0.286,21,0,1,10.1,0,electronics,2285,0,0
134.82,6.038,13,0,1,36.3,1,dining,1605,0,0
400.69,13.168,20,0,1,27.6,1,grocery,2935,0,1
130.38,5.317,7,0,1,62.4,0,grocery,696,0,0
30.31,1.36,7,0,0,3.8,0,online_retail,755,1,0
169.22,7.915,7,0,1,47.9,0,grocery,3358,0,1
4.28,0.121,4,1,0,19.9,1,travel,2741,0,0
53.24,2.088,1,1,1,5.4,1,dining,670,0,0
22.11,0.951,1,1,0,33.2,0,travel,1481,0,0
96.92,2.572,12,0,1,63.6,0,gas,1252,0,0
85.12,3.491,4,1,1,30.1,0,online_retail,1289,0,0
10.69,0.301,19,0,1,44.3,1,dining,890,0,0
29.66,1.275,14,0,1,6.1,1,electronics,1115,0,0
27.62,1.768,3,1,0,3.8,0,grocery,1225,0,0
21.74,0.522,1,1,1,68.1,3,electronics,1750,0,0
64.12,4.269,11,0,1,20.3,2,dining,2339,0,0
60.41,1.853,7,0,0,14.8,0,grocery,1924,1,0
8.29,0.366,13,0,0,18.9,3,grocery,1264,0,0
9.36,0.363,7,0,1,50.6,2,online_retail,2503,0,0
27.96,0.778,4,1,0,0.6,1,online_retail,526,0,0
8.49,0.537,9,0,1,34.7,2,grocery,963,0,0
125.02,4.382,7,0,1,39.0,2,grocery,797,0,0
15.72,0.586,20,0,1,98.3,1,cash_advance,2772,0,0
19.0,0.783,13,0,1,49.6,0,online_retail,3268,0,0
38.06,2.421,4,1,0,13.1,0,gambling,2074,0,0
20.35,0.848,12,0,1,40.9,1,cash_advance,1179,1,0
80.73,2.561,0,1,0,8.0,0,dining,1451,0,0
40.69,2.11,12,0,0,6.9,1,dining,1221,1,0
57.11,2.072,22,0,0,9.7,1,electronics,1168,0,0
32.56,1.728,20,0,1,26.5,1,online_retail,859,0,0
19.17,0.38,6,0,1,67.4,1,dining,409,0,0
23.83,0.429,8,0,0,8.7,0,gas,2815,0,0
45.72,2.092,15,0,0,8.6,0,cash_advance,3499,0,0
16.88,0.823,0,1,0,19.9,1,gas,3004,1,0
154.88,1.882,22,0,0,16.9,1,grocery,1590,0,0
30.85,0.811,2,1,1,12.8,2,electronics,2992,0,0
106.44,2.664,22,0,0,14.5,10,online_retail,1045,0,1
47.19,1.935,19,0,0,18.4,0,gambling,1315,1,0
5.77,0.083,7,0,1,39.8,0,cash_advance,1861,0,0
16.34,0.75,7,0,1,72.3,5,travel,3234,0,0
117.1,3.787,11,0,1,61.2,0,online_retail,3396,0,0
23.19,0.869,23,1,1,34.0,0,travel,2034,0,0
42.34,1.926,15,0,0,0.9,1,dining,3458,0,0
24.11,0.55,13,0,0,15.5,0,gas,1475,0,0
46.95,0.718,9,0,0,27.5,1,dining,1358,0,0
95.08,3.158,8,0,1,61.2,0,dining,123,0,0
84.13,3.136,18,0,0,7.7,1,travel,3032,0,0
19.2,1.472,5,1,0,14.0,3,gambling,3067,0,0
141.49,7.226,5,1,1,86.3,0,grocery,121,0,0
8.81,0.65,8,0,0,2.6,1,grocery,2749,0,0
61.59,3.236,8,0,1,23.0,0,grocery,1869,0,0
13.16,0.748,18,0,0,10.7,0,dining,73,1,0
44.05,0.833,13,0,1,98.1,1,cash_advance,2684,1,0
11.42,0.562,10,0,1,36.7,1,dining,3549,0,0
11.46,0.547,4,1,0,0.5,0,gas,3365,0,0
51.82,1.019,8,0,1,102.6,2,gas,189,0,0
57.21,1.892,7,0,1,7.5,1,grocery,1408,0,0
3.34,0.101,11,0,0,1.5,0,grocery,1294,0,0
12.11,0.458,19,0,1,37.4,0,grocery,2005,0,0
57.88,1.016,19,0,1,153.3,0,cash_advance,67,1,0
48.96,0.985,1,1,1,21.2,0,cash_advance,2614,0,0
42.49,1.442,12,0,0,9.1,0,grocery,2844,0,0
34.54,1.496,19,0,1,43.3,0,electronics,332,1,0
47.11,1.645,13,0,0,14.9,1,dining,908,0,0
6.52,0.176,15,0,0,20.4,0,cash_advance,1722,0,0
3.24,0.094,8,0,1,74.9,0,online_retail,105,0,0
25.56,0.831,3,1,1,74.7,1,cash_advance,2924,0,0
83.85,2.368,13,0,1,19.5,0,cash_advance,1029,0,0
14.96,0.391,1,1,1,58.8,1,grocery,653,0,0
28.91,0.552,10,0,0,1.4,0,electronics,1524,0,0
236.77,11.561,11,0,1,74.8,2,gas,2562,0,1
20.2,0.598,14,0,1,104.0,0,cash_advance,2058,0,0
24.32,0.676,20,0,1,20.7,0,online_retail,3434,0,0
14.91,0.751,4,1,0,21.8,0,electronics,2793,0,0
79.89,3.438,18,0,0,20.4,0,online_retail,1835,0,0
23.5,0.492,21,0,1,135.6,1,online_retail,1324,0,0
66.59,2.783,0,1,0,15.4,1,travel,2928,1,0
63.74,1.294,21,0,0,8.6,0,travel,2955,0,0
26.48,0.875,16,0,0,2.4,1,online_retail,3176,0,0
48.62,2.088,5,1,1,72.3,0,gambling,2085,1,0
328.65,8.233,22,0,1,11.7,0,grocery,1642,0,1
163.59,4.102,23,1,0,3.4,0,dining,3264,0,0
63.37,1.287,6,0,0,2.0,1,gambling,569,0,0
104.09,2.151,5,1,1,67.7,6,electronics,3005,0,0
30.77,2.423,6,0,0,2.1,1,gas,3281,0,0
32.97,1.53,18,0,1,73.7,4,cash_advance,3218,1,0
423.89,20.923,21,0,1,52.5,1,grocery,2249,0,1
110.12,1.651,8,0,1,60.6,0,gambling,2069,0,0
235.67,4.195,0,1,0,18.7,0,cash_advance,2712,0,0
30.19,1.057,9,0,0,9.2,2,grocery,1511,0,0
13.09,0.346,13,0,0,10.3,0,grocery,185,0,0
9.18,0.532,0,1,0,15.1,0,grocery,3073,0,0
33.8,1.093,7,0,1,9.5,1,online_retail,2810,1,0
18.28,0.692,17,0,0,4.7,0,gas,2788,0,0
85.94,2.611,19,0,1,30.1,2,gas,1868,1,0
6.44,0.118,0,1,0,8.6,0,cash_advance,60,0,0
41.06,1.486,0,1,1,45.5,1,online_retail,1409,0,0
19.82,1.053,23,1,1,81.0,1,electronics,3584,0,0
20.01,0.483,7,0,1,46.1,0,grocery,3006,0,0
37.53,0.908,21,0,0,12.4,1,gas,1487,0,0
365.51,5.996,10,0,0,24.5,0,gas,2572,0,0
15.06,0.32,2,1,1,41.6,0,online_retail,1648,0,0
16.34,0.585,5,1,0,15.9,0,gas,3272,0,0
7.48,0.329,7,0,1,72.4,1,electronics,2368,0,0
63.83,2.117,16,0,0,2.7,0,cash_advance,2112,0,0
24.3,0.869,7,0,1,24.9,0,dining,3461,0,0
83.66,1.785,13,0,0,3.0,2,online_retail,2032,0,0
9.94,0.57,16,0,1,90.6,0,cash_advance,2854,0,0
24.51,0.796,9,0,1,49.8,1,gambling,957,0,0
62.8,2.208,11,0,0,7.2,1,dining,1115,1,0
5.74,0.197,7,0,0,3.4,0,online_retail,2120,0,0
18.0,1.018,11,0,0,13.6,0,gas,1404,0,0
14.94,0.505,18,0,0,8.1,1,gas,2996,0,0
9.44,0.254,19,0,1,111.7,1,grocery,2772,0,0
20.99,1.28,19,0,0,9.5,0,online_retail,2919,0,0
29.19,0.969,7,0,1,77.9,1,dining,2981,0,0
21.89,0.555,22,0,0,2.8,0,online_retail,3385,0,0
74.01,2.702,10,0,0,3.3,1,cash_advance,1267,0,0
38.69,2.81,22,0,0,3.3,1,cash_advance,3145,1,0
70.95,2.898,14,0,1,68.3,1,dining,2593,1,0
382.92,15.44,23,1,0,8.1,1,gambling,1873,0,1
9.0,0.348,21,0,0,23.8,0,online_retail,2128,0,0
23.39,0.866,7,0,1,44.6,0,electronics,752,0,0
49.14,1.409,9,0,1,72.7,1,grocery,1381,0,0
44.08,1.273,23,1,1,48.4,0,travel,1150,0,0
16.08,0.263,13,0,0,34.0,3,dining,3184,0,0
31.9,0.833,9,0,1,45.7,1,gas,1182,1,1
27.49,0.554,6,0,1,55.7,1,online_retail,2734,1,0
12.75,0.148,9,0,0,16.6,0,gambling,837,0,0
14.32,0.343,14,0,1,97.8,0,electronics,1115,0,0
117.89,2.629,18,0,0,20.5,0,online_retail,3143,0,0
328.48,4.366,14,0,0,35.6,0,online_retail,2583,0,0
6.98,0.149,23,1,1,45.8,1,grocery,2605,1,0
50.87,1.925,23,1,1,74.5,0,cash_advance,1225,0,0
150.57,6.016,20,0,1,42.6,1,dining,474,0,0
60.69,2.781,18,0,0,8.9,0,online_retail,3524,0,0
61.24,2.05,8,0,0,9.5,2,gas,1504,0,0
